card,cardType,level,DE,EN,UK,RU
1-1,introduction,,"Wir befinden uns seit 24 Stunden mit einer Expeditionsgruppe auf der entlegenen und seit Jahrzehnten verlassenen Pazifikinsel Hangmans Island. Mit dabei sind diverse Fachleute und Forschende sowie ein paar Abenteuerlustige mit dem nötigen Kleingeld für ihr ausgefallenes Hobby - dem ""Lost Places Tourismus"". Jede Person verfolgt ihre eigene Agenda. Einziger gemeinsamer Nenner: Die vielen ""Lost Places"" von Hangmans Island lassen sämtliche Entdeckerherzen höherschlagen.","We have been on the remote and decades-abandoned Pacific island of Hangmans Island for 24 hours with an expedition group. With us are various experts and researchers, as well as a few adventurers with the necessary cash for their unusual hobby - 'Lost Places Tourism'. Everyone pursues their own agenda. The only common denominator: the many 'Lost Places' of Hangmans Island make all explorers' hearts beat faster.","Ми перебуваємо вже 24 години з експедиційною групою на віддаленому й десятиліттями закинутому тихоокеанському острові Hangmans Island. Разом із нами тут різні фахівці та дослідники, а також кілька шукачів пригод із необхідними коштами для свого незвичайного хобі — «туризму закинутими місцями». Кожен має свої цілі. Єдиний спільний знаменник: численні «закинуті місця» Hangmans Island змушують серця дослідників битися частіше.","Мы находимся уже 24 часа с экспедиционной группой на отдаленном и десятилетиями заброшенном тихоокеанском острове Hangmans Island. Вместе с нами здесь различные специалисты и исследователи, а также несколько искателей приключений с необходимыми средствами для своего необычного хобби — «туризма по заброшенным местам». Каждый преследует свои цели. Единственный общий знаменатель: многочисленные «заброшенные места» Hangmans Island заставляют сердца исследователей биться чаще."
1-2,question,1,"Ein neuer Tag beginnt. Es ist angenehm warm. Eine sanfte Brise weht ...
Frage: Aus welcher Richtung kommt der Wind?","A new day begins. It is pleasantly warm. A gentle breeze blows ...
Question: Which direction is the wind coming from?","Починається новий день. Приємно тепло. Віє легкий вітерець...
Запитання: З якого напрямку дме вітер?","Начинается новый день. Приятно тепло. Веет легкий ветерок...
Вопрос: С какого направления дует ветер?"
1-3,answer,,Die Fahne auf dem Kirchturm und der Rauch des Lagerfeuers zeigen es an: Der Wind kommt aus Westen.,The flag on the church tower and the smoke from the campfire indicate it: The wind comes from the west.,Прапор на дзвіниці церкви та дим від багаття вказують на це: вітер дме із заходу.,Флаг на церковной колокольне и дым от костра указывают на это: ветер дует с запада.
1-4,question,2,"Wir schauen uns um. Der Rest der Truppe scheint bereits fleißig unterwegs zu sein.
Frage: Wie spät ist es?","We look around. The rest of the group seems to be already busy on their way.
Question: What time is it?","Ми озираємося навколо. Схоже, решта групи вже активно розійшлася у справах.
Запитання: Котра година?","Мы оглядываемся вокруг. Похоже, остальная группа уже активно разошлась по делам.
Вопрос: Который час?"
1-5,answer,,"Die beiden Uhren am Kirchturm zeigen unterschiedliche Zeiten an - sie sind also entweder stehen geblieben oder kaputt. Sei's drum, die alte Sonnenuhr ist Verlass: Es ist 9 Uhr morgens.","The two clocks on the church tower show different times - so they have either stopped or are broken. Be that as it may, the old sundial can be relied upon: It is 9 o'clock in the morning.","Обидва годинники на дзвіниці церкви показують різний час — отже, вони або зупинилися, або зламалися. Менше з тим, на старий сонячний годинник можна покластися: зараз 9 година ранку.","Оба часа на церковной колокольне показывают разное время — значит, они либо остановились, либо сломались. Как бы то ни было, на старые солнечные часы можно положиться: сейчас 9 часов утра."
1-6,question,1,"Ron, unser Archäologe, hatte sich gestern schon eingehend mit der Sonnenuhr befasst. Er steht gerade ganz in der Nähe und notiert etwas auf seinem Block.
Frage: Trägt Ron heute ein rotes, blaues, braunes oder gelbes Hemd?","Ron, our archaeologist, had already studied the sundial in detail yesterday. He is standing nearby, writing something on his notepad.
Question: Is Ron wearing a red, blue, brown, or yellow shirt today?","Рон, наш археолог, ще вчора детально вивчав сонячний годинник. Зараз він стоїть зовсім поруч і щось занотовує у свій блокнот.
Запитання: Чи одягнений Рон сьогодні в червону, синю, коричневу або жовту сорочку?","Рон, наш археолог, еще вчера подробно изучал солнечные часы. Сейчас он стоит совсем рядом и что-то записывает в свой блокнот.
Вопрос: Одет ли Рон сегодня в красную, синюю, коричневую или желтую рубашку?"
1-7,answer,,"Rons Hemd ist braun. Er erstrahlt damit im archetypischen Indiana-Jones-Archäologen-Outfit. Als Kopfbedeckung trägt er einen feschen Cowboy-Forscher-Hut. Immer an seiner Seite: Sein über alles geliebter Hund Pacco. Hunde auf einer Expedition? Na ja, soll uns recht sein.","Ron's shirt is brown. He shines in the archetypal Indiana Jones archaeologist outfit. As headwear, he wears a stylish cowboy explorer hat. Always by his side: His beloved dog Pacco. Dogs on an expedition? Well, that's fine with us.","Сорочка Рона коричнева. Завдяки цьому він виглядає в архетиповому вбранні археолога в стилі Індіани Джонса. Як головний убір він носить стильний ковбойський капелюх дослідника. Завжди поруч із ним: його палко любимий пес Пакко. Собаки в експедиції? Що ж, нехай буде так.","Рубашка Рона коричневая. Благодаря этому он выглядит в архетипичном наряде археолога в стиле Индианы Джонса. В качестве головного убора он носит стильную ковбойскую шляпу исследователя. Всегда рядом с ним: его горячо любимый пес Пакко. Собаки в экспедиции? Что ж, пусть будет так."
1-8,question,3,"Ron lächelt uns an: ""Servusle! Ich erstelle gerade eine Übersicht aller Gebäude. Habt ihr schon den Überblick? Dann lasst uns mal abgleichen ...""
Frage: Wie viele Gebäude sehen wir auf der Insel?","Ron smiles at us: 'Servusle! I am currently creating an overview of all buildings. Do you already have the overview? Then let's compare ...'
Question: How many buildings do we see on the island?","Рон посміхається нам: «Привіт! Я саме складаю огляд усіх будівель. Уже зорієнтувалися? Тоді давайте звіримося...»
Запитання: Скільки будівель ми бачимо на острові?","Рон улыбается нам: «Привет! Я как раз составляю обзор всех зданий. Уже сориентировались? Тогда давайте сверимся...»
Вопрос: Сколько зданий мы видим на острове?"
1-9,answer,,"Insgesamt können wir 13 Gebäude sehen. Zunächst die Kirche. Um sie herum stehen drei kompakte Häuschen mit Flachdach – ein blaues, ein weißes und ein orange-gelbes, vermutlich Matrosenhäuser. Im Nordosten stehen neben einem alten Leuchtturm noch ein Trafohaus und eine hölzerne Fischerhütte, im Nordwesten ein Toilettenhaus und eine Art Sternwarte, im Südwesten ein offen gehaltener, parkhausähnlicher Betonklotz und eine massive alte Festung. Ron scheint zufrieden. „Die Gebäude habe ich schon zeichnerisch erfasst. Hier, schaut mal ...“","In total we can see 13 buildings. First, the church. Around it are three compact houses with flat roofs – a blue one, a white one, and an orange-yellow one, probably sailors' houses. In the northeast, next to an old lighthouse, there is a transformer house and a wooden fisherman's hut, in the northwest a toilet house and a kind of observatory, in the southwest an open, parking-garage-like concrete block and a massive old fortress. Ron seems satisfied. 'I have already sketched the buildings. Here, look ...'","Загалом ми бачимо 13 будівель. По-перше, церква. Навколо неї стоять три компактні будиночки з пласким дахом — синій, білий та оранжево-жовтий, ймовірно, будинки матросів. На північному сході біля старого маяка стоять трансформаторна будка та дерев'яний рибальський будиночок, на північному заході — вбиральня та щось на кшталт обсерваторії, на південному заході — відкрита бетонна споруда, схожа на паркінг, і масивна стара фортеця. Рон виглядає задоволеним. «Я вже замалював ці будівлі. Ось, погляньте...»","Всего мы можем видеть 13 зданий. Во-первых, церковь. Вокруг нее стоят три компактных домика с плоской крышей — синий, белый и оранжево-желтый, вероятно, дома матросов. На северо-востоке возле старого маяка стоят трансформаторная будка и деревянный рыбацкий домик, на северо-западе — уборная и что-то вроде обсерватории, на юго-западе — открытая бетонная постройка, похожая на паркинг, и массивная старая крепость. Рон выглядит довольным. «Я уже зарисовал эти здания. Вот, посмотрите...»"
1-10,image,,[Bild: Rons Zeichnung der Gebäude und der Karte von Hangmans Island],[Image: Ron's drawing of the buildings and map of Hangmans Island],[Зображення: Малюнок Рона з будівлями та картою Hangmans Island],[Изображение: Рисунок Рона со зданиями и картой Hangmans Island]
1-11,question,2,"Wir amüsieren uns über Rons ""Zeichenkünste"". Leicht gekränkt erwidert er: ""Jaja, witzelt nur. Aber hier geht's nicht um irgendwelche Schönheitspreise, sondern um archäologisches Verständnis. Kleiner Test gefällig?""
Frage: Wie heißt laut Rons Zeichnung das Gebäude mit der roten Tür?","We make fun of Ron's 'drawing skills'. Slightly offended, he replies: 'Yeah, keep joking. But this isn't about beauty contests, it's about archaeological understanding. Want a little test?'
Question: According to Ron's drawing, what is the name of the building with the red door?","Ми кепкуємо з «художніх здібностей» Рона. Трохи ображено він відповідає: «Та ладно вам, жартуйте далі. Але тут ідеться не про конкурси краси, а про археологічне розуміння. Хочете маленький тест?»
Запитання: Як за малюнком Рона називається будівля з червоними дверима?","Мы подшучиваем над «художественными способностями» Рона. Немного обиженно он отвечает: «Да ладно вам, шутите дальше. Но здесь речь идет не о конкурсах красоты, а об археологическом понимании. Хотите маленький тест?»
Вопрос: Как по рисунку Рона называется здание с красной дверью?"
1-12,answer,,"Das Steuerrad auf dem Dach verrät es: Das Gebäude mit der roten Tür ist die kleine Hütte mit Vordach, von Ron wohlweislich als ""Kapitänshaus"" bezeichnet.","The steering wheel on the roof gives it away: The building with the red door is the small hut with a canopy, wisely labeled 'Kapitänshaus' (Captain's House) by Ron.","Штурвал на даху підказує нам: будівля з червоними дверима — це маленька хатина з навісом, яку Рон розсудливо назвав «капітанським будинком» («Kapitänshaus»).","Штурвал на крыше подсказывает нам: здание с красной дверью — это маленькая хижина с навесом, которую Рон благоразумно назвал «капитанским домом» («Kapitänshaus»)."
1-13,question,1,"Ron nickt anerkennend. ""Ihr seid ja doch aufgeweckter, als ich dachte. Eine schräge Mischung hier, oder? Die Gebäude stammen aus ganz unterschiedlichen Zeiten.""
Frage: Wann wurde die Kirche erbaut?","Ron nods appreciatively. 'You are sharper than I thought. A strange mix here, right? The buildings come from very different times.'
Question: When was the church built?","Рон схвально киває. «А ви кмітливіші, ніж я думав. Дивна тут суміш, правда? Будівлі належать до зовсім різних епох».
Запитання: Коли була побудована церква?","Рон одобрительно кивает. «А вы сообразительнее, чем я думал. Странная тут смесь, правда? Здания относятся к совершенно разным эпохам».
Вопрос: Когда была построена церковь?"
1-14,answer,,"Neben den Eingangsstufen der Kirche liegt ein großer Eckstein. Die Inschrift besagt, dass sie anno 1689 erbaut wurde.",Next to the entrance steps of the church lies a large cornerstone. The inscription states that it was built in the year 1689.,"Біля вхідних сходів церкви лежить великий наріжний камінь. Напис на ньому свідчить, що вона була побудована у 1689 році.","Возле входных ступеней церкви лежит большой краеугольный камень. Надпись на нем гласит, что она была построена в 1689 году."
1-15,question,1,"Ron kneift die Augen zusammen: ""Hä?! Schaut mal, dieses Teil da oben im Kirchturm. Das ist mir vorher noch gar nicht aufgefallen. Wie das wohl dahingekommen ist ...""
Frage: Was steckt in einer der Fensteröffnungen des Kirchturms – und woher stammt es?","Ron squints his eyes: 'Huh?! Look at that part up there in the church tower. I didn't notice that before. I wonder how it got there ...'
Question: What is stuck in one of the window openings of the church tower – and where does it come from?","Рон мружить очі: «Га?! Погляньте на ту деталь угорі на дзвіниці. Раніше я її взагалі не помічав. Цікаво, як вона туди потрапила...»
Запитання: Що застрягло в одному з віконних отворів церковної дзвіниці та звідки воно взялося?","Рон щурит глаза: «А?! Посмотрите на ту деталь вверху на колокольне. Раньше я ее вообще не замечал. Интересно, как она туда попала...»
Вопрос: Что застряло в одном из оконных проемов церковной колокольни и откуда оно взялось?"
1-16,answer,,In einer der Fensteröffnungen des Kirchturms steckt ein Propeller. Anhand der gelben Streifen lässt er sich dem Flugzeugwrack im Nordwesten der Insel zuordnen.,"A propeller is stuck in one of the window openings of the church tower. Based on the yellow stripes, it can be matched to the plane wreck in the northwest of the island.",В одному з віконних отворів дзвіниці застряг пропелер. За жовтими смугами його можна ідентифікувати як частину уламків літака на північному заході острова.,В одном из оконных проемов колокольни застрял пропеллер. По желтым полосам его можно идентифицировать как часть обломков самолета на северо-западе острова.
1-17,question,2,"Neugierig geworden, laufen wir hinüber zum Flugzeugwrack. Es sieht ziemlich zerstört aus. Notlandung, Bruchlandung, Absturz? Anscheinend ist der Propeller im Kirchturm nicht das einzige auf der Insel verstreute Wrackteil des Flugzeugs. Vier weitere sind erkennbar.
Frage: Wo befinden sich diese vier Wrackteile?","Becoming curious, we run over to the plane wreck. It looks quite destroyed. Emergency landing, crash landing, crash? Apparently, the propeller in the church tower is not the only plane wreck part scattered across the island. Four more are visible.
Question: Where are these four wreck parts located?","Цікавість перемагає, і ми біжимо до уламків літака. Він виглядає вщент зруйнованим. Вимушена посадка, аварія чи катастрофа? Схоже, пропелер на церковній дзвіниці — не єдиний уламок літака, розкиданий по острову. Видно ще чотири частини.
Запитання: Де саме розташовані ці чотири уламки?","Любопытство побеждает, и мы бежим к обломкам самолета. Он выглядит полностью разрушенным. Вынужденная посадка, авария или крушение? Похоже, пропеллер на церковной колокольне — не единственный обломок самолета, разбросанный по острову. Видны еще четыре части.
Вопрос: Где именно находятся эти четыре обломка?"
1-18,answer,,"Ein Wrackteil liegt auf dem Dach des weißen Matrosenhauses, eines neben dem Friedhof, ein Flügelteil steckt im Leuchtturm und ein weiterer Propeller liegt auf dem Dach der grünen Finca.","One wreck part lies on the roof of the white sailor's house, one next to the cemetery, a wing part is stuck in the lighthouse, and another propeller lies on the roof of the green finca.","Один уламок лежить на даху білого будинку матросів, один — біля кладовища, частина крила застрягла в маяку, а ще один пропелер лежить на даху зеленої фінки (вілли).","Один обломок лежит на крыше белого дома матросов, один — возле кладбища, часть крыла застряла в маяке, а еще один пропеллер лежит на крыше зеленой финки (виллы)."
1-19,question,1,"Die Insassen des Flugzeugwracks hatten vermutlich weniger Glück als wir: Trotz Turbulenzen ist unsere Gruppe unbeschadet gelandet. Unter einer Palme sitzt Reisebloggerin Thea mit ihrem Laptop auf dem Schoß und stammelt vor sich hin: ""Warum das alles?! Wie sind wir bloß hierhergekommen?"" Die Ärmste – sie ist schon seit gestern Abend völlig verwirrt und niedergeschlagen. Tröstend beantworten wir ihre Frage.
Frage: Wie sind wir auf die Insel gekommen?","The occupants of the plane wreck probably had less luck than us: despite turbulence, our group landed unscathed. Under a palm tree sits travel blogger Thea with her laptop on her lap, stammering to herself: 'Why all of this?! How on earth did we get here?' Poor thing – she has been completely confused and dejected since yesterday evening. Comfortingly, we answer her question.
Question: How did we get to the island?","Пасажирам літака, ймовірно, пощастило менше, ніж нам: попри турбулентність, наша група приземлилася неушкодженою. Під пальмою сидить тревел-блогерка Теа з ноутбуком на колінах і бурмоче: «Чому це все?! Як ми взагалі сюди потрапили?» Бідолаха — вона ще вічора ввечері повністю розгублена та пригнічена. Заспокоюючи її, ми відповідаємо на її запитання.
Запитання: Як ми потрапили на острів?","Пассажирам самолета, вероятно, повезло меньше, чем нам: несмотря на турбулентность, наша группа приземлилась невредимой. Под пальмой сидит тревел-блогер Теа с ноутбуком на коленях и бормочет: «Почему это всё?! Как мы вообще сюда попали?» Бедняжка — она еще со вчерашнего вечера полностью растеряна и подавлена. Успокаивая ее, мы отвечаем на ее вопрос.
Вопрос: Как мы попали на остров?"
1-20,answer,,"Wie bereits erwähnt, sind wir unbeschadet gelandet – mit dem gelben Wasserflugzeug im Osten der Insel. Um alle Personen samt Ausrüstung herzubringen, waren zwei Flüge notwendig.","As already mentioned, we landed unscathed – with the yellow seaplane in the east of the island. To bring all people and equipment here, two flights were necessary.","Як уже зазначалося, ми приземлилися неушкодженими — на жовтому гідролітаку на сході острова. Щоб доставити всіх людей разом із обладнанням, знадобилося два авіарейси.","Как уже упоминалось, мы приземлились невредимыми — на желтом гидросамолете на востоке острова. Чтобы доставить всех людей вместе со снаряжением, потребовалось два авиарейса."
1-21,question,3,"Mika, unsere exzentrische Pilotin im grünen Rennfahrer-Outfit, schleppt gerade mal wieder sinnlos Kartons durch die Gegend. Genauer gesagt: Sie lässt schleppen. Denn Rodrick, weltgrößter Abenteurer, ist ihr hörig und packt kräftig mit an. Mika ruft uns zu: „Ey Leute, irgendwie hab ich das Gefühl, dass einer unserer Kartons weg ist.“
Frage: Wie viele nummerierte Kartons mit Flugzeug-Symbol sehen wir auf der Insel – und welcher fehlt?","Mika, our eccentric pilot in the green racing outfit, is once again dragging boxes around pointlessly. More precisely: she has them dragged. Rodrick, the world's greatest adventurer, is devoted to her and helps out a lot. Mika calls out to us: 'Hey guys, somehow I have a feeling that one of our boxes is gone.'
Question: How many numbered boxes with the plane symbol do we see on the island – and which one is missing?","Міка, наша ексцентрична пілотка в зеленому комбінезоні гонщиці, знову безглуздо тягає коробки туди-сюди. Точніше кажучи: змушує тягати. Адже Родрік, «найвеличніший шукач пригод у світі», слухається її у всьому й активно допомагає. Міка кричить нам: «Гей, народ, у мене якесь таке відчуття, що одна з наших коробок зникла».
Запитання: Скільки пронумерованих коробок із символом літака ми бачимо на острові та якої саме не вистачає?","Мика, наш эксцентричный пилот в зеленом комбинезоне гонщицы, снова бессмысленно таскает коробки туда-сюда. Точнее говоря: заставляет таскать. Ведь Родрик, «величайший искатель приключений в мире», слушается ее во всем и активно помогает. Мика кричит нам: «Эй, народ, у меня какое-то такое ощущение, что одна из наших коробок пропала».
Вопрос: Сколько пронумерованных коробок с символом самолета мы видим на острове и какой именно не хватает?"
1-22,answer,,"Die Kartons mit Flugzeug-Symbol haben rote Zahlen. Wir können insgesamt sieben Stück ausfindig machen: Karton 1 steht vor dem blauen SUV, Karton 2 steht zwischen Kirche und Buswrack, Karton 3 zwischen Kirche und Lagune und Karton 5 auf dem Dach des Toilettenhauses. Karton 6 hält Abenteurer Rodrick in den Händen, Karton 7 steht unter der Hängebrücke und Karton 8 auf dem Friedhof. Der Karton mit der Nummer 4 fehlt. Mika ist verärgert: „Gibt's doch nicht! Momentchen mal, ich hab hier eine Gepäckliste. Damit sollten wir schnell herausfinden, wem der fehlende Karton gehört.“","The boxes with the plane symbol have red numbers. We can find a total of seven items: Box 1 stands in front of the blue SUV, Box 2 stands between the church and the bus wreck, Box 3 between the church and the lagoon, and Box 5 on the roof of the toilet building. Box 6 is held by adventurer Rodrick, Box 7 is under the suspension bridge, and Box 8 is on the cemetery. Box number 4 is missing. Mika is annoyed: 'Unbelievable! Wait a minute, I have a luggage list here. With it, we should quickly find out who the missing box belongs to.'","Коробки з символом літака мають червоні номери. Загалом ми можемо знайти сім штук: коробка 1 стоїть перед синім позашляховиком, коробка 2 — між церквою та уламками автобуса, коробка 3 — між церквою та лагуною, коробка 5 — на даху вбиральні. Коробку 6 тримає в руках шукач пригод Родрік, коробка 7 стоїть під підвісним мостом, а коробка 8 — на кладовищі. Коробки з номером 4 немає. Міка роздратована: «Та ладно! Зачекайте хвилинку, у мене є список багажу. З його допомогою ми швидко дізнаємося, кому належить відсутня коробка».","Коробки с символом самолета имеют красные номера. Всего мы можем найти семь штук: коробка 1 стоит перед синим внедорожником, коробка 2 — между церковью и обломками автобуса, коробка 3 — между церковью и лагуной, коробка 5 — на крыше уборной. Коробку 6 держит в руках искатель приключений Родрик, коробка 7 стоит под подвесным мостом, а коробка 8 — на кладбище. Коробки с номером 4 нет. Мика раздражена: «Да ладно! Секундочку, у меня есть список багажа. С его помощью мы быстро узнаем, кому принадлежит недостающая коробка»."
1-23,image,,[Bild: GEPÄCKLISTE mit Karton-Nr. 1 bis 10 und Besitzern],[Image: LUGGAGE LIST showing Box Nos. 1 to 10 and their owners],[Зображення: СПИСОК БАГАЖУ з номерами коробок від 1 до 10 та їхніми власниками],[Изображение: СПИСОК БАГАЖА с номерами коробок от 1 до 10 и их владельцами]
1-24,question,2,"Mika wendet sich ab, wir schauen uns die Gepäckliste an.
Frage: Wem gehört Karton Nummer 4 – und wo ist die entsprechende Person gerade?","Mika turns away, and we look at the luggage list ...
Question: Who does Box Number 4 belong to – and where is that person right now?","Міка відвертається, а ми розглядаємо список багажу...
Запитання: Кому належить коробка номер 4 та де саме зараз перебуває ця людина?","Мика отворачивается, а мы рассматриваем список багажа...
Вопрос: Кому принадлежит коробка номер 4 и где именно сейчас находится этот человек?"
1-25,answer,,"Laut Gepäckliste gehört Karton Nummer 4 zu Stella, der Fotografin. Drei Personen auf der Insel haben eine Kamera bei sich, zwei davon allerdings auch einen recht üppigen Bartwuchs. Ergo: Stella ist die Frau mit dem orangen Hut, die neben dem weißen Matrosenhaus steht. Sie ist gerade im Gespräch mit Joe, ihrem Assistenten. Wir weisen sie auf den fehlenden Karton hin. Sie reagiert genervt: „Wie bitte was? Wie kann das sein?! Ich will sofort mit Kerry-Ann sprechen, sagt ihr das! Und bei der Gelegenheit drückt ihr bitte diese beiden Fotos in die Hand – die sollte ich unbedingt für sie machen.“","According to the luggage list, Box Number 4 belongs to Stella, the photographer. Three people on the island have a camera with them, but two of them also have quite a lush beard growth. Ergo: Stella is the woman with the orange hat standing next to the white sailor's house. She is currently in a conversation with Joe, her assistant. We point out the missing box to her. She reacts annoyed: 'Say what? How can that be?! I want to speak to Kerry-Ann immediately, tell her that! And while you're at it, please give her these two photos – I was supposed to take them for her.'","Згідно зі списком багажу, коробка номер 4 належить Стеллі, фотографці. Три людини на острові мають при собі фотокамеру, проте двоє з них мають досить густу бороду. Отже: Стелла — це жінка в помаранчевому капелюсі, яка стоїть біля білого будинку матросів. Зараз вона розмовляє зі своїм асистентом Джо. Ми повідомляємо їй про відсутню коробку. Вона роздратовано реагує: «Що-що? Як таке можливо?! Я хочу негайно поговорити з Керрі-Енн, так їй і перекажіть! І при нагоді передайте їй у руки ці два знімки — вона дуже просила мене їх зробити».","Согласно списку багажа, коробка номер 4 принадлежит Стелле, фотографу. Три человека на острове имеют при себе фотокамеру, однако двое из них имеют довольно густую бороду. Следовательно: Стелла — это женщина в оранжевой шляпе, которая стоит возле белого дома матросов. Сейчас она разговаривает со своим ассистентом Джо. Мы сообщаем ей о недостающей коробке. Она раздраженно реагирует: «Что-что? Как такое возможно?! Я хочу немедленно поговорить с Керри-Энн, так ей и передайте! И при случае передайте ей в руки эти два снимка — она очень просила меня их сделать»."
1-26,image,,[Bild: Erstes Foto von Stella - ein umgestürzter Behälter],[Image: First photo by Stella - an overturned container],[Зображення: Перше фото Стелли - перекинутий контейнер],[Изображение: Первое фото Стеллы - опрокинутый контейнер]
1-27,image,,[Bild: Zweites Foto von Stella - Notfallschrank],[Image: Second photo by Stella - emergency cabinet],[Зображення: Друге фото Стелли - пожежна шафа],[Изображение: Второе фото Стеллы - пожарный шкаф]
1-28,question,2,"Wir schauen uns die beiden Fotos genauer an und fragen uns, warum Kerry-Ann – unsere Expeditionsleiterin – die Bilder so dringend haben wollte. Die Fotos zeigen das Innere eines Gebäudes.
Frage: Wie heißt das Gebäude, in dem die Fotos gemacht wurden?","We look closely at the two photos and wonder why Kerry-Ann – our expedition leader – wanted the images so urgently. The photos show the interior of a building.
Question: What is the name of the building where the photos were taken?","Ми детально розглядаємо ці два знімки й цікавимося, чому Керрі-Енн — наша керівниця експедиції — так терміново хотіла їх отримати. На фотографіях зафіксовано інтер'єр однієї з будівель.
Запитання: Як називається будівля, в якій було зроблено ці фотографії?","Мы подробно рассматриваем эти два снимка и задаемся вопросом, почему Керри-Энн — наш руководитель экспедиции — так срочно хотела их получить. На фотографиях запечатлен интерьер одного из зданий.
Вопрос: Как называется здание, в котором были сделаны эти фотографии?"
1-29,answer,,"Durch den Abgleich der Gebäude auf der Insel und durch die künstlerische Zeichnung von Ron, unserem Archäologen, lässt sich das Gebäude auf den beiden Fotos eindeutig identifizieren: Es handelt sich um das Labor.","By matching the buildings on the island and through the artistic drawing of Ron, our archaeologist, the building in the two photos can be clearly identified: It is the laboratory (Labor).","Завдяки зіставленню будівель на острові та художньому малюнку Рона, нашого археолога, будівлю на обох фотографіях можна чітко ідентифікувати: це лабораторія («Labor»).","Благодаря сопоставлению зданий на острове и художественному рисунку Рона, нашего археолога, здание на обеих фотографиях можно четко идентифицировать: это лаборатория («Labor»)."
1-30,question,2,"Wir schlendern hinüber zum Labor. Im Inneren treffen wir auf Carmen, von der wir bis dato eigentlich noch gar nicht wissen, warum sie Teil unserer Expeditionsgruppe ist. Carmen zuckt zusammen: „Boah, Leute, habt ihr mich erschreckt! Schaut euch mal diese Blume hier an – die ist rieeeesig!“
Frage: Wer von uns sieht die meisten Blumen dieser Art auf dem eigenen Faltplan?","We stroll over to the laboratory. Inside we meet Carmen, of whom we still don't really know why she is part of our expedition group. Carmen startles: 'Wow, guys, you scared me! Look at this flower here – it's huge!'
Question: Which of us sees the most flowers of this kind on their own folding map?","Ми вирушаємо до лабораторії. Всередині зустрічаємо Кармен, про яку ми досі взагалі не знаємо, чому вона входить до нашої експедиційної групи. Кармен здригається: «Ой, народ, як ви мене налякали! Погляньте на цю квітку — вона ж велечезнюща!»
Запитання: Хто з нас бачить найбільше квіток такого виду на власному розкладному плані?","Мы отправляемся к лаборатории. Внутри встречаем Кармен, о которой мы до сих пор вообще не знаем, почему она входит в нашу экспедиционную группу. Кармен вздрагивает: «Ой, народ, как вы меня напугали! Посмотрите на этот цветок — он же огромный!»
Вопрос: Кто из нас видит больше всего цветов такого вида на своем раскладном плане?"
1-31,answer,,"Person Norden sieht die meisten der besagten Riesenblumen, nämlich 6 Stück. Person Süden sieht 5 Stück, Osten und Westen jeweils 3 Stück. Im Rundgang: Eine Blume steht beim Leuchtturm (sichtbar aus S und W), eine bei der hölzernen Fischerhütte (O), eine beim Buswrack (O), eine südlich davon (O), zwei neben dem Kapitänshaus (W und N), eine beim Lagerfeuer (S und N), eine beim großen Lagunenfelsen (S), eine hinter dem großen, roten Baum im Westen (S und N), eine beim Flugzeugwrack (N), eine neben dem blauen Zelt (N) und eine im Felsbogen unterhalb davon (S).","Person North (Norden) sees the most of the said giant flowers, namely 6 of them. Person South (Süden) sees 5, East (Osten) and West (Westen) each see 3. Breakdown: one flower stands near the lighthouse (visible from S and W), one near the wooden fisherman's hut (O), one near the bus wreck (O), one south of it (O), two next to the Captain's House (W and N), one near the campfire (S and N), one near the large lagoon rock (S), one behind the large red tree in the west (S and N), one near the plane wreck (N), one next to the blue tent (N), and one in the rock arch below it (S).","Гравець «Північ» («Norden») бачить найбільше таких гігантських квіток, а саме 6 штук. Гравець «Південь» («Süden») бачить 5 штук, «Схід» («Osten») та «Захід» («Westen») — по 3 штуки. Де розташовані квіти: одна біля маяка (видно з Пд і Зх), одна біля дерев'яного рибальського будиночка (Сх), одна біля уламків автобуса (Сх), одна на південь від них (Сх), дві біля капітанського будинку (Зх і Пн), одна біля багаття (Пд і Пн), одна біля великої скелі лагуни (Пд), одна за великим червоним деревом на заході (Пд і Пн), одна біля уламків літака (Пн), одна біля синього намету (Пн) і одна в скельній арці трохи нижче (Пд).","Игрок «Север» («Norden») видит больше всего таких гигантских цветов, а именно 6 штук. Игрок «Юг» («Süden») видит 5 штук, «Восток» («Osten») и «Запад» («Westen») — по 3 штуки. Где расположены цветы: один у маяка (виден из Ю и З), один у деревянного рыбацкого домика (В), один у обломков автобуса (В), один к югу от них (В), два возле капитанского дома (З и С), один у костра (Ю и С), один у большой скалы лагуны (Ю), один за большим красным деревом на западе (Ю и С), один у обломков самолета (С), один возле синей палатки (С) и один в скальной арке чуть ниже (Ю)."
1-32,question,2,"Carmen scheint ein bisschen enttäuscht, dass ihre Entdeckung für uns nichts aufregend Neues ist. Aber unter uns: Wie blind kann man sein – einen Tag lang auf der Insel herumrennen und die Blumen übersehen? „Okay, ihr Oberschlauen, dann beantwortet mir doch mal Folgendes ...“ Carmen deutet schelmisch mit dem Finger auf einen Umriss an der Wand.
Frage: Was hing früher mal an dieser Wand – und wo befindet es sich jetzt?","Carmen seems a bit disappointed that her discovery isn't anything excitingly new to us. But between us: how blind can you be – running around the island for a day and overlooking the flowers? 'Okay, you smart alecks, then answer me this ...' Carmen points mischievously with her finger to an outline on the wall.
Question: What used to hang on this wall – and where is it now?","Кармен виглядає дещо розчарованою тим, що її відкриття не стало для нас сенсацією. Але якщо чесно: наскільки сліпим треба бути, щоб цілий день ходити островом і не помічати цих квітів? «Гаразд, розумники, тоді дайте відповідь на таке...» — Кармен хитро вказує пальцем на контур на стіні.
Запитання: Що раніше висіло на цій стіні та де воно перебуває зараз?","Кармен выглядит несколько разочарованной тем, что ее открытие не стало для нас сенсацией. Но между нами: насколько слепым надо быть, чтобы целый день ходить по острову и не замечать этих цветов? «Ладно, умники, тогда ответьте мне на следующее...» — Кармен хитро указывает пальцем на контур на стене.
Вопрос: Что раньше висело на этой стене и где оно находится сейчас?"
1-33,answer,,"Unter dem besagten Umriss hängt eine kleine Hinweistafel mit der Aufschrift „GREETINGS from CANADA“. Wir kombinieren: Der Umriss stammt von dem riesigen Hirschkopf, der jetzt – warum auch immer – am orange-gelben Matrosenhaus hängt.",Under the said outline hangs a small sign reading 'GREETINGS from CANADA'. We deduce: the outline is from the giant stag head that now – for whatever reason – hangs on the orange-yellow sailor's house.,"Під цим контуром висить маленька табличка з написом «GREETINGS from CANADA». Наш дедуктивний метод підказує: контур залишився від величезної голови оленя, яка тепер — з невідомих причин — висить на оранжево-жовтому будинку матросів.","Под этим контуром висит маленькая табличка с надписью «GREETINGS from CANADA». Наш дедуктивный метод подсказывает: контур остался от огромной головы оленя, которая теперь — по неизвестным причинам — висит на оранжево-желтом доме матросов."
1-34,question,1,"Genug der Spielchen. Wir fragen Carmen nach Kerry-Ann. Sie antwortet achselzuckend: „Tut mir leid, unsere grooooßartige Expeditionsleiterin habe ich den ganzen Tag noch nicht gesehen.“ Leicht unschlüssig verlassen wir das Labor und gehen hinüber zum Hirschkopf-Matrosenhaus. Der markante Schriftzug an den Außenwänden macht uns neugierig.
Frage: Wie lautet der Schriftzug am orange-gelben Matrosenhaus?","Enough games. We ask Carmen about Kerry-Ann. She replies, shrugging her shoulders: 'Sorry, I haven't seen our greeeeat expedition leader all day.' Slightly undecided, we leave the laboratory and walk over to the stag-head sailor's house. The striking lettering on the outer walls makes us curious.
Question: What is the lettering on the orange-yellow sailor's house?","Досить ігор. Ми запитуємо Кармен про Керрі-Енн. Вона знизує плечима: «Шкода, але нашу вееееличну керівницю експедиції я сьогодні взагалі не бачила». Трохи розгублені, ми виходимо з лабораторії та прямуємо до будинку матросів із головою оленя. Незвичайний напис на зовнішній стіні привертає нашу увагу.
Запитання: Що за напис нанесено на оранжево-жовтому будинку матросів?","Довольно игр. Мы спрашиваем Кармен о Керри-Энн. Она пожимает плечами: «Жаль, но нашего вееееликого руководителя экспедиции я сегодня вообще не видела». Немного растерянные, мы выходим из лаборатории и направляемся к дому матросов с головой оленя. Необычная надпись на внешней стене привлекает наше внимание.
Вопрос: Что за надпись нанесена на оранжево-желтом доме матросов?"
1-35,answer,,"Über die vier Seiten des Hauses erstreckt sich der Schriftzug „GOD SAVE US ALL“. Wir wundern uns über den Sinn und Zweck, als Tom, unser unorthodoxer Geschichtsprofessor und selbsternannter Rockstar, uns zu sich winkt. Er steht mit hängenden Schultern auf dem Dach des Toilettenhauses – in der einen Hand ein zerrissenes Foto, in der anderen einen einzelnen Schuh. Tom murmelt vor sich hin: „God save us all?! Gottes Schutz, den werden wir brauchen! Hier passieren merkwürdige Dinge! Kerry-Ann ... sie ist weg!“ Zusammen zeigen sie einen Teil unserer Expeditionsgruppe vor dem gestrigen Abflug.","Across the four sides of the house, the lettering 'GOD SAVE US ALL' stretches. We wonder about its meaning and purpose, when Tom, our unorthodox history professor and self-proclaimed rock star, waves us over. He stands with sagging shoulders on the roof of the toilet building – a torn photo in one hand, and a single shoe in the other. Tom murmurs to himself: 'God save us all?! God's protection is what we will need! Strange things are happening here! Kerry-Ann ... she is gone!' Together, they show a part of our expedition group before yesterday's departure.","Через чотири стіни будинку тягнеться напис «GOD SAVE US ALL». Ми дивуємося його значенню та меті, коли нас підзиває Том, наш неординарний професор історії та самопроголошений рок-зірка. Він стоїть із пониклими плечима на даху вбиральні, тримаючи в одній руці розірвану фотографію, а в іншій — один черевик. Том бурмоче собі під ніс: «God save us all?! Божий захист нам точно знадобиться! Тут кояться дивні речі! Керрі-Енн... вона зникла!» Разом вони показують частину нашої експедиційної групи перед учорашнім відльотом.","Через четыре стены дома тянется надпись «GOD SAVE US ALL». Мы недоумеваем по поводу ее значения и цели, когда нас подзывает Том, наш неординарный профессор истории и самопровозглашенный рок-звезда. Он стоит с поникшими плечами на крыше уборной, держа в одной руке разорванную фотографию, а в другой — один туфля. Том бормочет себе под нос: «God save us all?! Божья защита нам точно пригодится! Тут творятся странные вещи! Керри-Энн... она пропала!» Вместе они показывают часть нашей экспедиционной группы перед вчерашним вылетом."
1-36,image,,[Bild: Erstes Foto von Tom - Abflugszene],[Image: First photo by Tom - departure scene],[Зображення: Перше фото Тома - сцена відльоту],[Изображение: Первое фото Тома - сцена вылета]
1-37,image,,[Bild: Zweites Foto von Tom - Lagerplatz],[Image: Second photo by Tom - camp scene],[Зображення: Друге фото Тома - місце табору],[Изображение: Второе фото Тома - место лагеря]
1-38,question,2,"Tom wirkt tief bestürzt: „Egal, wen ich frage: Niemand scheint Kerry-Ann seit gestern Abend gesehen zu haben! Ich bin schon den ganzen Morgen auf der Suche – sie ist wie vom Erdboden verschluckt. Das Einzige, das ich von ihr gefunden habe: ein einzelner Schuh ...“
Frage: Welche weiteren zwei Kleidungsstücke von Kerry-Ann finden wir auf der Insel?","Tom looks deeply distressed: 'No matter who I ask: nobody seems to have seen Kerry-Ann since yesterday evening! I've been searching all morning – she has vanished into thin air. The only thing of hers I found: a single shoe ...'
Question: Which other two items of Kerry-Ann's clothing do we find on the island?","Том виглядає глибоко пригніченим: «Кого б я не запитав, ніхто не бачив Керрі-Енн вічора ввечері! Я шукаю її весь ранок — вона ніби крізь землю провалилася. Єдине, що я знайшов — це один її черевик...»
Запитання: Які ще два предмети одягу Керрі-Енн ми можемо знайти на острові?","Том выглядит глубоко потрясенным: «Кого бы я ни спросил, никто не видел Керри-Энн со вчерашнего вечера! Я ищу ее всё утро — она как сквозь землю провалилась. Единственное, что я нашел — это один ее туфля...»
Вопрос: Какие еще два предмета одежды Керри-Энн мы можем найти на острове?"
1-39,answer,,"Der Schuh, den Tom in der Hand hält, gleicht den Schuhen der Frau, die mittig auf dem Gruppenfoto steht. Das ist Kerry-Ann, unsere Expeditionsleiterin. Auf dem Foto trägt sie noch einen dunklen Rock, ein weißes Basecap und eine gelb-graue Signaljacke. Die Jacke hängt aus dem Seitenfenster des alten, roten Kastenwagens heraus. Das Basecap liegt auf dem Campingstuhl beim Riesenanker.","The shoe Tom is holding matches the shoes of the woman standing in the middle of the group photo. That is Kerry-Ann, our expedition leader. In the photo she is wearing a dark skirt, a white baseball cap, and a yellow-gray signal jacket. The jacket hangs from the side window of the old red van. The baseball cap lies on the camping chair near the giant anchor.","Черевик, який тримає в руках Том, такий самий, як і в жінки в центрі групового фото. Це Керрі-Енн, наша керівниця експедиції. На фотографії на ній також темна спідниця, біла кепка та жовто-сіра сигнальна куртка. Куртка звисає з бічного вікна старого червоного фургона. А кепка лежить на розкладному стільці біля величезного якоря.","Туфля, которую держит в руках Том, такая же, как и у женщины в центре группового фото. Это Керри-Энн, наш руководитель экспедиции. На фотографии на ней также темная юбка, белая кепка и желто-серая сигнальная куртка. Куртка свисает из бокового окна старого красного фургона. А кепка лежит на раскладном стуле возле огромного якоря."
1-40,story,,"Tom sinkt wenig Rockstar-like zusammen und schluchzt: „Verdammt! Was wird bloß aus unserer Expedition ohne unsere Expeditionsleiterin? Die anderen sind der Meinung, dass ich übertreibe und sie sich nur irgendwo ein ruhiges Plätzchen gesucht hat. Aber ich kenne sie – sie würde niemals einfach so losziehen, ohne die Gruppe zu informieren. Ich sag's euch: Etwas Schlimmes ist passiert! Helft mir bitte - wir müssen Kerry-Ann finden, unbedingt!“","Tom collapses in a very un-rockstar-like manner and sobs: 'Damn it! What will become of our expedition without our expedition leader? The others think I'm overreacting and that she just looked for a quiet spot. But I know her – she would never just leave without informing the group. I'm telling you: something bad has happened! Please help me - we must find Kerry-Ann, absolutely!'","Том зовсім не по-рок-зірковському опускає руки й схлипує: «Чорт! Що буде з нашою експедицією без нашої керівниці? Інші думають, що я перебільшую й вона просто знайшла собі якесь затишне місце відпочити. Але я знаю її — вона ніколи б не пішла просто так, не попередивши групу. Кажу вам: сталося щось жахливе! Будь ласка, допоможіть мені — ми маємо знайти Керрі-Енн, обов'язково!»","Том совсем не по-рок-н-ролльному опускает руки и всхлипывает: «Черт! Что будет с нашей экспедицией без нашего руководителя? Другие думают, что я преувеличиваю и она просто нашла себе какое-то тихое местечко отдохнуть. Но я знаю ее — она никогда бы не ушла просто так, не предупредив группу. Говорю вам: случилось что-то ужасное! Пожалуйста, помогите мне — мы должны найти Керри-Энн, обязательно!»"
2-1,early,,"Wir befinden uns mit einer Expeditionsgruppe auf Hangmans Island. Die kleine, verlassene Pazifikinsel offenbart eine Fülle an Lost Places und ein Sammelsurium an Obskuritäten. Kerry-Ann, unsere Expeditionsleiterin, scheint verschwunden zu sein. Tom, unser Rock'n'Roll-Geschichtsprofessor, ist tief besorgt. Er fleht uns an, Kerry-Ann zu finden ...","We are on Hangmans Island with an expedition group. The small, abandoned Pacific island reveals a wealth of Lost Places and a collection of curiosities. Kerry-Ann, our expedition leader, seems to have disappeared. Tom, our rock'n'roll history professor, is deeply worried. He begs us to find Kerry-Ann ...","Ми перебуваємо з експедиційною групою на острові Hangmans Island. Маленький, закинутий тихоокеанський острів приховує безліч закинутих місць та ціле збірище дивних речей. Керрі-Енн, наша керівниця експедиції, схоже, зникла. Том, наш рок-професор історії, глибоко занепокоєний. Він благає нас знайти Керрі-Енн...","Мы находимся с экспедиционной группой на острове Hangmans Island. Маленький, заброшенный тихоокеанский остров таит в себе множество заброшенных мест и целое собрание странных вещей. Керри-Энн, наш руководитель экспедиции, похоже, пропала. Том, наш рок-профессор истории, глубоко обеспокоен. Он умоляет нас найти Керри-Энн..."
2-2,question,2,"Wir starten die Kerry-Ann-Suchmission, indem wir uns den alten, roten Kastenwagen näher anschauen. Kerry-Anns Jacke hängt aus dem Seitenfenster. Der Wagen selbst scheint aber schon lange nicht mehr fahrtüchtig zu sein.
Frage: Welche fünf Teile finden wir auf der Insel verstreut, die eigentlich zum roten Kastenwagen gehören?","We start the search mission for Kerry-Ann by taking a closer look at the old red van. Kerry-Ann's jacket hangs out of the side window. The van itself doesn't seem to have been roadworthy for a long time.
Question: Which five parts do we find scattered across the island that actually belong to the red van?","Ми розпочинаємо місію з пошуку Керрі-Енн і для цього уважніше розглядаємо старий червоний фургон. Куртка Керрі-Енн звисає з бічного вікна. Сам автомобіль, схоже, вже давно не на ходу.
Запитання: Які п'ять деталей, розкиданих по острову, насправді належать червоному фургону?","Мы начинаем миссию по поиску Керри-Энн и для этого более внимательно рассматриваем старый красный фургон. Куртка Керри-Энн свисает из бокового окна. Сам автомобиль, похоже, уже давно не на ходу.
Вопрос: Какие пять деталей, разбросанных по острову, на самом деле принадлежат красному фургону?"
2-3,answer,,"Auf Heck- und Seitentür des Wagens prängt ein Logo mit rotem Pfeil. Die vier fehlenden Autoreifen können wir anhand dieses Logos eindeutig zuordnen: Ein Reifen liegt bei der Lagune, einer beim Toilettenhaus, einer beim Flugzeugwrack und einer beim Buswrack. Zwischen dem Walskelett und dem Krankenwagen liegt zudem die fehlende Hälfte des hinteren Nummernschildes. Die Hintertür des roten Kastenwagens ist unverschlossen. Dann schauen wir doch mal rein ...","A logo with a red arrow is emblazoned on the back and side doors of the van. We can clearly match the four missing car tires using this logo: one tire lies near the lagoon, one near the toilet building, one near the plane wreck, and one near the bus wreck. Between the whale skeleton and the ambulance, there is also the missing half of the rear license plate. The back door of the red van is unlocked. So, let's take a look inside ...","На задніх та бічних дверях фургона красується логотип із червоною стрілкою. Чотири відсутні шини ми можемо чітко визначити за цим логотипом: одне колесо лежить біля лагуни, одне — біля вбиральні, одне — біля уламків літака й одне — біля уламків автобуса. Між скелетом кита та машиною швидкої допомоги також лежить відсутня половинка заднього номерного знака. Задні двері червоного фургона не зачинені. Що ж, зазирнемо всередину...","На задних и боковых дверях фургона красуется логотип с красной стрелкой. Четыре недостающие шины мы можем четко определить по этому логотипу: одно колесо лежит у лагуны, одно — возле уборной, одно — у обломков самолета и одно — у обломков автобуса. Между скелетом кита и машиной скорой помощи также лежит недостающая половинка заднего номерного знака. Задняя дверь красного фургона не заперта. Что ж, заглянем внутрь..."
2-4,image,,[Bild: Rumfässer mit der Aufschrift „E.D.“ und „XXX“],[Image: Rum barrels with the inscription 'E.D.' and 'XXX'],[Зображення: Бочки з-під рому з написом «E.D.» та «XXX»],[Изображение: Бочки из-под рома с надписью «E.D.» и «XXX»]
2-5,question,2,"Im Inneren des Kastenwagens finden wir leider keine weitere Spur von Kerry-Ann, dafür jede Menge Spinnweben, Zettel und ein paar hübsche Gegenstände.
Frage: Welche dieser Gegenstände sehen wir auch draußen auf der Insel?","Inside the van, we unfortunately find no further trace of Kerry-Ann, but plenty of cobwebs, notes, and a few nice objects.
Question: Which of these objects do we also see outside on the island?","Всередині фургона ми, на жаль, не знаходимо більше жодних слідів Керрі-Енн, натомість бачимо купу павутиння, записок і кілька симпатичних предметів.
Запитання: Які з цих предметів ми також бачимо ззовні на острові?","Внутри фургона мы, к сожалению, не находим больше никаких следов Керри-Энн, зато видим кучу паутины, записок и несколько симпатичных предметов.
Вопрос: Какие из этих предметов мы также видим снаружи на острове?"
2-6,answer,,Im Inneren des Kastenwagens befinden sich zwei uralte Rumfässer mit der Aufschrift „XXX“ an den Seiten – solche Fässer sind vereinzelt auch auf der Insel zu sehen.,Inside the van there are two ancient rum barrels with 'XXX' written on the sides – such barrels can also be seen occasionally on the island.,Всередині фургона знаходяться дві стародавні бочки з-під рому з написом «XXX» на боках — такі ж бочки подекуди можна побачити й на самому острові.,Внутри фургона находятся две древние бочки из-под рома с надписью «XXX» на боках — такие же бочки кое-где можно увидеть и на самом острове.
2-7,question,2,"Da meldet sich Geschichtsprofessor Tom zu Wort. Er hält weiterhin Kerry-Anns Schuh in der Hand und druckst herum: „Also ... eigentlich wollte ich es ja lieber für mich behalten. Aber jetzt, wo Kerry-Ann weg ist, denke ich, ihr solltet es wissen: Ich habe sie gestern zusammen mit Charlie, diesem blonden Gift, gesehen. Wild rumknutschend! Wie konnte sie mir das nur antun?! Meine Kerry-Ann ...“
Frage: Wo ist Charlie?","Then history professor Tom speaks up. Still holding Kerry-Ann's shoe in his hand, he beats around the bush: 'Well ... actually, I preferred to keep it to myself. But now that Kerry-Ann is gone, I think you should know: I saw her yesterday together with Charlie, that blonde poison. Making out wildly! How could she do this to me?! My Kerry-Ann ...'
Question: Where is Charlie?","Тут бере слово професор історії Том. Він досі тримає в руці черевик Керрі-Енн і ніяково мимрить: «Ну... взагалі-то я волів би тримати це при собі. Але тепер, коли Керрі-Енн зникла, гадаю, вам варто знати: учора я бачив її разом із Чарлі, цією білявою бестією. Вони палко цілувалися! Як вона могла так вчинити зі мною?! Моя Керрі-Енн...»
Запитання: Де Чарлі?","Тут берет слово профессор истории Том. Он до сих пор держит в руке туфлю Керри-Энн и неловко мямлит: «Ну... вообще-то я предпочел бы держать это при себе. Но теперь, когда Керри-Энн пропала, думаю, вам стоит знать: вчера я видел ее вместе с Чарли, этой белокурой бестией. Они страстно целовались! Как она могла так поступить со мной?! Моя Керри-Энн...»
Вопрос: Где Чарли?"
2-8,answer,,"Charlie sitzt am Lagerfeuer. Der auffällig blaue Kussmund am Hals der blonden Frau gleicht dem Lippenstift, den Kerry-Ann auf dem zerrissenen Gruppenfoto trägt, das Tom uns gegeben hat. Charlie gegenüber sitzt übrigens Murat. Murat ist wortkarg und vorzugsweise leicht bekleidet. Ein ehemaliger Investmentbanker, der seine Schäfchen schon mit Mitte 20 ins Trockene gebracht hat und sich seither als Privatier ausgiebig langweilt.","Charlie is sitting by the campfire. The conspicuously blue kiss mark on the blonde woman's neck matches the lipstick Kerry-Ann is wearing in the torn group photo Tom gave us. Opposite Charlie sits Murat, by the way. Murat is taciturn and prefers to be lightly dressed. A former investment banker who made his fortune by his mid-20s and has been thoroughly bored as a privateer ever since.","Чарлі сидить біля багаття. Помітний синій слід від поцілунку на шиї білявої жінки збігається з помадою, яка була на Керрі-Енн на розірваному груповому фото, що дав нам Том. Навпроти Чарлі, до речі, сидить Мурат. Мурат небалакучий і зазвичай напівроздягнений. Це колишній інвестиційний банкір, який забезпечив собі безбідне життя вже в середині своїх 20 років і відтоді нудьгує в ролі рантьє.","Чарли сидит у костра. Заметный синий след от поцелуя на шее белокурой женщины совпадает с помадой, которая была на Керри-Энн на разорванном групповом фото, что дал нам Том. Напротив Чарли, кстати, сидит Мурат. Мурат немногословен и обычно полураздет. Это бывший инвестиционный банкир, который обеспечил себе безбедную жизнь уже в середине своих 20 лет и с тех пор вовсю скучает в роли рантье."
2-9,question,3,"Charlie wiederum ist Schamanin und Influencerin. Ihre Rolle in unserer Expeditionsgruppe wird von einigen Personen spöttisch gesehen. Als wir sie auf Toms Beobachtung ansprechen, reagiert sie gereizt: „Wie bitte ... wer hat uns gesehen? Professor Tom?! Der feine Herr, der soll mal schön ruhig sein – tut jetzt so, als wäre Kerry-Ann seine große Liebe. Dabei ist er doch ""glücklich"" verheiratet. Seine Frau ist sogar Teil unserer Gruppe! Und wo Kerry-Ann steckt? Tja, da hab ich leider auch keine Ahnung ...“
Frage: Wer ist Toms Frau – und wo ist sie?","Charlie, on the other hand, is a shaman and influencer. Her role in our expedition group is viewed mockingly by some. When we address her about Tom's observation, she reacts irritatedly: 'Excuse me ... who saw us? Professor Tom?! That fine gentleman should just keep quiet – acting now as if Kerry-Ann was his great love. Yet he is ""happily"" married. His wife is even part of our group! And where Kerry-Ann is? Well, unfortunately I have no idea about that either ...'
Question: Who is Tom's wife – and where is she?","Чарлі, у свою чергу, є шаманкою та інфлюенсеркою. Деякі члени нашої експедиційної групи ставляться до її ролі з іронією. Коли ми запитуємо її про спостереження Тома, вона реагує роздратовано: «Що-що... хто нас бачив? Професор Том?! Ой, нехай би цей благородний добродій краще мовчав — зараз удає, ніби Керрі-Енн була його великим коханням. Хоча сам при цьому ""щасливо"" одружений. Його дружина взагалі є членом нашої групи! А де ховається Керрі-Енн? Ну, тут я, на жаль, теж поняття не маю...»
Запитання: Хто дружина Тома та де вона перебуває?","Чарли, в свою очередь, является шаманкой и инфлюенсером. Некоторые члены нашей экспедиционной группы относятся к ее роли с иронией. Когда мы спрашиваем ее о наблюдениях Тома, она реагирует раздраженно: «Что-что... кто нас видел? Профессор Том?! Ой, помалкивал бы этот благородный господин — сейчас строит из себя, будто Керри-Энн была его великой любовью. Хотя сам при этом ""счастливо"" женат. Его жена вообще является членом нашей группы! А где прячется Керри-Энн? Ну, тут я, к сожалению, тоже понятия не имею...»
Вопрос: Кто жена Тома и где она находится?"
2-10,answer,,"Toms Frau ist die Reisebloggerin Thea. Sie sitzt immer noch apathisch mit dem Laptop auf dem Schoß unter einer Palme beim Flugzeugwrack. Ihren Namen und den Laptop finden wir auf der Gepäckliste. Der Hinweis auf die Verbundenheit von Tom und Thea sind ihre Herz-Tattoos, in denen jeweils ein großes T steht. Jetzt erahnen wir auch den Grund für Theas Niedergeschlagenheit: Möglicherweise hat sie von der Affäre ihres Mannes mit Expeditionsleiterin Kerry-Ann Wind bekommen.","Tom's wife is the travel blogger Thea. She is still sitting apathetically with her laptop on her lap under a palm tree near the plane wreck. We find her name and the laptop on the luggage list. The indication of the bond between Tom and Thea are their heart tattoos, each containing a large T. Now we also guess the reason for Thea's dejection: she may have caught wind of her husband's affair with expedition leader Kerry-Ann.","Дружина Тома — це тревел-блогерка Теа. Вона досі апатично сидить із ноутбуком на колінах під пальмою біля уламків літака. Її ім'я та ноутбук ми знаходимо в списку багажу. Вказівкою на зв'язок Тома та Теа є їхні татуювання у вигляді серця, в кожному з яких зображена велика літера Т. Тепер ми здогадуємося про причину пригніченості Теа: можливо, вона дізналася про роман свого чоловіка з керівницею експедиції Керрі-Енн.","Жена Тома — это тревел-блогер Теа. Она до сих пор апатично сидит с ноутбуком на коленях под пальмой возле обломков самолета. Ее имя и ноутбук мы находим в списке багажа. Указанием на связь Тома и Теа являются их татуировки в виде сердца, в каждом из которых изображена большая буква Т. Теперь мы догадываемся о причине подавленности Теа: возможно, она узнала о романе своего мужа с руководителем экспедиции Керри-Энн."
2-11,question,2,"Charlie lässt die Geschichte um Tom und Thea völlig kalt. Sie blafft uns an: „Wenn ihr euch nützlich machen wollt, dann schafft mir Igor her. Er wollte mir beim Kochen helfen – ist schließlich sein Job. Von wegen nur schnell zur Kirche und Nachschub holen ... seit zehn Minuten ist der nun schon weg und das Feuer geht gleich aus.“
Frage: Wo ist Igor, der Koch?","Charlie is completely indifferent to the story about Tom and Thea. She barks at us: 'If you want to make yourselves useful, get Igor over here. He was supposed to help me cook – after all, it's his job. Talk about just quickly going to the church to get supplies ... he's been gone for ten minutes now and the fire is about to go out.'
Question: Where is Igor, the cook?","Чарлі абсолютно байдужа до історії Тома та Теа. Вона гаркає на нас: «Якщо хочете бути корисними, то притягніть мені Ігоря. Він збирався допомогти мені з готуванням — зрештою, це його робота. Розказував, що тільки швиденько збігає до церкви за припасами... його немає вже десять хвилин, і вогонь ось-ось згасне!»
Запитання: Де Ігор, кухар?","Чарли абсолютно безразлична к истории Тома и Теа. Она гаркает на нас: «Если хотите быть полезными, то притащите мне Игоря. Он собирался помочь мне с готовкой — в конце концов, это его работа. Рассказывал, что только быстренько сбегает к церкви за припасами... его нет уже десять минут, и огонь вот-вот погаснет!»
Вопрос: Где Игорь, повар?"
2-12,answer,,"Igor, der Koch, liegt südlich des Buswracks, etwas abseits eines Weges, blutend auf dem Boden. Um ihn herum liegt Brennholz, das er vorher bei der Kirche geholt hat. Ein Holzscheit hält er immer noch in der Hand. Irgendwo in der Ferne hören wir ein tiefes, gedämpftes Geheul.","Igor, the cook, is lying south of the bus wreck, slightly off a path, bleeding on the ground. Around him lies firewood that he previously fetched from the church. He is still holding a log in his hand. Somewhere in the distance we hear a deep, muffled howl.","Ігор, кухар, лежить на південь від уламків автобуса, трохи осторонь стежки, стікаючи кров'ю на землі. Навколо нього лежать дрова, які він перед цим узяв біля церкви. Один дерев'яний брусок він усе ще тримає в руці. Десь удалині ми чуємо глибоке, глухе виття.","Игорь, повар, лежит к югу от обломков автобуса, чуть в стороне от тропы, истекая кровью на земле. Вокруг него лежат дрова, которые он перед этим взял у церкви. Один деревянный брусок он всё еще держит в руке. Где-то вдали мы слышим глубокий, глухой вой."
2-13,question,2,"Igor rappelt sich auf und wischt sich Blut vom Hinterkopf. Verwirrt schaut er uns an. „Autsch, mein Kopf! Wo bin ich?“
Frage: Was ist Igor passiert – und wie kam es dazu?","Igor scrambles up and wipes blood from the back of his head. He looks at us confused. 'Ouch, my head! Where am I?'
Question: What happened to Igor – and how did it happen?","Ігор важко підводиться й витирає кров із потилиці. Він спантеличено дивиться на нас: «Ай, моя голова! Де я?»
Запитання: Що сталося з Ігорем та як саме це відбулося?","Игорь с трудом поднимается и вытирает кровь с затылка. Он озадаченно смотрит на нас: «Ай, моя голова! Где я?»
Вопрос: Что случилось с Игорем и как именно это произошло?"
2-14,answer,,Igor ist eine Kokosnuss auf den Kopf gefallen. Der Auslöser dafür war eine Drohne. Die Drohne ist in die Palme gekracht und samt Kokosnuss zu Boden gegangen.,A coconut fell on Igor's head. The trigger for this was a drone. The drone crashed into the palm tree and went to the ground along with the coconut.,"Ігорю на голову впав кокос. Причиною цього став дрон. Безпілотник врізався в пальму, і кокос разом із ним полетів донизу.","Игорю на голову упал кокос. Виной тому стал дрон. Беспилотник врезался в пальму, и кокос вместе с ним полетел вниз."
2-15,question,1,"Igor wirft einen Blick auf die kaputte Drohne. Seine Miene verfinstert sich: „War ja klar, Barbara, unsere Filmfrau. Völlig durchgeknallt! Die soll endlich die Finger von der Fernsteuerung lassen. Ihre Drohnenfliegerei ist gemeingefährlich! Und ihre Filmaufnahmen sowieso.“
Frage: Wo ist Barbara?","Igor takes a look at the broken drone. His face darkens: 'Classic Barbara, our camerawoman. Completely crazy! She should finally keep her hands off the remote control. Her drone flying is a public hazard! And her filming anyway.'
Question: Where is Barbara?","Ігор кидає погляд на поламаний дрон. Його обличчя темніє: «Ну звісно, Барбара, наша кіношниця. Геть з'їхала з глузду! Нехай вона вже нарешті прибере свої руки від пульта керування. Її польоти на дронах небезпечні для суспільства! Та й фільмування її теж».
Запитання: Де знаходиться Барбара?","Игорь бросает взгляд на сломанный дрон. Его лицо темнеет: «Ну конечно, Барбара, наша киношница. Совсем свихнулась! Пусть она уже наконец уберет свои руки от пульта управления. Ее полеты на дронах социально опасны! Да и съемки ее тоже».
Вопрос: Где находится Барбара?"
2-16,answer,,"Filmfrau Barbara sitzt neben den großen Felsen der Lagune. Sie hat eine farblich zur Drohne passende, graue Fernsteuerung in der Hand. Als wir sie mit dem Kokosnuss-Vorfall konfrontieren, schlägt sie die Hände über dem Kopf zusammen: „Oh Mann, sorry ... Igors Essen schmeckt zwar auch gemeingefährlich, aber das mit der Kokosnuss tut mir leid, das war natüllich keine Absicht! Eigentlich wollte ich mit der Drohne über die Festung fliegen. Hier, diese vier Drohnenaufnahmen schenke ich euch, vielleicht helfen sie euch bei der Suche nach Kerry-Ann weiter ...“","Camerawoman Barbara is sitting next to the large rocks of the lagoon. She has a gray remote control in her hand, matching the color of the drone. When we confront her with the coconut incident, she puts her hands over her head: 'Oh man, sorry ... Igor's food tastes like a public hazard too, but I'm really sorry about the coconut, that was of course not intentional! Actually, I wanted to fly the drone over the fortress. Here, I'll give you these four drone shots, maybe they will help you in your search for Kerry-Ann ...'","Режисерка Барбара сидить біля великих скель лагуни. У руках вона тримає сірий пульт керування, що підходить за кольором до дрона. Коли ми розпитуємо її про інцидент із кокосом, вона хапається за голову: «О боже, вибачте... Їжа Ігоря, звісно, теж небезпечна для життя, але за кокос мені дуже шкода, це було абсолютно випадково! Взагалі-то я хотіла полетіти на дроні над фортецею. Ось, дарую вам ці чотири знімки з дрона, можливо, вони допоможуть вам у пошуках Керрі-Енн...»","Режиссер Барбара сидит у больших скал лагуны. В руках она держит серый пульт управления, подходящий по цвету к дрону. Когда мы расспрашиваем ее об инциденте с кокосом, она хватается за голову: «О господи, простите... Еда Игоря, конечно, тоже опасна для жизни, но за кокос мне очень жаль, это было совершенно случайно! Вообще-то я хотела полетать на дроне над крепостью. Вот, дарю вам эти хотя бы четыре снимка с дрона, возможно, они помогут вам в поисках Керри-Энн...»"
2-17,image,,image,,,
2-18,image,,image,,,
2-19,image,,image,,,
2-20,image,,image,,,
2-21,question,1,"Während wir die Drohnenaufnahmen studieren, rümpft Barbara die Nase. „Puh, riecht ihr das auch? Wieder dieser fiese Gestank nach faulen Eiern, der hängt wie eine Glocke über der Insel.""
Frage: Was ist für den Gestank auf der Insel verantwortlich?","While we study the drone footage, Barbara wrinkles her nose. ""Ugh, do you smell that too? That nasty stench of rotten eggs again, it hangs over the island like a thick cloud.""

Question: What is responsible for the stench on the island?","Поки ми вивчаємо зйомки з дрона, Барбара морщить ніс. «Фу, ви теж це відчуваєте? Знову цей огидний сморід тухлих яєць, він висить над островом, як купол».

Питання: Що є причиною смороду на острові?","Пока мы изучаем съемки с дрона, Барбара морщит нос. «Фу, вы тоже это чувствуете? Опять эта отвратительная вонь тухлых яиц, она висит над островом, как купол».

Вопрос: Что является причиной вони на острове?"
2-22,answer,"
","Barbaras Drohnenaufnahmen offenbaren das, was wir ohnehin schon wussten:
Bei dem ,,Berg"" im Westen der Insel handelt es sich um einen aktiven Vulkan. Die Schwefeldämpfe erinnern an den Geruch
von faulen Eiern. Wieder vernehmen wir in der Ferne ein tiefes, gedämpftes Geheul. Möglicherweise stammt es vom Vulkan...
","Barbara's drone footage reveals what we already knew: the ""mountain"" in the west of the island is an active volcano. The sulfur vapors resemble the smell of rotten eggs. Once again, we hear a deep, muffled howling in the distance. Possibly it comes from the volcano...
","Зйомки з дрона Барбари підтверджують те, що ми й так знали: «гора» на заході острова — це діючий вулкан. Пари сірки нагадують запах тухлих яєць. Здалеку знову лунає глибоке, приглушене завивання. Можливо, це від вулкана...
","Съемки с дрона Барбары подтверждают то, что мы и так знали: «гора» на западе острова — это действующий вулкан. Пары серы напоминают запах тухлых яиц. Вдалеке снова раздается глубокий, приглушенный вой. Возможно, он исходит от вулкана...
"
2-23,question,2,"Anstatt zum verletzten Igor rüberzugehen, sucht Barbara nach Ausflüchten: „Bei dem Gestank hier ist es auch kein Wunder, dass ich mich nicht richtig aufs Drohnenfliegen konzentrieren kann! Meine anderen beiden Exemplare hab ich auch schon geschrottet. Könnt ihr sie für mich ausfindig machen? Dann kann ich wenigstens die Speicherkarten auslesen. Vielleicht helfen euch die darauf befindlichen Bilddaten dann ja auch bei eurer Suche nach Kerry-Ann weiter.""
Frage: Wo sind die beiden anderen kaputten Drohnen?
","Instead of going over to the injured Igor, Barbara looks for excuses: ""With this stench here, it's no wonder I can't concentrate properly on flying the drone! I've already trashed my other two units. Can you track them down for me? Then at least I can read the memory cards. Maybe the image data on them will help you in your search for Kerry-Ann.""

Question: Where are the other two broken drones?","Замість того, щоб підійти до пораненого Ігоря, Барбара шукає відмовки: «З таким смородом не дивно, що я не можу нормально зосередитися на управлінні дроном! Два інших моїх екземпляри я вже теж розбила. Можете їх для мене знайти? Тоді я хоча б зможу зчитати карти пам'яті. Можливо, фотографії з них допоможуть вам у пошуках Керрі-Енн».

Питання: Де знаходяться два інших зламаних дрона?","Вместо того чтобы подойти к раненому Игорю, Барбара ищет отговорки: «С такой вонью неудивительно, что я не могу нормально сосредоточиться на управлении дроном! Два других моих экземпляра я уже тоже разбила. Можете их для меня найти? Тогда я хотя бы смогу считать карты памяти. Возможно, фотографии с них помогут вам в поисках Керри-Энн».

Вопрос: Где находятся два других сломанных дрона?"
2-24,answer,"
","Eine Drohne liegt auf einem Felsen zwischen Toilettenhaus und Sternwarte, die andere auf einem Felsen oberhalb des Kapitänshauses.
","One drone is lying on a rock between the toilet block and the observatory, the other on a rock above the captain's house.
","Один дрон лежить на скелі між туалетом та обсерваторією, інший — на скелі над будинком капітана.
","Один дрон лежит на скале между туалетом и обсерваторией, другой — на скале над домом капитана.
"
2-25,question,2,"Bis zur Drohne hinter dem Toilettenhaus ist es nur ein Katzensprung. Wir untersuchen das kaputte Gerät und stellen fest, dass die Speicherkarte fehlt! Hat sie bereits jemand entwendet? Oder hat Barbara einfach nur vergessen, eine Speicherkarte einzulegen? Hoffentlich gibt uns die andere Drohne Aufschluss. Wir laufen los, erreichen den Galgenkäfig und wollen weiter zur Festung.
Frage: Welchen Wegweiser-Symbolen müssen wir der Reihe nach folgen, um auf kürzestem Weg vom Galgenkäfig zur Drohne oberhalb des Kapitänshauses zu kommen?","It's only a stone's throw to the drone behind the toilet building. We examine the broken device and find that the memory card is missing! Has someone already stolen it? Or did Barbara simply forget to insert a memory card? Hopefully the other drone will shed some light. We run off, reach the gallows cage, and want to continue to the fortress.
Question: Which signpost symbols must we follow in order, to get from the gallows cage to the drone above the Captain's House by the shortest route?","До дрона за вбиральнею — рукою подати. Ми оглядаємо пошкоджений пристрій і виявляємо, що карти пам'яті немає! Хтось уже встиг її витягти? Чи Барбара просто забула її вставити? Сподіваємося, що інший дрон прояснить ситуацію. Ми вирушаємо в дорогу, дістаємося шибениці-клітки й хочемо йти далі до фортеці.
Запитання: Яким символам-вказівникам ми маємо слідувати по черзі, щоб найкоротшим шляхом дістатися від шибениці-клітки до дрона над капітанським будинком?","До дрона за уборной — рукой подать. Мы осматриваем поврежденное устройство и обнаруживаем, что карты памяти нет! Кто-то уже успел ее вытащить? Или Барбара просто забыла ее вставить? Надеемся, что другой дрон прояснит ситуацию. Мы отправляемся в путь, добираемся до виселицы-клетки и хотим идти дальше к крепости.
Вопрос: Каким символам-указателям мы должны следовать по очереди, чтобы кратчайшим путем добраться от виселицы-клетки до дрона над капитанским домом?"
2-26,answer,,"Vom Galgenkäfig aus folgen wir dem Blumen-Weg bis zum Buswrack – und von dort aus dem Blitz-Weg bis hoch zur anderen Drohne. Und als hätten wir es geahnt: Auch hier fehlt die Speicherkarte. Frustriert und wenig hoffnungsvoll suchen wir die Umgebung nach ihr ab. Da entdecken wir im Gebüsch eine kleine, verrostete Truhe. Und im Inneren der Truhe? Eine alte Seefahrerkarte ...","From the gallows cage, we follow the flower path (Blumen-Weg) to the bus wreck – and from there, the lightning path (Blitz-Weg) up to the other drone. And as if we had sensed it: the memory card is missing here too. Frustrated and with little hope, we search the surrounding area for it. Then we discover a small, rusty chest in the bushes. And inside the chest? An old navigator's map ...",Від шибениці-клітки ми йдемо по «шляху квітів» («Blumen-Weg») до уламків автобуса — а звідти по «шляху блискавки» («Blitz-Weg») вгору до іншого дрона. І як ми й відчували: тут також немає карти пам'яті. Розчаровані та без особливої надії ми обшукуємо все навколо. Раптом у кущах помічаємо маленьку заіржавілу скриню. А всередині скрині? Стара мореплавська карта...,От виселицы-клетки мы идем по «пути цветов» («Blumen-Weg») к обломкам автобуса — а оттуда по «пути молнии» («Blitz-Weg») вверх ко второму дрону. И как мы и чувствовали: здесь тоже нет карты памяти. Разочарованные и без особой надежды мы обыскиваем всё вокруг. Вдруг в кустах замечаем маленький заржавевший сундук. А внутри сундука? Старая мореходная карта...
2-27,image,,"[Bild: Seefahrerkarte mit den Inseln Lukisland, Julisland, Jonisland, Davisland]","[Image: Navigator's map showing Lukisland, Julisland, Jonisland, and Davisland]","[Зображення: Мореплавська карта з островами Lukisland, Julisland, Jonisland, Davisland]","[Изображение: Мореходная карта с островами Lukisland, Julisland, Jonisland, Davisland]"
2-28,question,2,"Auf der alten Seefahrerkarte sind die Umrisse und Namen verschiedener Inseln zu sehen. Einer der Umrisse scheint identisch mit „unserer„ Insel zu sein.
Frage: Wie ist der Name der Insel, auf der wir uns laut Seefahrerkarte befinden?","Outlines and names of various islands are visible on the old navigator's map. One of the outlines seems identical to 'our' island.
Question: What is the name of the island where we are located according to the navigator's map?","На старій мореплавській карті видно контури та назви різних островів. Один із контурів здається абсолютно ідентичним нашому острову.
Запитання: Як називається острів, на якому ми зараз перебуваємо згідно з мореплавською картою?","На старой мореходной карте видны контуры и названия различных островов. Один из контуров кажется абсолютно идентичным нашему острову.
Вопрос: Как называется остров, на котором мы сейчас находимся согласно мореходной карте?"
2-29,answer,,"Erneut haben uns die Drohnenaufnahmen von Barbara weitergeholfen: Laut Seefahrerkarte befinden wir uns gerade auf Davisland. Das ist insofern kurios, als dass wir doch offiziell auf Hangmans Island sind: Die Koordinaten, die Satellitenbilder, die wenige Literatur, die es zur Insel gibt – alles deutet auf Hangmans Island hin. Von Davisland war nie die Rede ...","Once again, Barbara's drone shots have helped us: according to the navigator's map, we are currently on Davisland. This is curious since we are officially on Hangmans Island: the coordinates, satellite images, and the scarce literature about the island – everything points to Hangmans Island. Davisland was never mentioned ...","Нам знову допомогли знімки з дрона від Барбари: за мореплавською картою ми зараз перебуваємо на Davisland. Це дивно, адже офіційно ми на Hangmans Island: координати, супутникові знімки, нечисленна література про острів — усе вказує на Hangmans Island. Про Davisland раніше ніколи не згадувалося...","Нам снова помогли снимки с дрона от Барбары: по мореходной карте мы сейчас находимся на Davisland. Это странно, ведь официально мы на Hangmans Island: координаты, спутниковые снимки, немногочисленная литература об острове — всё указывает на Hangmans Island. О Davisland раньше никогда не упоминалось..."
2-30,question,2,"„Davisland?“ Das Gesicht von Tom, unserem Rock'n'Roll-Professor, erhellt sich. Aufgeregt referiert er: „Das wäre eine absolute Sensation! In den Geschichtsbüchern wurde viel und ausgiebig darüber spekuliert: Einst gab es nämlich einen berüchtigten Piraten Namens Edward Davis, der im Pazifik sein Unwesen trieb und ab ca. 1700 spurlos verschwand. Seither ranken sich zahlreiche Mythen um ihn und „seine“ Insel, für die es aber keinerlei Beweise gibt. Darum gilt Davisland offiziell als Phantominsel. Nicht existent. Ein Hirngespinst.“
Frage: Welche vier Indizien gibt es, dass der Pirat Edward Davis hier gelebt hat?","'Davisland?' The face of Tom, our rock'n'roll history professor, lights up. Excitedly, he explains: 'That would be an absolute sensation! It has been widely speculated in history books: there was once a notorious pirate named Edward Davis who plundered the Pacific and disappeared without a trace around 1700. Since then, many myths have surrounded him and ""his"" island, but there has never been any proof. That is why Davisland is officially considered a phantom island. Non-existent. A figment of the imagination.'
Question: Which four clues are there that the pirate Edward Davis lived here?","«Davisland?» — обличчя Тома, нашого рок-професора історії, аж сяє. Він схвильовано розповідає: «Це була б абсолютна сенсація! В історичних книгах багато й палко дискутували про це: колись жив відомий пірат на ім'я Едвард Девіс, який розбишакував у Тихому океані й приблизно з 1700 року безслідно зник. Відтоді про нього та його острів існує безліч міфів, але жодних доказів ніколи не було. Тому Davisland офіційно вважається островом-привидом. Неіснуючим. Вигадкою».
Запитання: Яки чотири докази свідчать про те, що пірат Едвард Девіс дійсно жив тут?","«Davisland?» — лицо Тома, нашего рок-профессора истории, прямо-таки сияет. Он взволнованно рассказывает: «Это была бы абсолютная сенсация! В исторических книгах много и горячо спорили об этом: когда-то жил известный пират по имени Эдвард Дэвис, который бесчинствовал в Тихом океане и примерно с 1700 года бесследно исчез. С тех пор о нем и его острове ходит множество мифов, но никаких доказательств никогда не было. Поэтому Davisland официально считается островом-призраком. Несуществующим. Выдумкой».
Вопрос: Какие четыре улики свидетельствуют о том, что пират Эдвард Дэвис действительно жил здесь?"
2-31,answer,,"Die Buchstaben „E.D.“ auf den uralten Rum-Fässern, die wir im roten Kastenwagen gesehen haben, könnten die Initialen von Edward Davis sein. Einer der Grabsteine trägt die Inschrift „E. Davis“. Auf dem Sockel der Statue hinter der Kirche ist „Edward D.“ eingraviert und über dem Eingang zur Festung prängt bruchstückhaft „Fort Davis“.","The letters 'E.D.' on the ancient rum barrels we saw in the red van could be the initials of Edward Davis. One of the gravestones bears the inscription 'E. Davis'. 'Edward D.' is engraved on the pedestal of the statue behind the church, and 'Fort Davis' is fragmentarily visible over the entrance to the fortress.","Літери «E.D.» на стародавніх бочках із-під рому, які ми бачили в червоному фургоні, можуть бути ініціалами Едварда Девіса. На одному з надгробків є напис «E. Davis». На цоколі статуї за церквою вигравіювано «Edward D.», а над входом до фортеці частково зберігся напис «Fort Davis».","Буквы «E.D.» на древних бочках из-под рома, которые мы видели в красном фургоне, могут быть инициалами Эдварда Дэвиса. На одном из надгробий есть надпись «E. Davis». На цоколе статуи за церковью выгравировано «Edward D.», а над входом в крепость частично сохранилась надпись «Fort Davis»."
2-32,question,1,"„Davisland! Der absolute Wahnsinn!!!“ Tom ist außer sich vor Freude. Kerry-Anns Verschwinden? Plötzlich Nebensache. Der Grabstein mit der Inschrift „E. Davis“ legt nahe, dass Edward Davis sogar hier auf Hangmans Island bzw. Davisland begraben liegt.
Frage: Wie alt wurde Edward Davis?","'Davisland! Absolute madness!!!' Tom is beside himself with joy. Kerry-Ann's disappearance? Suddenly a minor matter. The gravestone with the inscription 'E. Davis' suggests that Edward Davis is even buried here on Hangmans Island or Davisland.
Question: How old was Edward Davis when he died?","«Davisland! Абсолютне божевілля!!!» — Том не тямить себе від радості. Зникнення Керрі-Енн? Раптово відійшло на другий план. Надгробок із написом «E. Davis» вказує на те, що Едвард Девіс похований саме тут, на Hangmans Island (він же Davisland).
Запитання: Скільки років прожив Едвард Девіс?","«Davisland! Абсолютное безумие!!!» — Том вне себя от радости. Исчезновение Керри-Энн? Внезапно отошло на второй план. Надгробие с надписью «E. Davis» указывает на то, что Эдвард Дэвис похоронен именно здесь, на Hangmans Island (он же Davisland).
Вопрос: Сколько лет прожил Эдвард Дэвис?"
2-33,answer,,"Aus zwei Teilen des Grabsteins ergibt sich das Geburtsjahr 1660, auf einem anderen Teil steht das Todesjahr 1726. Nach Adam Riese wurde Edward Davis also 66 Jahre alt.","Two parts of the gravestone yield the birth year 1660, and on another part is the death year 1726. According to simple arithmetic, Edward Davis therefore lived to be 66 years old.","З двох частин надгробка складається рік народження — 1660, а на іншій частині вказано рік смерті — 1726. Отже, за простими підрахунками, Едвард Девіс прожив 66 років.","Из двух частей надгробия складывается год рождения — 1660, а на другой части указан год смерти — 1726. Значит, по простым подсчетам, Эдвард Дэвис прожил 66 лет."
2-34,question,1,"„Vermutlich hat sich Davis zu Tode gesoffen, bei all den Rumfässern, die hier noch rumstehen.“ Toms messerscharfe Analyse triggert unseren Zähl-Fetisch.
Frage: Wie viele Rumfässer können wir insgesamt sehen?","'Probably Davis drank himself to death, with all the rum barrels still standing around here.' Tom's razor-sharp analysis triggers our urge to count.
Question: How many rum barrels can we see in total?","«Мабуть, Девіс упився до смерті, зважаючи на всі ті бочки з-під рому, які тут досі стоять». Гострий аналіз Тома будить у нас бажання все порахувати.
Запитання: Скільки всього бочок із-під рому ми бачимо?","«Пожалуй, Дэвис упился до смерти, судя по всем тем бочкам из-под рома, которые здесь до сих пор стоят». Острый анализ Тома пробуждает в нас желание всё сосчитать.
Вопрос: Сколько всего бочек из-под рома мы видим?"
2-35,answer,,"Insgesamt können wir sechs der alten Rumfässer sehen: drei vor dem Kapitänshaus, zwei im roten Kastenwagen und eines im Höhlenbogen zwischen Labor und Toilettenhaus. „Nur“ sechs Rumfässer? Toms Totsauf-Theorie beginnt zu bröckeln.","In total, we can see six of the old rum barrels: three in front of the Captain's House, two in the red van, and one in the rock arch between the laboratory and the toilet building. 'Only' six rum barrels? Tom's drinking-to-death theory begins to crumble.","Загалом ми бачимо шість старих бочок із-під рому: три перед капітанським будинком, дві в червоному фургоні й одну під скельною аркою між лабораторією та вбиральнею. «Лише» шість бочок? Теорія Тома про смерть від алкоголізму починає тріщати по швах.","Всего мы можем видеть шесть старых бочек из-под рома: три перед капитанским домом, две в красном фургоне и одну под скальной аркой между лабораторией и уборной. «Всего» шесть бочек? Теория Тома о смерти от алкоголизма начинает трещать по швам."
2-36,question,1,"Zurück zum Wesentlichen, der Suche nach unserer Expeditionsleiterin Kerry-Ann. Wir lassen den ekstatischen Tom stehen und treffen Walter. Walter, der Biologe, hält ein Buch in der Hand und betrachtet aufmerksam irgendetwas vor sich.
Frage: Was betrachtet Walter?","Back to the essentials, the search for our expedition leader Kerry-Ann. We leave the ecstatic Tom standing and meet Walter. Walter, the biologist, is holding a book in his hand and looking closely at something in front of him.
Question: What is Walter looking at?","Повернімося до головного — пошуків нашої керівниці Керрі-Енн. Ми залишаємо екстатичного Тома й зустрічаємо Вальтера. Вальтер, біолог, тримає в руці книгу й уважно розглядає щось перед собою.
Запитання: Що саме розглядає Вальтер?","Вернемся к главному — поискам нашего руководителя Керри-Энн. Мы оставляем экстатического Тома и встречаем Вальтера. Вальтер, биолог, держит в руке книгу и внимательно рассматривает что-то перед собой.
Вопрос: Что именно рассматривает Вальтер?"
2-37,answer,,"Walter, der Biologe, trägt einen feschen gelben Anzug und hockt im Osten zwischen Buswrack und Festung. Vor ihm im Gebüsch krabbelt ein großer blauer Käfer, den er aufmerksam und stirnrunzelnd studiert: „Hey Leute! Das ist echt verrückt – nach allem, was ich in Erfahrung bringen konnte, kann es sich bei diesen Käfern eigentlich nur um Exemplare der Art Lukases Bleuelus handeln. Aber die sind eigentlich um ein Vielfaches kleiner – und leuchten nicht! Das passt nicht zusammen.“ Walter richtet sein Smartphone auf den Käfer und lächelt. „Alle haben null Handy-Empfang, aber ich hab diese geniale Geigerzähler-App hier!“","Walter, the biologist, is wearing a smart yellow suit and is squatting in the east between the bus wreck and the fortress. In front of him in the bushes crawls a large blue beetle, which he is studying closely with a furrowed brow: 'Hey guys! This is really crazy – according to everything I've been able to find out, these beetles can actually only be specimens of the species Lukases Bleuelus. But they are normally many times smaller – and they don't glow! This doesn't fit together.' Walter points his smartphone at the beetle and smiles: 'Everyone has zero cell reception, but I have this ingenious Geiger counter app here!'","Вальтер, біолог, одягнений у симпатичний жовтий костюм і сидить навпочіпки на сході острова між уламками автобуса та фортецею. Перед ним у кущах повзе великий синій жук, якого він уважно та насупивши брови вивчає: «Гей, народ! Це дійсно дивно — за всім, що мені вдалося дізнатися, цей жук має належати до виду Lukases Bleuelus. Але вони зазвичай у багато разів менші — і не світяться! Щось тут не так». Вальтер наводить свій смартфон на жука й посміхається. «У всіх мережа не ловить, зате в мене є цей геніальний додаток-дозиметр!»","Вальтер, биолог, одет в симпатичный желтый костюм и сидит на корточках на востоке острова между обломками автобуса и крепостью. Перед ним в кустах ползет крупный синий жук, которого он внимательно и нахмурив брови изучает: «Гей, народ! Это действительно странно — по всему, что мне удалось узнать, этот жук должен относиться к виду Lukases Bleuelus. Но они обычно во много раз меньше — и не светятся! Что-то тут не так». Вальтер наводит свой смартфон на жука и улыбается. «Ни у кого сеть не ловит, зато у меня есть это гениальное приложение-дозиметр!»"
2-38,question,3,"Walter aktiviert die App. Im nächsten Moment vergeht ihm das Lächeln: „Was zur Hölle?! Kommt den Käfern bloß nicht zu nahe – sie sind hochgradig radioaktiv! Wahrscheinlich ist die ganze Insel verseucht ...“ Walter schwenkt sein Smartphone hin und her und sieht sich bestätigt. „Verflucht, wir sollten die Insel schleunigst verlassen! Ich hol bloß noch schnell den roten Käfer, den ich vorhin gefunden hab. Hängebrücke geht nicht, ich bin nicht schwindelfrei. Trommelt ihr schonmal die Gruppe zusammen, wir treffen uns am Flugzeug!“
Frage: Wo ist der rote Käfer – und welchen Wegweiser-Symbolen muss Walter der Reihe nach folgen, um dorthin zu kommen?","Walter activates the app. In the next moment his smile fades: 'What the hell?! Don't go anywhere near the beetles – they are highly radioactive! The whole island is probably contaminated ...' Walter waves his smartphone back and forth and sees his fears confirmed. 'Curse it, we should leave the island immediately! I'll just quickly grab the red beetle I found earlier. Suspension bridge is out of the question, I'm afraid of heights. You guys gather the group in the meantime, we'll meet at the plane!'
Question: Where is the red beetle – and which signpost symbols must Walter follow in order to get there?","Вальтер запускає додаток. Наступної ж миті посмішка зникає з його обличчя: «Що за чортівня?! Тільки не підходьте близько до цих жуків — вони надзвичайно радіоактивні! Схоже, весь острів заражений...» Вальтер водить смартфоном туди-сюди, і його побоювання підтверджуються. «Прокляття, нам треба якнайшвидше забратися з острова! Я тільки заберу червоного жука, якого знайшов раніше. Через підвісний міст не піду, я боюсь висоти. А ви поки збирайте групу, зустрінемося біля літака!»
Запитання: Де червоний жук і яким символам-вказівникам по черзі має слідувати Вальтер, щоб дістатися туди?","Вальтер запускает приложение. В следующий же миг улыбка исчезает с его лица: «Что за чертовщина?! Только не подходите близко к этим жукам — они чрезвычайно радиоактивны! Похоже, весь остров заражен...» Вальтер водит смартфоном туда-сюда, и его опасения подтверждаются. «Проклятье, нам нужно как можно скорее убираться с острова! Я только заберу красного жука, которого нашел раньше. Через подвесной мост не пойду, я боюсь высоты. А вы пока собирайте группу, встретимся у самолета!»
Вопрос: Где красный жук и каким символам-указателям по очереди должен следовать Вальтер, чтобы добраться туда?"
2-39,answer,,"Den rot leuchtenden Käfer bewahrt Walter im Labor in einem Glasbehälter vor dem offenen Kühlschrank auf. Um dorthin zu gelangen, muss Walter – weil er sich nicht über die Hängebrücke traut – zunächst den Blitz-Weg hinab bis zum Buswrack nehmen, von dort den Blumen-Weg bis zur Kirche und anschließend den Berg-Weg bis hoch zum Labor.","Walter keeps the glowing red beetle in the laboratory in a glass container in front of the open refrigerator. To get there – since he does not dare cross the suspension bridge – Walter must first take the lightning path (Blitz-Weg) down to the bus wreck, from there the flower path (Blumen-Weg) to the church, and then the mountain path (Berg-Weg) up to the laboratory.","Червоного жука, що світиться, Вальтер тримає в лабораторії у скляному контейнері перед відкритим холодильником. Щоб дістатися туди (оскільки він боїться йти через підвісний міст), Вальтеру спочатку потрібно спуститися по «шляху блискавки» до уламків автобуса, звідти пройти по «шляху квітів» до церкви, а потім по «шляху гір» піднятися до самої лабораторії.","Светящегося красного жука Вальтер держит в лаборатории в стеклянном контейнере перед открытым холодильником. Чтобы добраться туда (так как он боится идти по подвесному мосту), Вальтеру сначала нужно спуститься по «пути молнии» к обломкам автобуса, оттуда пройти по «пути цветов» к церкви, а затем по «пути гор» подняться до самой лаборатории."
2-40,story,,"Wir eilen los in Richtung Wasserflugzeug. Können, wollen und dürfen wir unsere Expeditionsleiterin Kerry-Ann einfach so zurücklassen? Die Frage erübrigt sich, als ein aufgebrachter Schrei unserer Pilotin Mika ertönt: „Das gibt's doch nicht, das kann nicht wahr sein! Die Schlüssel unseres Flugzeugs – einfach weg! Und das Funkgerät – auch weg!!“ Ungläubig schauen wir uns an. Leichte Panik macht sich breit: Wir sitzen fest, auf einer radioaktiv verseuchten Insel, ohne Funkkontakt, abgeschnitten von der Außenwelt! Herzlich willkommen – auf Davisland ...","We rush off towards the seaplane. Can we, do we want to, and are we allowed to just leave our expedition leader Kerry-Ann behind? The question becomes redundant when an angry scream from our pilot Mika rings out: 'This is unbelievable, this can't be true! The keys to our plane – just gone! And the radio – also gone!!' Disbelievingly, we look at each other. A slight panic spreads: we are stuck on a radioactively contaminated island, without radio contact, cut off from the outside world! Welcome – to Davisland ...","Ми поспішаємо до гідролітака. Чи можемо, чи хочемо ми отак просто покинути Керрі-Енн, нашу керівницю? Питання відпадає саме собою, коли лунає розлючений крик нашої пілотки Міки: «Це немислимо, цього просто не може бути! Ключі від літака — зникли! І рація — теж зникла!!» Ми спантеличено дивимося один на одного. Починається легка паніка: ми застрягли на радіоактивно зараженому острові, без зв'язку, відрізані від світу! Ласкаво просимо на Davisland...","Мы спешим к гидросамолету. Можем ли, хотим ли мы вот так просто бросить Керри-Энн, нашего руководителя? Вопрос отпадает сам собой, когда раздается яростный крик нашего пилота Мики: «Это немыслимо, этого просто не может быть! Ключи от самолета — пропали! И рация — тоже пропала!!» Мы озадаченно смотрим друг на друга. Начинается легка паника: мы застряли на радиоактивно зараженном острове, без связи, отрезаны от мира! Добро пожаловать на Davisland..."
3-1,early,,"Wir befinden uns mit einer egozentrischen Expeditionsgruppe auf der kleinen, verlassenen Pazifikinsel Hangmans Island. Überraschende Entdeckung: Hangmans Island ist zugleich die sagenumwobene Pirateninsel „Davisland“ – Rückzugsort und Grabstätte des berüchtigten Piraten Edward Davis. Schön und gut, leider entpuppt sich das Gelände als radioaktiv verseucht und die Expedition sollte umgehend abgebrochen werden. Doch die Schlüssel unseres Wasserflugzeugs und das blöde Funkgerät wurden von Unbekannt entwendet – wir stecken fest. Obendrein ist unsere Expeditionsleiterin Kerry-Ann spurlos verschwunden ...","We are with an egocentric expedition group on the small, abandoned Pacific island of Hangmans Island. Surprising discovery: Hangmans Island is also the legendary pirate island 'Davisland' – retreat and burial site of the notorious pirate Edward Davis. Well and good, unfortunately the area turns out to be radioactively contaminated and the expedition should be aborted immediately. But the keys to our seaplane and the stupid radio were stolen by unknown persons – we are stuck. On top of that, our expedition leader Kerry-Ann has vanished without a trace ...","Ми перебуваємо з егоцентричною експедиційною групою на маленькому, закинутому тихоокеанському острові Hangmans Island. Несподіване відкриття: Hangmans Island є водночас легендарним піратським островом «Davisland» — притулком і місцем поховання сумнозвісного пірата Едварда Девіса. Усе б нічого, але, на жаль, територія виявилася радіоактивно зараженою, і експедицію слід було негайно припинити. Проте ключі від нашого гідролітака та безглузду рацію викрали невідомі — ми застрягли. До того ж, наша керівниця експедиції Керрі-Енн безслідно зникла...","Мы находимся с эгоцентричной экспедиционной группой на маленьком, заброшенном тихоокеанском острове Hangmans Island. Неожиданное открытие: Hangmans Island является одновременно легендарным пиратским островом «Davisland» — убежищем и местом захоронения пресловутого пирата Эдварда Дэвиса. Все бы ничего, но, к сожалению, территория оказалась радиоактивно зараженной, и экспедицию следовало немедленно прекратить. Однако ключи от нашего гидросамолета и дурацкую рацию похитили неизвестные — мы застряли. К тому же, наш руководитель экспедиции Керри-Энн бесследно пропала..."
3-2,question,1,"Tom, unser Rock'n'Roll-Geschichtsprofessor, ist immer noch hellauf begeistert von unserer Pirateninsel-Davisland-Entdeckung. Mika, unsere Pilotin, hat dagegen gerade andere Sorgen: „Welcher Idiot war das? Wer hat die Schlüssel und das blöde Funkgerät geklaut?!“ Hemmungslos lässt Mika ihren Frust am armen Rodrick aus, der immer noch treuherzig mit dem Karton in den Händen neben ihr steht. Wir entscheiden uns, proaktiv zu agieren: Irgendwo auf der Insel haben wir doch schon mal einen Schlüssel gesehen.
Frage: Wozu gehört der besagte Schlüssel?","Tom, our rock'n'roll history professor, is still thrilled about our pirate island Davisland discovery. Mika, our pilot, on the other hand, has other worries right now: 'Which idiot did that? Who stole the keys and the stupid radio?!' Uninhibitedly, Mika lets out her frustration on poor Rodrick, who is still standing trustingly next to her with the box in his hands. We decide to act proactively: We have already seen a key somewhere on the island.
Question: What does the said key belong to?","Том, наш рок-професор історії, досі в захваті від нашого відкриття піратського острова Davisland. Натомість Міка, наша пілотка, має зараз інші турботи: «Який ідіот це зробив? Хто вкрав ключі та безглузду рацію?!» Міка без упину виливає свій гнів на бідолашного Родріка, який усе ще віддано стоїть поруч із коробкою в руках. Ми вирішуємо діяти проактивно: десь на острові ми вже бачили якийсь ключ.
Запитання: До чого належить згаданий ключ?","Том, наш рок-профессор истории, до сих пор в восторге от нашего открытия пиратского острова Davisland. Зато у Мики, нашего пилота, сейчас другие заботы: «Какой идиот это сделал? Кто украл ключи и дурацкую рацию?!» Мика без удержу изливает свой гнев на беднягу Родрика, который все еще преданно стоит рядом с коробкой в руках. Мы решаем действовать проактивно: где-то на острове мы уже видели какой-то ключ.
Вопрос: К чему относится упомянутый ключ?"
3-3,answer,,"Der besagte Schlüssel liegt links unten auf dem Faltplan von Person Osten. Der Schlüsselanhänger zeigt die Nummer 143. Diese Zahl wiederum prangt groß auf der Kofferraumklappe des gelben Autos. Schade, der Schlüssel gehört also zum gelben Auto, nicht zu unserem Wasserflugzeug. Walter, unser Biologe im feschen gelben Anzug, wird panisch: „Leute, wir müssen schleunigst von dieser verseuchten Kryptonit-Insel hier verschwinden! Die Strahlenbelastung macht jeden weiteren Tag zu einem ernsthaften Gesundheitsrisiko für uns alle.“","The said key lies on the bottom left of East's folding map. The key chain shows the number 143. This number is prominently displayed on the trunk lid of the yellow car. Too bad, so the key belongs to the yellow car, not to our seaplane. Walter, our biologist in his stylish yellow suit, panics: 'Guys, we must get out of this contaminated kryptonite island as quickly as possible! The radiation exposure makes every further day a serious health risk for all of us.'","Згаданий ключ лежить ліворуч знизу на розкладному плані гравця «Схід». На брелоку вказано номер 143. Ця цифра, у свою чергу, красується на кришці багажника жовтого автомобіля. Шкода, отже, ключ належить жовтому авто, а не нашому гідролітаку. Вальтер, наш біолог у стильному жовтому захисному костюмі, впадає в паніку: «Народ, нам треба якнайшвидше забратися з цього зараженого криптонітового острова! Радіоактивне випромінювання робить кожен наступний день серйозною загрозою для здоров'я всіх нас».","Упомянутый ключ лежит слева внизу на раскладном плане игрока «Восток». На брелоке указан номер 143. Эта цифра, в свою очередь, красуется на крышке багажника желтого автомобиля. Жаль, значит, ключ принадлежит желтому авто, а не нашему гидросамолету. Вальтер, наш биолог в стильном желтом защитном костюме, впадает в панику: «Народ, нам нужно как можно скорее убираться с этого зараженного криптонитового острова! Радиоактивное излучение делает каждый следующий день серьезной угрозой для здоровья всех нас»."
3-4,question,2,"Wir können Walter einigermaßen beruhigen, aber insgeheim macht sich auch bei uns leichte Panik breit. Also: Weiter geht's mit der Suche nach dem richtigen Schlüssel. Dabei stoßen wir auf einen uns unbekannten Mann, der schweißgebadet und halb bewusstlos unter einer blau-violetten Plane beim Riesenanker liegt. Aaaargh, ihm fehlt ja ein Fuß!
Frage: Was ist dem Mann zugestoßen?","We can reassure Walter to some extent, but secretly a slight panic is spreading among us too. So: let's continue searching for the right key. In doing so, we come across a man unknown to us, who is lying sweaty and half-unconscious under a blue-violet tarp near the giant anchor. Aaaargh, he is missing a foot!
Question: What happened to the man?","Ми можемо більш-менш заспокоїти Вальтера, але потайки у нас також починається легка паніка. Тож: продовжуємо пошуки потрібного ключа. При цьому ми натрапляємо на невідомого нам чоловіка, який, весь у поту й напівпритомний, лежить під синьо-фіолетовим тентом біля гігантського якоря. Оооов, у нього ж немає однієї ноги (стопи)!
Запитання: Що сталося з цим чоловіком?","Мы можем более-менее успокоить Вальтера, но втайне у нас тоже начинается легкая паника. Итак: продолжаем поиски нужного ключа. При этом мы натыкаемся на неизвестного нам мужчину, который, весь в поту и полубессознательном состоянии, лежит под сине-фиолетовым тентом возле гигантского якоря. Оооох, у него же нет одной ноги (стопы)!
Вопрос: Что случилось с этим мужчиной?"
3-5,answer,,"Neben der Plane liegt ein Schnorchel-Set. Außerdem verläuft von dort eine übertrieben starke Blutspur zum Strand. Wahrscheinlich ist sie sogar aus dem Weltraum sichtbar, zumindest aber auf unseren Drohnenaufnahmen. Unten am Strand tummeln sich Haie im Wasser. Der Mann wurde wahrscheinlich im Wasser attackiert: Ein Hai hat dem Mann einen Fuß abgebissen.","Next to the tarp lies a snorkel set. In addition, an excessively strong trail of blood runs from there to the beach. It is probably visible even from space, or at least on our drone footage. Down on the beach, sharks are swimming in the water. The man was probably attacked in the water: a shark bit off the man's foot.","Поруч із тентом лежить набір для снорклінгу. Крім того, звідти тягнеться неймовірно чіткий кривавий след до пляжу. Напевно, його видно навіть із космосу, або принаймні на наших знімках із дронів. Внизу на пляжі у воді кружляють акули. Чоловік, ймовірно, зазнав нападу у воді: акула відкусила йому стопу.","Рядом с тентом лежит набор для снорклинга. Кроме того, оттуда тянется невероятно отчетливый кровавый след к пляжу. Наверное, его видно даже из космоса, или по крайней мере на наших снимках с дронов. Внизу на пляже в воде кружатся акулы. Мужчина, вероятно, подвергся нападению в воде: акила откусила ему стопу."
3-6,question,1,"Als würden an Land nicht schon genug Gefahren lauern – jetzt also auch noch im Wasser!
Frage: Wie viele Haie sehen wir um die Insel herumschwimmen?","As if there weren't enough dangers lurking on land – now in the water too!
Question: How many sharks do we see swimming around the island?","Наче на суші мало небезпек — тепер ще й у воді!
Запитання: Скільки акул ми бачимо у воді навколо острова?","Как будто на суше мало опасностей — теперь еще и в воде!
Вопрос: Сколько акул мы видим плавающими вокруг острова?"
3-7,answer,,"Auf jedem Faltplan sehen wir zwei Rückenflossen im Wasser. Überschneidungen gibt es ausnahmsweise mal keine. Wir sehen also insgesamt acht Haie um die Insel herumschwimmen. Wir tupfen dem verletzten Mann den Schweiß von der Stirn. Er schlägt die Augen auf. Schmerzverzerrt und verwirrt, aber sichtlich erleichtert, plappert er los: „Ha, meine Rettung! Ich wusste doch, dass es das Risiko wert ist! Ahoi Muchachos, bin der starke Otto, Vollmatrose durch und durch.“","On each folding map, we see two dorsal fins in the water. For once, there are no overlaps. So we see a total of eight sharks swimming around the island. We dab the sweat from the injured man's forehead. He opens his eyes. Distorted with pain and confused, but visibly relieved, he babbles: 'Ha, my rescue! I knew it was worth the risk! Ahoy muchachos, I'm strong Otto, a full sailor through and through.'","На кожному розкладному плані ми бачимо по два спинних плавці у воді. Цього разу, як виняток, збігів немає. Отже, ми бачимо загалом вісім акул, що плавають навколо острова. Ми витираємо піт із чола пораненого. Він розплющує очі. Спотворений болем і розгублений, але помітно полегшений, він починає лепетати: «Ха, мій порятунок! Я ж знав, що воно варте ризику! Ахой, мучачос, я сильний Отто, досвідчений матрос до кінчиків пальців».","На каждом раскладном плане мы видим по два спинных плавника в воде. В этот раз, в виде исключения, совпадений нет. Следовательно, мы видим всего восемь акул, плавающих вокруг острова. Мы вытираем пот со лба раненого. Он открывает глаза. Искаженный болью и растерянный, но заметно облегченный, он начинает лепетать: «Ха, мое спасение! Я же знал, что это стоило риска! Ахой, мучачос, я сильный Отто, опытный матрос до кончиков пальцев»."
3-8,question,1,"Otto berichtet weiter: „Bin zusammen mit ein paar anderen bei einem heftigen Sturm über Bord gespült worden. Dumm gelaufen. Konnten uns zwar auf die kleine Mini-Insel da hinten retten, aber sind fast durchgedreht vor Langeweile. Nach fünf Tagen immer noch keine Rettung in Sicht! Ich und meine Kollegin Ling also gestern: einfach losgeschwommen. Hierher. Alle anderen: Schiss vor Haien. Angekommen sind wir heil, später beim Baden dann – schnapp, hat's mich tatsächlich erwischt. Aber hey, ich lebe noch ...“ Otto braucht dringend medizinische Hilfe. Anouk, unsere Ärztin, hat ihren Notfallkoffer immer bei sich.
Frage: Wo ist Anouk, die Ärztin?","Otto continues: 'I was washed overboard with a few others during a heavy storm. Bad luck. We managed to rescue ourselves onto that tiny mini-island over there, but we almost went crazy with boredom. After five days, still no rescue in sight! So my colleague Ling and I yesterday: just swam off. Over here. Everyone else: scared of sharks. We arrived safely, but later while bathing – snap, it actually got me. But hey, I'm still alive ...' Otto urgently needs medical help. Anouk, our doctor, always has her emergency kit with her.
Question: Where is Anouk, the doctor?","Отто розповідає далі: «Мене разом із кількома іншими змило за борт під час сильного шторму. Не пощастило. Нам вдалося врятуватися на тому маленькому острівці он там, але ми мало не збожеволіли від нудьги. За п'ять днів рятунку так і не було видно! Тож ми з моєю колегою Лінг учора просто попливли сюди. Усі інші злякалися акул. Дісталися ми цілими, але пізніше під час купання — хап, і мене таки зачепило. Але ей, я живий...» Отто терміново потребує медичної допомоги. Аноук, наша лікарка, завжди має при собі медичну валізу.
Запитання: Де перебуває Аноук, лікарка?","Отто рассказывает дальше: «Меня вместе с несколькими другими смыло за борт во время сильного шторма. Не повезло. Нам удалось спастись на том маленьком островке вон там, но мы чуть не сошли с ума от скуки. За пять дней спасения так и не было видно! Поэтому мы с моей коллегой Линг вчера просто поплыли сюда. Все остальные испугались акул. Добрались мы целыми, но позже во время купания — цап, и меня таки зацепило. Но эй, я жив...» Отто срочно требуется медицинская помощь. Аноук, наш врач, всегда имеет при себе медицинский чемодан.
Вопрос: Где находится Аноук, врач?"
3-9,answer,,"Anouk steht zwischen Kirche und Buswrack. Fast schützend hält sie ihren Notfallkoffer vor der Brust. Sie ist gerade im Gespräch mit Bjarne, unserem Reporter. Bjarne soll eigentlich einen Exklusivbericht über die Expedition schreiben, ist aber die meiste Zeit mit Schachspielen oder Faulenzen beschäftigt.","Anouk is standing between the church and the bus wreck. She holds her emergency case almost protectively against her chest. She is currently in a conversation with Bjarne, our reporter. Bjarne is actually supposed to write an exclusive report about the expedition, but is busy playing chess or lazing around most of the time.","Аноук стоїть між церквою та уламками автобуса. Вона майже захисно тримає перед грудьми свою медичну валізу. Зараз вона розмовляє з Б'ярне, нашим репортером. Б'ярне має писати ексклюзивний звіт про експедицію, але більшу частину часу проводить за шахами або байдикуванням.","Аноук стоит между церковью и обломками автобуса. Она почти защитно держит перед грудью свой медицинский чемодан. Сейчас она разговаривает с Бьярне, нашим репортером. Бьярне должен писать эксклюзивный отчет об экспедиции, но большую часть времени проводит за шахматами или бездельем."
3-10,question,2,"Wir berichten Anouk vom verletzten Vollmatrosen Otto. Sie runzelt die Stirn: „Was ist denn bloß los hier? Möchtegern-Koch Igor kracht eine Kokosnuss auf den Kopf, Otto lässt sich einen Fuß kürzer machen ... sorry Leute, aber ich muss mich jetzt erst mal um Igor kümmern. Das Team geht vor. Ist zum Glück nur eine Platzwunde – in der Regel enden Kokosnussunfälle nämlich tödlich. Aber wisst ihr was? Schnappt euch doch bitte meinen zweiten Arztkoffer und verabreicht dem Otto schon mal ein paar Morphium-Tabletten gegen die Schmerzen. Ich komme dann nach.“
Frage: Wo ist Anouks zweiter Arztkoffer?","We report to Anouk about the injured full sailor Otto. She frowns: 'What on earth is going on here? Wannabe cook Igor gets a coconut dropped on his head, Otto gets a foot shorter ... sorry guys, but I have to take care of Igor first. The team comes first. Luckily it's just a laceration – normally coconut accidents end fatally. But tell you what? Please grab my second medical kit and give Otto some morphine tablets for the pain. I'll follow later.'
Question: Where is Anouk's second medical kit?","Ми повідомляємо Аноук про пораненого матроса Отто. Вона хмурить брови: «Та що тут взагалі коїться? Горе-кухарю Ігорю кокос падає на голову, Отто позбувається стопи... Вибачте, друзі, але спочатку я маю подбати про Ігоря. Команда на першому місці. На щастя, там лише забита рана, адже зазвичай нещасні випадки з кокосами смертельні. Але знаєте що? Візьміть, будь ласка, мою другу медичну валізу й дайте Отто кілька таблеток морфію від болю. А я згодом підійду».
Запитання: Де перебуває друга медична валіза Аноук?","Мы сообщаем Аноук о раненом матросе Отто. Она хмурит брови: «Да что здесь вообще происходит? Горе-повару Игорю кокос падает на голову, Отто лишается стопы... Извините, ребята, но сначала я должна позаботиться об Игоре. Команда на первом месте. К счастью, там только ушибленная рана, ведь обычно несчастные случаи с кокосами смертельны. Но знаете что? Возьмите, пожалуйста, мой второй медицинский чемодан и дайте Отто несколько таблеток морфия от боли. А я позже подойду».
Вопрос: Где находится второй медицинский чемодан Аноук?"
3-11,answer,,"Anouks zweiter Arztkoffer liegt im gelben Auto. Er ist durch die Fensterscheibe erkennbar. Das weiße Kreuz und die Schrift prägen zwar auf der abgewandten Seite, aber Farbe, Form, Griff und Größe des Koffers sind identisch mit dem Arztkoffer, den Anouk vor sich trägt. Dass das Auto abgeschlossen ist, stört uns nicht im Geringsten: Da wir den Autoschlüssel mit der Nummer 143 ja bereits gefunden haben, können wir den Arztkoffer problemlos herausholen. Endlich läuft mal etwas nach Plan!","Anouk's second medical kit lies in the yellow car. It can be seen through the window pane. Although the white cross and lettering are on the facing-away side, the color, shape, handle, and size of the case are identical to the medical kit Anouk is carrying. The fact that the car is locked doesn't bother us in the least: since we already found the car key with number 143, we can retrieve the medical kit easily. Finally, something is going according to plan!","Друга медична валіза Аноук лежить у жовтому автомобілі. Його видно крізь шибку вікна. Хоча білий хрест і напис розташовані з протилежного боку, колір, форма, ручка та розмір валізи ідентичні медичній валізі, яку Аноук тримає перед собою. Те, що машина зачинена, нас абсолютно не турбує: оскільки ми вже знайшли автомобільний ключ під номером 143, ми можемо без проблем дістати валізу. Нарешті хоч щось іде за планом!","Второй медицинский чемодан Аноук лежит в желтом автомобиле. Его видно через оконное стекло. Хотя белый крест и надпись находятся с противоположной стороны, цвет, форма, ручка и размер чемодана идентичны медицинскому чемодану, который Аноук держит перед собой. То, что машина заперта, нас абсолютно не беспокоит: поскольку мы уже нашли автомобильный ключ под номером 143, мы можем без проблем достать чемодан. Наконец-то хоть что-то идет по плану!"
3-12,question,2,"Doch zu früh gefreut: Wir öffnen den Arztkoffer und müssen enttäuscht feststellen, dass die Morphium-Flasche leer ist. Keine einzige Tablette mehr. Einmal mit Profis arbeiten ... sei's drum. Wir erinnern uns dunkel, dass wir eine solche Flasche – weiß mit blauem Etikett – schon mal irgendwo anders gesehen haben.
Frage: Wo befindet sich eine weitere weiße Morphium-Flasche mit blauem Etikett?","But we rejoiced too soon: we open the medical kit and are disappointed to find that the morphine bottle is empty. Not a single tablet left. Working with professionals, indeed ... be that as it may. We vaguely remember having seen such a bottle – white with a blue label – somewhere else before.
Question: Where is another white morphine bottle with a blue label located?","Але ми рано раділи: ми відкриваємо медичну валізу й з розчаруванням виявляємо, що флакон із морфієм порожній. Жодної таблетки. Справжні професіонали, що й казати... Менше з тим. Ми невиразно пригадуємо, що вже бачили такий самий флакон — білий із синьою етикеткою — десь в іншому місці.
Запитання: Де розташований ще один білий флакон морфію з синьою етикеткою?","Но мы рано радовались: мы открываем медицинский чемодан и с разочарованием обнаруживаем, что флакон с морфием пуст. Ни одной таблетки. Настоящие профессионалы, ничего не скажешь... Как бы то ни было. Мы смутно припоминаем, что уже видели такой же флакон — белый с синей этикеткой — где-то в другом месте.
Вопрос: Где находится еще один белый флакон морфия с синей этикеткой?"
3-13,answer,,Die gesuchte weiße Morphium-Flasche mit blauem Etikett befindet sich im Inneren des roten Kastenwagens. Ein Glück – die Flasche ist voll! Mindesthaltbarkeitsdatum? Interessiert uns nicht.,The desired white morphine bottle with the blue label is located inside the red van. Lucky us – the bottle is full! Expiration date? We don't care.,Потрібний білий флакон морфію з синьою етикеткою лежить всередині старого червоного фургона. Яке щастя — флакон повний! Термін придатності? Нас це не цікавить.,Нужный белый флакон морфия с синей этикеткой находится внутри старого красного фургона. Какое счастье — флакон полон! Срок годности? Нас это не интересует.
3-14,question,3,"Wir eilen zurück zum verletzten Otto und verabreichen ihm eine ordentliche Dosis Morphium-Tabletten gegen die Schmerzen. Alsbild entspannen sich seine Gesichtszüge. Selig grinsend murmelt er: „Ah, schon viel besser ... danke euch! Sagt mal, ihr seid doch gut zu Fuß – und ich kann hier ja schlecht weg momentan. Darum: Könnt ihr meine Kollegin Ling für mich suchen? Die ist schon vor Ewigkeiten los, um irgendwas Essbares aufzutreiben. Sie ist kaum zu übersehen, trägt ein schräges Narrenkostüm.“ Narrenkostüm? Besser, wir fragen gar nicht erst nach ...
Frage: Wo ist Ottos Kollegin Ling?","We rush back to the injured Otto and give him a proper dose of morphine tablets for the pain. Immediately his facial features relax. Smiling blissfully, he murmurs: 'Ah, much better ... thank you! Tell me, you are good on your feet – and I can hardly leave here right now. Therefore: Can you search for my colleague Ling for me? She left ages ago to find something edible. She is hard to miss, she is wearing a weird jester costume.' Jester costume? Better not ask ...
Question: Where is Otto's colleague Ling?","Ми поспішаємо назад до пораненого Отто й даємо йому пристойну дозу таблеток морфію від болю. Одразу ж його обличчя розслабляється. Блаженно посміхаючись, він бурмоче: «Ох, уже набагато краще... дякую вам! Слухайте, ви ж люди рухливі — а я звідси зараз навряд чи кудись піду. Тому: чи не могли б ви розшукати для мене мою колегу Лінг? Вона вже бозна-коли пішла шукати щось їстівне. Її важко не помітити, вона вбрана в дивний блазенський костюм». Блазенський костюм? Краще навіть не питати... 
Запитання: Де перебуває колега Отто, Лінг?","Мы спешим обратно к раненому Отто и даем ему приличную дозу таблеток морфия от боли. Тотчас же его лицо расслабляется. Блаженно улыбаясь, он бормочет: «Ох, уже гораздо лучше... спасибо вам! Слушайте, вы ведь люди подвижные — а я отсюда сейчас вряд ли куда-то уйду. Поэтому: не могли бы вы разыскать для меня мою коллегу Линг? Она уже бог весть когда ушла искать что-то съедобное. Ее трудно не заметить, она одета в странный шутовской костюм». Шутовской костюм? Лучше даже не спрашивать... 
Вопрос: Где находится коллега Отто, Линг?"
3-15,answer,,"Ottos Kollegin Ling badet entspannt in der Lagune am Wasserfall. Zwar sehen wir nur ihren Kopf aus dem Wasser ragen, aber sie trägt dieselbe Schnorchel-Ausrüstung, die auch bei Otto liegt. Das besagte Narrenkostüm hat sie neben der Lagune über einen Busch gehängt. Die Narrenkappe liegt neben ihr auf einem Felsen. Nacktbaden olé!","Otto's colleague Ling is relaxing and bathing in the lagoon near the waterfall. Although we only see her head sticking out of the water, she is wearing the same snorkel gear that lies near Otto. She hung the said jester costume over a bush next to the lagoon. The jester's cap lies next to her on a rock. Skinny dipping, ole!","Колега Отто, Лінг, розслаблено купається в лагуні біля водоспаду. Хоча ми бачимо лише її голову, що стирчить із води, на ній таке ж спорядження для снорклінгу, яке лежить поруч із Отто. Згаданий блазенський костюм вона повісила на кущ біля лагуни. А блазенський ковпак лежить поруч із нею на скелі. Голе купання, оле!","Коллега Отто, Линг, расслабленно купается в лагуне у водопада. Хотя мы видим только ее голову, торчащую из воды, на ней такое же снаряжение для снорклинга, какое лежит рядом с Отто. Упомянутый шутовской костюм она повесила на куст возле лагуны. А шутовской колпак лежит рядом с ней на скале. Голое купание, оле!"
3-16,question,2,"Ling erschrickt, als sie uns sieht: „Hilfe, wo kommt ihr denn her?! Otto schickt euch? Lebt der noch? Gut, gut, aber der soll sich mal ruhig noch ein bisschen gedulden – Fuß ab hin oder her. Der Typ war an Bord unseres Schiffes immer der größte Tyrann, alle hatten Angst vor ihm. Und jetzt? Liegt er hilflos da wie ein Baby und fleht mich an, ihm zu helfen. No Sir, jetzt ist erst mal ein bisschen Me-Time angesagt. Die Lagune hier ist mein Happy-Place.“ In diesem Moment ertönt ein Hilferuf, der ironischerweise nicht von Otto stammt: „Uaaah, aua! Meine Füße!“
Frage: Von wem kommt der Hilferuf?","Ling is startled when she sees us: 'Help, where on earth did you come from?! Otto sent you? Is he still alive? Good, good, but he can wait a little longer – foot chopped off or not. That guy was always the biggest tyrant on board our ship, everyone was afraid of him. And now? He lies there helpless like a baby and begs me to help him. No Sir, now it's time for some 'me-time'. This lagoon here is my happy place.' In this moment, a cry for help rings out, which ironically does not come from Otto: 'Uaaah, ouch! My feet!'
Question: Who is the cry for help coming from?","Лінг лякається, коли бачить нас: «Рятуйте, звідки ви взялися?! Вас прислав Отто? Він ще живий? Добре, добре, але нехай він ще трохи зачекає — відірвана стопа чи ні. Цей хлопець на нашому кораблі завжди був найбільшим тираном, усі його боялися. А тепер? Лежить безпорадний, як немовля, і благає мене про допомогу. Ні, сер, зараз у мене час для себе. Ця лагуна — моє улюблене місце відпочинку». У цей момент лунає крик про допомогу, який, за іронією долі, належить не Отто: «Уууааа, ай! Мої ноги!»
Запитання: Від кого лунає крик про допомогу?","Линг пугается, когда видит нас: «Помогите, откуда вы взялись?! Вас прислал Отто? Он еще жив? Хорошо, хорошо, но пусть он еще немного подождет — оторванная стопа или нет. Этот парень на нашем корабле всегда был самым большим тираном, все его боялись. А теперь? Лежит беспомощный, как младенец, и умоляет меня о помощи. Нет, сэр, сейчас у меня время для себя. Эта лагуна — мое любимое место отдыха». В этот момент раздается крик о помощи, который, по иронии судьбы, исходит не от Отто: «Уууааа, ай! Мои ноги!»
Вопрос: От кого исходит крик о помощи?"
3-17,answer,,"Der Hilferuf kommt von einer Person, die kopfüber an einer Schlingenfalle hinter dem Toilettenhaus hin und her baumelt. Schau an, Silvio, unser Geologe ...","The cry for help comes from a person dangling upside down from a loop trap behind the toilet building. Look at that, Silvio, our geologist ...","Крик про допомогу лунає від людини, яка висить догори дриґом у шнуровій пастці (петлі) позаду вбиральні й гойдається туди-сюди. Дивись-но, це ж Сільвіо, наш геолог...","Крик о помощи исходит от человека, который висит вверх тормашками в веревочной ловушке (петле) позади уборной и раскачивается туда-сюда. Смотри-ка, это же Сильвио, наш геолог..."
3-18,question,1,"Wir befreien den hektisch mit den Armen rudernden Silvio aus der Schlinge. Er schnaubt: „Grazie mille! Da schlendert man mir nichts dir nichts umher und zack, schon hängt man hier blöd in der Gegend rum. Welcher Idiot hat die Falle ausgelegt?“ Achtsam wie wir sind, haben wir natürlich schon ein paar weitere Schlingenfallen erspäht.
Frage: Wie viele Schlingenfallen sehen wir insgesamt auf der Insel?","We free Silvio, who is frantically waving his arms, from the loop. He pants: 'Grazie mille! You stroll along minding your own business and bam, you're hanging around here stupidly. Which idiot laid out the trap?' Observant as we are, we have of course already spotted a few other loop traps.
Question: How many loop traps do we see in total on the island?","Ми звільняємо Сільвіо, який гарячково розмахує руками, з петлі. Він пихтить: «Grazie mille! Гуляєш собі спокійно, і раптом — бац, і вже висиш тут як дурень. Який бовдур розставив ці пастки?» Будучи уважними, ми, звісно, вже помітили ще кілька таких пасток-петель.
Запитання: Скільки всього шнурових пасток (петель) ми бачимо на острові?","Мы освобождаем Сильвио, лихорадочно размахивающего руками, из петли. Он пыхтит: «Grazie mille! Гуляешь себе спокойно, и вдруг — бац, и уже висишь тут как дурак. Какой болван расставил эти ловушки?» Будучи внимательными, мы, конечно, уже заметили еще несколько таких ловушек-петель.
Вопрос: Сколько всего веревочных ловушек (петель) мы видим на острове?"
3-19,answer,,"Insgesamt sehen wir vier Schlingenfallen auf der Insel: „Silvios“ Schlingenfalle hinter dem Toilettenhaus, eine weitere zwischen Toilettenhaus und Sternwarte, eine südlich vom Buswrack und eine nördlich vom roten Kastenwagen. An der letztgenannten Falle macht sich gerade ein Mann zu schaffen. Der Mann gehört nicht zu unserer Expeditionsgruppe! Wieso ist der uns bisher noch nicht aufgefallen?!","In total, we see four loop traps on the island: 'Silvio's' loop trap behind the toilet building, another one between the toilet building and the observatory, one south of the bus wreck, and one north of the red van. A man is currently working on the latter trap. The man does not belong to our expedition group! Why haven't we noticed him until now?!","Загалом ми бачимо чотири шнурові пастки на острові: пастку «Сільвіо» за вбиральнею, ще одну між вбиральнею та обсерваторією, одну на південь від уламків автобуса та одну на північ від старого червоного фургона. Біля останньої пастки якраз копирсається якийсь чоловік. Цей чоловік не входить до нашої експедиційної групи! Чому ж ми досі його не помічали?!","Всего мы видим четыре веревочные ловушки на острове: ловушку «Сильвио» за уборной, еще одну между уборной и обсерваторией, одну к югу от обломков автобуса и одну к северу от старого красного фургона. Возле последней ловушки как раз возится какой-то мужчина. Этот мужчина не входит в нашу экспедиционную группу! Почему же мы до сих пор его не замечали?!"
3-20,question,1,"Wir stellen den fremden Mann wegen der Schlingenfallen zur Rede, doch er reagiert hoch-erfreut: „Menschen? Wow, Menschen, endlich! Hi zusammen, ich bin Jerry. Jerry, der Einsiedler. So zumindest nennt mich meine Frau Sheila inzwischen. Wir beide sind nämlich vor vielen Wochen hier mit unserer Perle vor Anker gegangen. Aber schon am zweiten Tag waren die Schlüssel zum Boot weg. Und unser Funkgerät auch! Seither hocken wir hier rum und warten auf Rettung!“
Frage: Welche Gegenstände, die offensichtlich zum Boot von Jerry und Sheila gehören, finden wir auf der Insel?","We confront the foreign man about the loop traps, but he reacts highly delighted: 'Humans? Wow, humans, finally! Hi everyone, I'm Jerry. Jerry the hermit. At least that's what my wife Sheila calls me by now. The two of us anchored here weeks ago with our Pearl. But on the very second day, the keys to the boat were gone. And our radio too! Since then, we've been crouching here waiting for rescue!'
Question: Which objects, which obviously belong to Jerry and Sheila's boat, do we find on the island?","Ми кличемо чужинця до відповіді через розставлені пастки, але він реагує надзвичайно радісно: «Люди? Ого, люди, нарешті! Привіт усім, я Джеррі. Джеррі-відшельник. Так принаймні мене тепер називає моя дружина Шейла. Ми обидва причалили тут кілька тижнів тому на нашій «Перлині». Але вже на другий день ключі від човна зникли. І наша рація теж! З того часу ми сидимо тут і чекаємо на порятунок!»
Запитання: Які предмети, що очевидно належать до човна Джеррі та Шейли, ми бачимо на острові?","Мы призываем чужака к ответу из-за расставленных ловушек, но он реагирует чрезвычайно радостно: «Люди? Ого, люди, наконец-то! Привет всем, я Джерри. Джерри-отшельник. Так по крайней мере меня теперь называет моя жена Шейла. Мы оба причалили здесь несколько недель назад на нашей «Жемчужине». Но уже на второй день ключи от лодки пропали. И наша рация тоже! С тех пор мы сидим здесь и ждем спасения!»
Вопрос: Какие предметы, очевидно принадлежащие к лодке Джерри и Шейлы, мы видим на острове?"
3-21,answer,,"Die „Perle“, wie Jerry sein Boot liebevoll nennt, ist die „Red Pearl“. Das Boot ist durch und durch rot – ebenso wie die drei beschrifteten Gegenstände, die offensichtlich dazu gehören: Der Kühlschrank beim Buswrack, der Kanister auf dem Dach des blauen Matrosenhauses und der Rettungsring beim Flugzeugwrack. Merkwürdig, Jerrys Schlüssel-Geschichte gleicht haargenau der unseren. Auch unsere Schlüssel und unser Funkgerät sind nach wie vor verschwunden. Kerry-Ann sowieso.","The 'Pearl', as Jerry lovingly calls his boat, is the 'Red Pearl'. The boat is red through and through – just like the three labeled objects that obviously belong to it: The refrigerator near the bus wreck, the canister on the roof of the blue sailor's house, and the lifebuoy near the plane wreck. Strange, Jerry's key story matches ours exactly. Our keys and our radio are still missing as well. Kerry-Ann anyway.","«Перлина», як любовно називає свій човен Джеррі, — це «Red Pearl». Човен повністю червоний, так само як і три підписані предмети, які явно належать до нього: холодильник біля уламків автобуса, каністра на даху синього будинку матросів та рятувальний круг біля уламків літака. Дивно, історія Джеррі з ключами точнісінько копіює нашу. Наші ключі та наша рація також безслідно зникли. І Керрі-Енн також.","«Жемчужина», как любовно называет свою лодку Джерри, — это «Red Pearl». Лодка полностью красная, так же как и три подписанных предмета, явно принадлежащие к ней: холодильник возле обломков автобуса, канистра на крыше синего дома матросов и спасательный круг возле обломков самолета. Странно, история Джерри с ключами точь-в-точь копирует нашу. Наши ключи и наша рация тоже бесследно пропали. И Керри-Энн тоже."
3-22,question,2,"Aber können wir Jerry einfach so glauben? Warum legt er Fallen aus? Er berichtet uns von einer Art unheimlichem Monster, das nachts auf der Insel sein Unwesen treibt und dem er mit den Fallen den Kampf ansagen will. „Habt ihr etwa das schreckliche Geheul noch nicht gehört? Das stammt nicht vom Vulkan, nein. Ich sag's euch, das ist das Monster!“ Ungläubig schauen wir ihn an. „Wenn ihr mir nicht glaubt, dann fragt doch meine Frau Sheila. Sie hat das Monster schon mit eigenen Augen gesehen! Ihr findet sie beim alten Bootswrack.“
Frage: In welche Himmelsrichtung müssen wir laufen, um zum alten Bootswrack zu kommen?","But can we just believe Jerry like that? Why does he lay out traps? He tells us about a kind of scary monster that causes mischief on the island at night, and which he wants to fight with the traps. 'Have you not heard the terrible howling yet? That doesn't come from the volcano, no. I'm telling you, that is the monster!' Disbelievingly, we look at him. 'If you don't believe me, ask my wife Sheila. She has seen the monster with her own eyes! You can find her near the old boat wreck.'
Question: Which direction of the compass do we have to walk to get to the old boat wreck?","Але чи можемо ми просто так вірити Джеррі? Чому він розставляє пастки? Він розповідає нам про якесь моторошне чудовисько, яке вечами блукає островом і якому він хоче оголосити війну за допомогою пасток. «Хіба ви ще не чули це жахливе виття? Воно йде не від вулкана, ні. Кажу вам, це монстр!» Ми дивимося на нього з недовірою. «Якщо не вірите мені, запитайте мою дружину Шейлу. Вона бачила монстра на власні очі! Ви знайдете її біля старих уламків човна».
Запитання: У якому напрямку світу нам потрібно йти, щоб дістатися до старих уламків човна?","Но можем ли мы просто так верить Джерри? Почему он расставляет ловушки? Он рассказывает нам о каком-то жутком чудовище, которое по ночам бродит по острову и которому он хочет объявить войну с помощью ловушек. «Разве вы еще не слышали этот ужасный вой? Он исходит не от вулкана, нет. Говорю вам, это монстр!» Мы смотрим на него с недоверием. «Если не верите мне, спросите мою жену Шейлу. Она видела монстра своими собственными глазами! Вы найдете ее возле старых обломков лодки».
Вопрос: В каком направлении света нам нужно идти, чтобы добраться до старых обломков лодки?"
3-23,answer,,"Auf unseren Faltplänen können wir das alte Bootswrack zwar nicht entdecken. Aber glücklicherweise haben wir ja noch unsere altbewährten Drohnenaufnahmen: Das in zwei Teile gebrochene, hölzerne Wrack liegt im Nordosten der Insel. Wir machen uns auf den Weg dorthin, um Jerrys Frau Sheila zu treffen. Die zwei Armen – wenn sie wirklich schon so lange auf der Insel festsitzen, dann dürfte die radioaktive Strahlenbelastung ihnen inzwischen übel mitgespielt haben! Wir beschließen, dieses Thema in ihrer Gegenwart vorerst nicht zu erwähnen.","We can't spot the old boat wreck on our folding maps. But fortunately, we still have our tried-and-tested drone footage: The wooden wreck, broken in two, lies in the northeast of the island. We make our way there to meet Jerry's wife Sheila. The two poor souls – if they have really been stuck on the island for so long, the radioactive radiation must have taken a heavy toll on them by now! We decide not to mention this topic in their presence for now.","На наших розкладних планах ми не знаходимо старого уламка човна. Але, на щастя, у нас є наші старі добрі знімки з дронів: розбитий навпіл дерев'яний човен лежить на північному сході острова. Ми вирушаємо туди, щоб зустріти дружину Джеррі, Шейлу. Бідолахи — якщо вони справді так довго застрягли на острові, то радіоактивне опромінення вже мало сильно їм зашкодити! Ми вирішуємо поки що не згадувати цю тему в їхній присутності.","На наших раскладных планах мы не находим старого обломка лодки. Но, к счастью, у нас есть наши старые добрые снимки с дронов: разбитая пополам деревянная лодка лежит на северо-востоке острова. Мы отправляемя туда, чтобы встретить жену Джерри, Шейлу. Бедняги — если они действительно так долго застряли на острове, то радиоактивное облучение уже должно было сильно им навредить! Мы решаем пока не упоминать эту тему в их присутствии."
3-24,question,2,"Beim Bootswrack angekommen, finden wir leider nicht den Hauch einer Spur von Sheila. Hat Jerry uns angelogen? Oder hat Sheila Jerry angelogen? Wir sind auf dem Rückweg zu Jerry, um ihn erneut zu befragen. Da ertönt plötzlich wieder das „monströse“ Geheul, dieses Mal lauter als sonst. Hoch oben an der Festungsmauer entdecken wir einen riesigen Lautsprecher. Das Geheul scheint aus dem Lautsprecher zu klingen. Wir folgen dem von der Decke herabhängenden Kabel – vielleicht finden wir am anderen Ende den Grund für das Geräusch.
Frage: Wohin führt das Kabel des Lautsprechers an der Festungsmauer?","Arrived at the boat wreck, we unfortunately find no trace of Sheila. Did Jerry lie to us? Or did Sheila lie to Jerry? We are on the way back to Jerry to question him again. Then suddenly the 'monstrous' howling sounds again, this time louder than usual. High up on the fortress wall we discover a huge speaker. The howling seems to come from the speaker. We follow the cable hanging down from the ceiling – maybe we will find the reason for the noise at the other end.
Question: Where does the cable of the loudspeaker on the fortress wall lead?","Прибувши до уламків човна, ми, на жаль, не знаходимо жодного сліду Шейли. Чи збрехав нам Джеррі? Чи Шейла збрехала Джеррі? Ми повертаємося назад до Джеррі, щоб знову його розпитати. Раптом знову лунає «монструозне» виття, цього разу голосніше, ніж зазвичай. Високо на стіні фортеці ми помічаємо величезний гучномовець. Схоже, виття лунає саме з нього. Ми йдемо за кабелем, що звисає зі стіни — можливо, на іншому кінці ми знайдемо джерело цього звуку.
Запитання: Куди веде кабель від гучномовця на стіні фортеці?","Прибыв к обломкам лодки, мы, к сожалению, не находим ни малейшего следа Шейлы. Солгал ли нам Джерри? Или Шейла солгала Джерри? Мы возвращаемся обратно к Джерри, чтобы снова его расспросить. Вдруг снова раздается «монструозный» вой, на этот раз громче, чем обычно. Высоко на стене крепости мы замечаем огромный громкоговоритель. Похоже, вой исходит именно из него. Мы идем по кабелю, свисающему со стены — возможно, на другом конце мы найдем источник этого звука.
Вопрос: Куда ведет кабель от громкоговорителя на стене крепости?"
3-25,answer,,"Das besagte Lautsprecherkabel führt die Festungsmauer hinab, vor dem Trafohaus entlang, hin zu zwei Solarplatten, die auf dem Flügel des Flugzeugwracks montiert sind. Der Lautsprecher bekommt seinen Strom also über eine kleine Photovoltaik-Anlage. Interessant, aber den Grund für die Geräusche, geschweige denn ein Monster, finden wir hier nicht.","The said speaker cable leads down the fortress wall, along the front of the transformer house, to two solar panels mounted on the wing of the plane wreck. So the speaker gets its power from a small photovoltaic system. Interesting, but we don't find the reason for the noises, let alone a monster, here.","Згаданий кабель від гучномовця йде вниз по стіні фортеці, вздовж трансформаторної будки, аж до двох сонячних панелей, встановлених на крилі уламків літака. Отже, гучномовець отримує живлення від невеликої фотоелектричної системи. Цікаво, але джерела звуку, а тим більше монстра, ми тут не знаходимо.","Упомянутый кабель от громкоговорителя идет вниз по стене крепости, вдоль трансформаторной будки, вплоть до двух солнечных панелей, установленных на крыле обломков самолета. Таким образом, громкоговоритель получает питание от небольшой фотоэлектрической системы. Интересно, но источника звука, а тем более монстра, мы здесь не находим."
3-26,question,1,"Wir schauen uns um und entdecken noch einen zweiten Lautsprecher. Dieser hat bislang noch keine Geräusche von sich gegeben.
Frage: Warum funktioniert der zweite Lautsprecher nicht?","We look around and discover a second speaker. This one has not made any noise so far.
Question: Why is the second speaker not working?","Ми озираємося навколо й помічаємо другий гучномовець. Він досі не видавав жодних звуків.
Запитання: Чому не працює другий гучномовець?","Мы оглядываемся вокруг и замечаем второй громкоговоритель. Он до сих пор не издавал никаких звуков.
Вопрос: Почему не работает второй громкоговоритель?"
3-27,answer,,"Der zweite Lautsprecher hängt am Kirchturm. Irgendjemand hat in der Nähe des Friedhofs ein neues Grab angelegt. Dann hat die Person ihren Spaten neben dem Grab in die Erde gerammt und dabei vorsätzlich oder aus Versehen das Kabel des zweiten Lautsprechers gekappt. Einen kurzen Moment lang beschleicht uns der düstere Gedanke, dass hier unsere verschwundene Expeditionsleiterin Kerry-Ann begraben liegen könnte. Aber Entwarnung: Die Erde ist nicht mehr frisch genug – das Grab muss schon einige Tage vor unserer Ankunft angelegt worden sein.","The second speaker hangs on the church tower. Someone has dug a new grave near the cemetery. Then the person rammed their shovel into the ground next to the grave and, intentionally or accidentally, cut the cable of the second speaker. For a short moment, we get the dark thought that our missing expedition leader Kerry-Ann might be buried here. But false alarm: the soil is no longer fresh – the grave must have been dug several days before our arrival.","Другий гучномовець висить на церковній дзвіниці. Хтось вирив нову могилу біля кладовища. Потім ця людина встромила свою лопату в землю поруч із могилою й при цьому — навмисно чи випадково — перебила кабель другого гучномовця. На якусь мить у нас виникає похмура думка, що тут може бути похована наша зникла керівниця Керрі-Енн. Але можемо заспокоїтися: земля вже не свіжа — могилу вирили за кілька днів до нашого прибуття.","Второй громкоговоритель висит на церковной колокольне. Кто-то вырыл новую могилу возле кладбища. Затем этот человек вонзил свою лопату в землю рядом с могилой и при этом — намеренно или случайно — перебил кабель второго громкоговорителя. На какой-то миг у нас возникает мрачная мысль, что здесь может быть похоронена наш пропавший руководитель Керри-Энн. Но можем успокоиться: земля уже не свежая — могилу вырыли за несколько дней до нашего прибытия."
3-28,question,3,"Trotzdem drängen sich zwei Fragen auf: Wer hat das Grab angelegt? Und wer oder was ist hier begraben? Das kleine Holzkreuz trägt keine Inschrift. Daher können wir aktuell nur spekulieren. Tun wir einfach das, was wir am besten können: zählen!
Frage: Wie viele Gräber sehen wir auf der Insel?","Nevertheless, two questions arise: Who dug the grave? And who or what is buried here? The small wooden cross has no inscription. Therefore, we can currently only speculate. Let's just do what we do best: count!
Question: How many graves do we see on the island?","Проте виникають два питання: хто вирив цю могилу? І хто або що тут поховано? На маленькому дерев'яному хресті немає жодного напису. Тому зараз ми можемо лише будувати здогадки. Давайте зробимо те, що ми вміємо найкраще: порахуємо!
Запитання: Скільки могил ми бачимо на острові?","Тем не менее возникают два вопроса: кто вырыл эту могилу? И кто или что здесь похоронено? На маленьком деревянном кресте нет никакой надписи. Поэтому сейчас мы можем только строить догадки. Давайте сделаем то, что мы умеем лучше всего: посчитаем!
Вопрос: Сколько могил мы видим на острове?"
3-29,answer,,"Insgesamt sehen wir elf Gräber auf der Insel. Auf dem Friedhof sind acht alte Gräber plus das ominöse, neu angelegte Grab. Ein Grab ist neben dem Kapitänshaus und eines im Höhlenbogen zwischen Labor und Toilettenhaus. Wir fragen uns, ob und wie all diese merkwürdigen Dinge zusammenhängen: das Verschwinden von Kerry-Ann, die entwendeten Sachen, die Gräber, die Radioaktivität, das Geheule, das angebliche Monster. Wir beschließen, das „Verhör“ mit Jerry aufzuschieben. Stattdessen tun wir etwas, was wir vielleicht schon viel früher hätten tun sollen: Wir begeben uns in die alte Festung ...","In total, we see eleven graves on the island. In the cemetery, there are eight old graves plus the ominous, newly dug grave. One grave is next to the Captain's House and one in the cave arch between the laboratory and the toilet building. We wonder if and how all these strange things are connected: Kerry-Ann's disappearance, the stolen things, the graves, the radioactivity, the howling, the alleged monster. We decide to postpone the 'interrogation' of Jerry. Instead, we do something we probably should have done much earlier: we enter the old fortress ...","Загалом ми бачимо одинадцять могил на острові. На кладовищі розташовані вісім старих могил плюс та сама загадкова нова могила. Ще одна могила лежить біля капітанського будинку і одна — в арці печери між лабораторією та вбиральнею. Ми думаємо, чи пов'язані між собою всі ці дивні речі: зникнення Керрі-Енн, вкрадені речі, могили, радіоактивність, виття та вигадане чудовисько. Ми вирішуємо відкласти «допит» Джеррі. Замість цього зробимо те, що мали зробити набагато раніше: ми вирушаємо до старої фортеці...","Всего мы видим одиннадцать могил на острове. На кладбище находятся восемь старых могил плюс та самая загадочная новая могила. Еще одна могила лежит возле капитанского дома и одна — в арке пещеры между лабораторией и уборной. Мы думаем, связаны ли между собой все эти странные вещи: исчезновение Керри-Энн, украденные вещи, могилы, радиаоактивность, вой и выдуманное чудовище. Мы решаем отложить «допрос» Джерри. Вместо этого сделаем то, что должны были сделать гораздо раньше: мы отправляемся в старую крепость..."
3-30,image,,[Bild: Das Innere der Festung mit einem biologischen Schutzbereich und einem Zelt],[Image: The interior of the fortress with a biohazard containment area and a tent],[Зображення: Інтер'єр фортеці з зоною біологічного захисту та наметом],[Изображение: Интерьер крепости с зоной биологической защиты и палаткой]
3-31,image,,[Bild: Jemand untersucht goldene Statuen im Inneren der Festung],[Image: Someone examining golden statues inside the fortress],[Зображення: Хтось досліджує золоті статуї всередині фортеці],[Изображение: Кто-то исследует золотые статуи внутри крепости]
3-32,question,2,"Die Festung ist wahrhaft beeindruckend! Wie viele Schiffe der alte Haudegen Edward Davis wohl geplündert haben muss, um sich all das hier leisten zu können? Staunend blicken wir uns um ... nanu? Wir sind nicht allein!
Frage: Auf wen treffen wir in der Festung - und wo haben wir diese Person schon gesehen?","The fortress is truly impressive! How many ships must the old warrior Edward Davis have plundered to be able to afford all of this here? Wondrously, we look around ... wait? We are not alone!
Question: Who do we meet in the fortress – and where have we seen this person before?","Фортеця справді вражає! Скільки ж кораблів мав розграбувати старий вояка Едвард Девіс, щоб дозволити собі все це? Ми озираємося навколо із захопленням... ого! Ми тут не самі!
Запитання: Кого ми зустрічаємо у фортеці — і де ми вже бачили цю людину раніше?","Крепость действительно впечатляет! Сколько же кораблей должен был разграбить старый вояка Эдвард Дэвис, чтобы позволить себе все это? Мы оглядываемся вокруг с восхищением... ого! Мы здесь не одни!
Вопрос: Кого мы встречаем в крепости — и где мы уже видели этого человека раньше?"
3-33,answer,,"Im Inneren der Festung treffen wir auf Carmen. Eben jene Carmen, die wir bereits im Labor und auf Toms zerrissenem Foto gesehen haben. Eben jene Carmen, die deren pinke Capri-Hosen auf der Gepäckliste vermerkt sind, von der wir aber immer noch nicht wissen, warum sie eigentlich Teil unserer Expeditionsgruppe ist.","Inside the fortress, we meet Carmen. The very same Carmen whom we have already seen in the laboratory and on Tom's torn photo. The very same Carmen whose pink Capri pants are noted on the luggage list, but of whom we still don't know why she is actually part of our expedition group.","Всередині фортеці ми зустрічаємо Кармен. Ту саму Кармен, яку ми вже бачили в лабораторії та на розірваному фото Тома. Ту саму Кармен, чиї рожеві штани капрі значаться у списку багажу, але про яку ми досі не знаємо, чому вона взагалі входить до нашої експедиційної групи.","Внутри крепости мы встречаем Кармен. Ту самую Кармен, которую мы уже видели в лаборатории и на разорванном фото Тома. Ту самую Кармен, чьи розовые брюки капри значатся в списке багажа, но о которой мы до сих пор не знаем, почему она вообще входит в нашу экспедиционную группу."
3-34,question,1,"Carmen zuckt zusammen: „Boah, ihr schon wieder?! Erschreckt mich doch nicht immer so. Verfolgt ihr mich etwa?“ Carmen verhält sich merkwürdig.
Frage: Was versucht Carmen vor uns geheim zu halten?","Carmen startles: 'Wow, you guys again?! Don't always scare me like that. Are you following me?' Carmen behaves strangely.
Question: What is Carmen trying to keep secret from us?","Кармен здригається: «Ой, знову ви?! Не лякайте мене так постійно. Ви що, переслідуєте мене?» Кармен поводиться дуже дивно.
Запитання: Що саме Кармен намагається приховати від нас?","Кармен вздрагивает: «Ой, опять вы?! Не пугайте меня так постоянно. Вы что, преследуете меня?» Кармен ведет себя очень странно.
Вопрос: Что именно Кармен пытается скрыть от нас?"
3-35,answer,,"Die Steinsäule und die Stoffplane verdecken mehr schlecht als recht zwei goldglänzende Einhorn-Statuen. Sind die Statuen etwa aus purem, echtem GOLD?! Kaum zu glauben, das kann nicht wahr sein! Der Schatz des Edward Davis?!
Carmen hält eine Schere und ein Seil in der Hand. Offenbar ist sie gerade dabei, die Statuen zu verpacken. Die Form der Statuen gleicht denen, die wir vereinzelt schon draußen auf der Insel gesehen haben. Carmen druckst kurz herum, merkt aber schnell, dass sie uns eine Erklärung schuldig ist.","The stone column and the tarp cover, rather poorly, two shiny golden unicorn statues. Are the statues actually made of pure, real GOLD?! Hard to believe, it can't be true! The treasure of Edward Davis?!
Carmen holds scissors and a rope in her hand. Apparently, she is in the process of packing the statues. The shape of the statues resembles those we have occasionally seen outside on the island. Carmen hesitates briefly, but quickly realizes she owes us an explanation.","Кам'яна колона та тканинний тент абияк приховують дві золотисті статуї єдинорогів. Невже ці статуї з чистого, справжнього ЗОЛОТА?! Просто неймовірно, це не може бути правдою! Скарби Едварда Девіса?!
Кармен тримає в руках ножиці та мотузку. Очевидно, вона саме збирається упакувати статуї. Форма статуй така ж, як і у тих, які ми подекуди бачили на острові. Кармен трохи ніяковіє, але швидко розуміє, що винна нам пояснення.","Каменная колонна и тканевый тент кое-как скрывают две золотистые статуи единорогов. Неужели эти статуи из чистого, настоящего ЗОЛОТА?! Просто невероятно, это не может быть правдой! Сокровища Эдварда Дэвиса?!
Кармен держит в руках ножницы и веревку. Очевидно, она как раз собирается упаковать статуи. Форма статуй такая же, как и у тех, которые мы кое-где видели на острове. Кармен немного тушуется, но быстро понимает, что должна нам объяснение."
3-36,question,2,"„Also gut ...“ beginnt Carmen. „Wisst ihr, ich bin pensionierte Beamtin. Mein Mann ist früh verstorben. Seither verbringe ich die meiste Zeit mit Reisen. Besser als traurig zu Hause zu hocken. Darum bin ich auch bei der Expedition dabei. Wir alle kennen ja Kerry-Anns Devise: Wer zahlt, darf mit. Wie auch immer, durch Zufall bin ich darauf gestoßen, dass diese komischen Einhörner in Wirklichkeit aus purem Gold sind. Alle! Verborgen unter nichts weiter als einer Farbschicht, ein bisschen Moos und Dreck. Was für ein Wahnsinn! Pures Gold. Ein Fantastillionen-Schatz!“
Frage: Wie viele dieser Einhorn-Statuen sehen wir draußen auf der Insel?","'All right ...' Carmen begins. 'You know, I'm a retired civil servant. My husband passed away early. Since then, I spend most of my time traveling. Better than crouching at home being sad. That's why I'm on the expedition. We all know Kerry-Ann's motto: whoever pays, comes along. Anyway, by chance I stumbled upon the fact that these weird unicorns are actually made of pure gold. All of them! Hidden under nothing more than a layer of paint, some moss and dirt. What madness! Pure gold. A treasure of a zillion!'
Question: How many of these unicorn statues do we see outside on the island?","«Ну добре...» — починає Кармен. «Знаєте, я колишня чиновниця на пенсії. Мій чоловік рано помер. З того часу я майже весь час подорожую. Це краще, ніж сидіти вдома й сумувати. Тому я й приєдналася до експедиції. Ми ж усі знаємо девіз Керрі-Енн: хто платить, той летить. Хай там як, але випадково я дізналася, що ці дивні єдинороги насправді з чистого золота. Усі вони! Сховані під звичайним шаром фарби, мохом та брудом. Яке ж це божевілля! Чисте золото. Скарб на мільярди!»
Запитання: Скільки таких статуй єдинорогів ми бачимо на острові ззовні?","«Ну хорошо...» — начинает Кармен. «Знаете, я бывшая чиновница на пенсии. Мой муж рано умер. С тех пор я почти все время путешествую. Это лучше, чем сидеть дома и грустить. Поэтому я и присоединилась к экспедиции. Мы ведь все знаем девиз Керри-Энн: кто платит, тот летит. Как бы то ни было, случайно я узнала, что эти странные единороги на самом деле из чистого золота. Все они! Скрыты под обычным слоем краски, мхом и грязью. Какое же это безумие! Чистое золото. Сокровище на миллиарды!»
Вопрос: Сколько таких статуй единорогов мы видим снаружи на острове?"
3-37,answer,,"Draußen sehen wir fünf Einhorn-Statuen: je eine beim orange-gelben Matrosenhaus, zwischen Buswrack und Festung, zwischen Toilettenhaus und Flugzeugwrack, unterhalb des großen Zelts und hinter dem Toilettenhaus. Carmen sinniert: „Die Aussicht auf den Goldschatz hat mir den Verstand geraubt! Ja, ich wollte die Entdeckung geheim halten. Mein Plan? Später wiederkommen, Statuen bergen, Gold einschmelzen, verkaufen und dann das ganze Geld für wohltätige Zwecke spenden! Ich selbst brauch eh nicht mehr. In ein paar Jahren bin ich eh tot. Kinder hab ich auch keine. Durch die Spenden würde man mich als göttliche Wohltäterin verehren, das wäre doch was ...“","Outside we see five unicorn statues: one each at the orange-yellow sailor's house, between the bus wreck and the fortress, between the toilet building and the plane wreck, below the large tent, and behind the toilet building. Carmen reflects: 'The prospect of the gold treasure robbed me of my senses! Yes, I wanted to keep the discovery a secret. My plan? Come back later, salvage the statues, melt down the gold, sell it, and then donate all the money to charity! I don't need any more myself. In a few years I'll be dead anyway. I don't have children either. Through the donations, people would revere me as a divine benefactor, that would be something ...'","Зовні ми бачимо п'ять статуй єдинорогів: по одній біля оранжево-жовтого будинку матросів, між уламками автобуса та фортецею, між вбиральнею та уламками літака, під великим наметом та за вбиральнею. Кармен роздумує: «Перспектива золотого скарбу запаморочила мені голову! Так, я хотіла тримати це відкриття в таємниці. Мій план? Повернутися пізніше, забрати статуї, розплавити золото, продати його, а потім пожертвувати всі гроші на благодійність! Мені самій більше нічого не треба. За кілька років я все одно помру. Дітей у мене теж немає. Завдяки цим пожертвам мене шанували б як святу благодійницю, це було б здорово...»","Снаружи мы видим пять статуй единорогов: по одной возле оранжево-желтого дома матросов, между обломками автобуса и крепостью, между уборной и обломками самолета, под большой палаткой и за уборной. Кармен размышляет: «Перспектива золотого сокровища вскружила мне голову! Да, я хотела держать это открытие в тайне. Мой план? Вернуться позже, забрать статуи, расплавить золото, продать его, а затем пожертвовать все деньги на благотворительность! Мне самой больше ничего не надо. Через несколько лет я все равно умру. Детей у меня тоже нет. Благодаря этим пожертвованиям меня почитали бы как святую благодетельницу, это было бы здорово...»"
3-38,question,3,"Wie sollen wir Carmens Verhalten einordnen? Ihre Entdeckung hat die komplette Expeditionsgruppe quasi über Nacht reich gemacht. Aber was nützt alles Gold der Welt, wenn wir auf der Insel verrecken? Stichwort: Strahlenbelastung. Stichwort: Schlüssel weg. Immerhin scheint Carmen nichts mit dem Verschwinden von Kerry-Ann, den Schlüsseln und dem Funkgerät zu tun zu haben. Aber können wir ihr noch trauen? Da fällt unser Blick im Inneren der Festung auf den Tunneleingang mit dem Buchstaben H. Der erste offene Eingang!
Frage: Wie viele weitere Tunneleingänge sehen wir draußen auf der Insel?","How should we judge Carmen's behavior? Her discovery made the entire expedition group rich virtually overnight. But what use is all the gold in the world if we perish on the island? Keyword: radiation exposure. Keyword: keys gone. At least Carmen doesn't seem to have anything to do with the disappearance of Kerry-Ann, the keys, and the radio. But can we still trust her? Then our eyes fall on the tunnel entrance with the letter H inside the fortress. The first open entrance!
Question: How many other tunnel entrances do we see outside on the island?","Як нам розцінювати поведінку Кармен? Її відкриття зробило всю експедиційну групу багатіями буквально за одну ніч. Але яка користь від усього золота світу, якщо ми загинемо на цьому острові? Ключове слово: радіація. Ключове слово: ключі зникли. Принаймні, Кармен, здається, не має відношення до зникнення Керрі-Енн, ключів та рації. Але чи можемо ми їй довіряти? Тут наш погляд всередині фортеці падає на вхід у тунель із буквою H. Перший відкритий вхід!
Запитання: Скільки інших входів у тунелі ми бачимо на острові ззовні?","Как нам расценивать поведение Кармен? Ее открытие сделало всю экспедиционную группу богачами буквально за одну ночь. Но какая польза от всего золота мира, если мы погибнем на этом острове? Ключевое слово: радиация. Ключевое слово: ключи пропали. По крайней мере, Кармен, кажется, не имеет отношения к исчезновению Керри-Энн, ключей и рации. Но можем ли мы ей доверять? Тут наш взгляд внутри крепости падает на вход в туннель с буквой H. Первый открытый вход!
Вопрос: Сколько других входов в туннели мы видим на острове снаружи?"
3-39,answer,,"Draußen auf der Insel sehen wir insgesamt sieben weitere Tunneleingänge: Eingang A hinter dem Kapitänshaus, Eingang C beim Flugzeugwrack, Eingang E bei der alten Hängebrücke, Eingang F hinter dem Toilettenhaus und Eingang G zwischen Trafohaus und Fischerhütte. Die Drohnenaufnahmen offenbaren zudem noch Eingang I beim Helikopterlandeplatz und Eingang J am östlichen Rand der Festung. Während wir noch überlegen, was in Sachen Carmen die richtige Vorgehensweise ist, deutet sie auf den Tunneleingang: „Sucht ihr immer noch nach Kerry-Ann? Dann schaut mal hier – da führt doch eine Schleifspur in den Tunnel hinein ...“","Outside on the island, we see a total of seven other tunnel entrances: Entrance A behind the Captain's House, Entrance C near the plane wreck, Entrance E near the old suspension bridge, Entrance F behind the toilet building, and Entrance G between the transformer house and the fisherman's hut. The drone shots also reveal Entrance I near the helipad and Entrance J at the eastern edge of the fortress. While we are still thinking about the right course of action regarding Carmen, she points to the tunnel entrance: 'Are you still looking for Kerry-Ann? Then look here – there's a drag mark leading into the tunnel ...'","Зовні на острові ми бачимо загалом ще сім входів у тунелі: вхід A за капітанським будинком, вхід C біля уламків літака, вхід E біля старого підвісного мосту, вхід F за вбиральнею та вхід G між трансформаторною будкою та рибальським будиночком. Знімки з дронів також показують вхід I біля вертолітного майданчика та вхід J на східній околиці фортеці. Поки ми ще роздумуємо, як правильно вчинити з Кармен, вона вказує на вхід у тунель: «Ви все ще шукаєте Керрі-Енн? Тоді погляньте сюди — туди, всередину тунелю, веде якийсь слід волочіння...»","Снаружи на острове мы видим в общей сложности еще семь входов в туннели: вход A за капитанским домом, вход C у обломков самолета, вход E у старого подвесного моста, вход F за уборной и вход G между трансформаторной будкой и рыбацким домиком. Снимки с дронов также показывают вход I у вертолетной площадки и вход J на восточной окраине крепости. Пока мы еще размышляем, как правильно поступить с Кармен, она указывает на вход в туннель: «Вы все еще ищете Керри-Энн? Тогда взгляните сюда — туда, внутрь туннеля, ведет какой-то след волочения...»"
3-40,story,,"Carmen hat recht, da führt tatsächlich eine Schleifspur in den Tunnel hinein. Vielleicht ist sie von Kerry-Ann? Oder von Sheila? So viele lose Enden in dieser Geschichte – und nach wie vor kein Masterplan, keine Antworten, nichts. Es fällt uns zunehmend schwerer, den Überblick zu behalten. Um uns herum eine egozentrische, plötzlich steinreiche Gurkentruppe, die auf einer gottverlassenen, radioaktiv verseuchten Pirateninsel festhängt. Expeditionsleiterin Kerry-Ann weg, Flugzeugschlüssel weg, Funkgerät weg. Tja, was haben wir noch zu verlieren? Also los, ab in den Tunnel – folgen wir der Schleifspur!","EMERGENCY: Carmen is right, there actually is a drag mark leading into the tunnel. Maybe it's from Kerry-Ann? Or from Sheila? So many loose ends in this story – and still no master plan, no answers, nothing. It's becoming increasingly difficult for us to keep track of everything. Around us an egocentric, suddenly filthy rich bunch of losers stuck on a godforsaken, radioactively contaminated pirate island. Expedition leader Kerry-Ann gone, plane keys gone, radio gone. Well, what do we have left to lose? So let's go, into the tunnel – let's follow the drag mark!","ЕКСТРЕНА СИТУАЦІЯ: Кармен права, туди, вглиб тунелю, справді веде слід волочіння. Можливо, він залишився від Керрі-Енн? Чи від Шейли? Так багато недомовок у цій історії — і досі немає жодного загального плану, жодних відповідей, нічого. Нам стає все важче тримати все під контролем. Навколо нас егоцентрична, раптово казково багата компанія нездар, яка застрягла на богом забутому, радіоактивно зараженому піратському острові. Керівниця Керрі-Енн зникла, ключі від літака зникли, рація зникла. Що ж, що нам ще втрачати? Тож уперед, у тунель — йдемо за слідом!","ЭКСТРЕННАЯ СИТУАЦИЯ: Кармен права, туда, вглубь туннеля, действительно ведет след волочения. Возможно, он остался от Керри-Энн? Или от Шейлы? Так много недомолвок в этой истории — и до сих пор нет никакого общего плана, никаких ответов, ничего. Нам становится все труднее держать все под контролем. Вокруг нас эгоцентричная, внезапно сказочно богатая компания бездарей, застрявшая на богом забытом, радиоактивно зараженном пиратском острове. Руководитель Керри-Энн пропала, ключи от самолета пропали, рация пропала. Что ж, что нам еще терять? Так что вперед, в туннель — идем по следу!"
4-1,early,,"Wir befinden uns mit einer schrägen ""Lost Places"" Expeditionsgruppe auf einer entlegenen Pazifikinsel. Ein Einsiedler namens Jerry warnt uns vor einem fiesen Insel-Monster. Das Gelände entpuppt sich als radioaktiv verseucht, aber beherbergt auch die Grabstätte des berüchtigten Piraten Edward Davis. Sein Vermächtnis: zentnerweise Gold, versteckt in Einhorn-Statuen. Wir könnten als reiche Leute zurückkehren! Doch die Schlüssel unseres Wasserflugzeugs, unser einziges Funkgerät und unsere Expeditionsleiterin Kerry-Ann sind spurlos verschwunden. Bei der erfolglosen Suche stoßen wir in einer alten Festung auf einen offenen Tunneleingang ...","We are with a strange 'Lost Places' expedition group on a remote Pacific island. A hermit named Jerry warns us about a nasty island monster. The area turns out to be radioactively contaminated, but it also houses the grave of the notorious pirate Edward Davis. His legacy: hundredweights of gold hidden in unicorn statues. We could return as rich people! But the keys to our seaplane, our only radio, and our expedition leader Kerry-Ann have vanished without a trace. During our unsuccessful search, we come across an open tunnel entrance in an old fortress...","Ми перебуваємо з дивною експедиційною групою «туризму закинутими місцями» на віддаленому тихоокеанському острові. Відшельник на ім'я Джеррі попереджає нас про жахливе острівне чудовисько. Територія виявляється радіоактивно зараженою, але тут також знаходиться могила горезвісного пірата Едварда Девіса. Його спадщина: центнери золота, заховані в статуях єдинорогів. Ми могли б повернутися багатіями! Але ключі від нашого гідролітака, наша єдина рація та керівниця експедиції Керрі-Енн безслідно зникли. Під час безуспішних пошуків у старій фортеці ми натрапляємо на відкритий вхід у тунель...","Мы находимся со странной экспедиционной группой «туризма по заброшенным местам» на отдаленном тихоокеанском острове. Отшельник по имени Джерри предупреждает нас о жутком островном чудовище. Территория оказывается радиоактивно зараженной, но здесь также находится могила пресловутого пирата Эдварда Дэвиса. Его наследие: центнеры золота, спрятанные в статуях единорогов. Мы могли бы вернуться богачами! Но ключи от нашего гидросамолета, наша единственная рация и руководитель экспедиции Керри-Энн бесследно исчезли. Во время безуспешных поисков в старой крепости мы натыкаемся на открытый вход в туннель..."
4-2,question,1,"Neugierig werfen wir einen Blick in den Tunneleingang mit dem Buchstaben H. Da führt eindeutig eine Schleifspur hinein! Möglicherweise stammt sie von unserer verschwundenen Expeditionsleiterin Kerry-Ann? Oder von Jerrys Frau Sheila? Nach der suchen wir ja auch noch, weil sie laut Jerrys Aussage das Insel-Monster schon mit eigenen Augen gesehen hat. Aber bevor die Suche weitergeht, muss Licht her: Im Tunnel ist es zappenduster!
Frage: Welche vier verschiedenen, praktikablen Lichtquellen finden wir draußen auf der Insel, die wir mit in den Tunnel nehmen können?","Curiously, we peek into the tunnel entrance labeled with the letter H. A drag mark clearly leads inside! Could it be from our missing expedition leader Kerry-Ann? Or from Jerry's wife Sheila? We are still looking for her too, because according to Jerry, she has seen the island monster with her own eyes. But before the search continues, we need light: it is pitch black in the tunnel!
Question: Which four different, practical light sources can we find out on the island to take with us into the tunnel?","Цікаво, ми зазираємо у вхід до тунелю з літерою H. Туди явно веде слід волочіння! Можливо, він залишився від нашої зниклої керівниці експедиції Керрі-Енн? Або від дружини Джеррі Шейли? Її ми також шукаємо, адже, за словами Джеррі, вона бачила острівне чудовисько на власні очі. Але перш ніж продовжувати пошуки, потрібне світло: у тунелі темно, хоч око виколи!
Запитання: Які чотири різні, придатні для використання джерела світла ми можемо знайти на острові, щоб узяти з собою в тунель?","С любопытством мы заглядываем во вход в туннель с буквой H. Туда явно ведет след волочения! Возможно, он остался от нашей пропавшей руководительницы экспедиции Керри-Энн? Или от жены Джерри Шейлы? Ее мы тоже ищем, ведь, по словам Джерри, она видела островное чудовище своими собственными глазами. Но прежде чем продолжать поиски, нужен свет: в туннеле хоть глаз выколи!
Вопрос: Какие четыре разных, пригодных для использования источника света мы можем найти на острове, чтобы взять с собой в туннель?"
4-3,answer,,"Antwort:
Draußen auf der Insel finden wir: eine Fackel beim Lagerfeuer, eine Petroleumlampe in der hölzernen Fischerhütte, eine Kerze im Kapitänshaus und eine Taschenlampe im Krankenwagen. Walter, unser Biologe im feschen gelben Anzug, bekommt erneut Panik wegen der radioaktiven Strahlung: „Leute, vergesst das mit dem Tunnel – wir müssen schleunigst von dieser verseuchten Kryptonit-Insel hier runter! Lasst uns lieber ein Floß bauen. Oder, oder ... einfach losschwimmen!“ Einfach losschwimmen? Wohin denn? Walters Nerven scheinen blank zu liegen. Wir ignorieren sein Flehen.","
Out on the island, we find: a torch near the campfire, a kerosene lamp in the wooden fisherman's hut, a candle in the Captain's House, and a flashlight in the ambulance. Walter, our biologist in his stylish yellow suit, panics again because of the radioactive radiation: 'Guys, forget about the tunnel – we must get off this contaminated kryptonite island as quickly as possible! Let's build a raft instead. Or, or... just swim away!' Just swim away? To where? Walter's nerves seem to be shot. We ignore his pleas.","
На острові ми знаходимо: смолоскип біля багаття, гасову лампу в дерев'яній рибальській хатині, свічку в капітанському будинку та ліхтарик у машині швидкої допомоги. Вальтер, наш біолог у стильному жовтому захисному костюмі, знову панікує через радіоактивне випромінювання: «Народ, забудьте про тунель — нам треба якнайшвидше забратися з цього зараженого криптонітового острова! Давайте краще побудуємо пліт. Або, або... просто попливемо вплав!» Просто попливемо вплав? Куди ж? Нерви Вальтера, здається, на межі. Ми ігноруємо його благання.","
На острове мы находим: факел у костра, керосиновую лампу в деревянной рыбацкой хижине, свечу в капитанском доме и фонарик в машине скорой помощи. Вальтер, наш биолог в стильном желтом защитном костюме, снова паникует из-за радиоактивного излучения: «Народ, забудьте про туннель — нам нужно как можно скорее убираться с этого зараженного криптонитового острова! Давайте лучше построем плот. Или, или... просто поплывем вплавь!» Просто поплывем вплавь? Куда же? Нервы Вальтера, кажется, на пределе. Мы игнорируем его мольбы."
4-4,question,2,"Für Licht ist schon mal gesorgt. Aber da wir gerade dabei sind: Wäre es vielleicht auch ratsam, wenn wir uns bewaffnen? Sicher ist sicher. Irgendwo lagen doch ein paar Äxte herum ...
Frage: Wie viele Äxte finden wir wo auf der Insel?","Light is taken care of. But while we're at it: would it perhaps be wise to arm ourselves? Better safe than sorry. There were a few axes lying around somewhere ...
Question: How many axes do we find and where on the island?","Зі світлом розібралися. Але якщо ми вже заговорили про це: можливо, варто озброїтися? Береженого Бог береже. Десь тут валялися кілька сокир...
Запитання: Скільки сокир ми бачимо на острові та де саме вони розташовані?","Со светом разобрались. Но раз уж мы заговорили об этом: возможно, стоит вооружиться? Береженого Бог бережет. Где-то здесь валялись несколько топоров...
Вопрос: Сколько топоров мы видим на острове и где именно они находятся?"
4-5,answer,,"
Wir finden vier Äxte: eine Feuerwehraxt oberhalb des roten Kastenwagens, eine weitere Feuerwehraxt im Labor, eine Spaltaxt im Holzstapel hinter der Kirche und eine übermächtige Streitaxt am Galgenkäfig. Mit Äxten und Licht ausgestattet, gibt es nun keine Ausflüchte mehr. Wir betreten den finsteren Gang beim Tunneleingang H im Inneren der Festung. Vor uns offenbart sich ein weit verzweigtes Tunnelsystem. An der Wand hängt ein Tunnelplan, den wir an uns nehmen.","
We find four axes: a fire axe above the red van, another fire axe in the laboratory, a splitting axe in the woodpile behind the church, and a massive battle axe at the gallows cage. Equipped with axes and light, there are no more excuses. We enter the dark corridor at tunnel entrance H inside the fortress. A widely branched tunnel system reveals itself before us. A tunnel plan hangs on the wall, which we take with us.","
Ми знаходимо чотири сокири: пожежну сокиру над червоним фургоном, ще одну пожежну сокиру в лабораторії, сокиру для коління дров у стосі дров за церквою та величезну бойову сокиру біля клітки-шибениці. Озброївшись сокирами та забезпечивши себе світлом, ми більше не маємо виправдань. Ми заходимо в темний хід біля входу в тунель H всередині фортеці. Перед нами відкривається розгалужена система тунелів. На стіні висить план тунелю, який ми забираємо з собою.","
Мы находим четыре топора: пожарный топор над красным фургоном, еще один пожарный топор в лаборатории, колун в поленнице за церковью и огромный боевой топор возле клетки-виселицы. Вооружившись топорами и обеспечив себя светом, у нас больше нет оправданий. Мы заходим в темный проход у входа в туннель H внутри крепости. Перед нами открывается разветвленная система туннелей. На стене висит план туннеля, который мы забираем с собой."
4-6,image,,[Bild: TUNNELPLAN HANGMANS ISLAND / 1968],[Image: TUNNEL PLAN HANGMANS ISLAND / 1968],[Зображення: ПЛАН ТУНЕЛІВ ОСТРОВА HANGMANS ISLAND / 1968],[Изображение: ПЛАН ТУННЕЛЕЙ ОСТРОВА HANGMANS ISLAND / 1968]
4-7,question,3,"Soso, scheinbar hat das US-Militär die Insel einst für geheime Zwecke genutzt. Kennt man ja ... Der Plan zeigt sämtliche Zugänge des Tunnelsystems. Die meisten davon sind mit Buchstaben versehen. Zwei dieser mit Buchstaben versehenen Zugänge haben wir bislang noch nicht entdeckt.
Frage: Welche Buchstaben haben die beiden uns noch unbekannten Zugänge – und in bzw. bei welchen großen Gebäuden befinden sie sich?","Well, well, apparently the US military once used the island for secret purposes. Typical ... The plan shows all entrances of the tunnel system. Most of them are labeled with letters. Two of these letter-labeled entrances have not been discovered by us yet.
Question: Which letters do the two entrances still unknown to us have – and in or near which large buildings are they located?","Отакої, схоже, колись військовики США використовували цей острів для таємних цілей. Ну як завжди... План показує всі входи до системи тунелів. Більшість із них позначені літерами. Два з цих позначених літерами входів мы досі не виявили.
Запитання: Які літери мають ці два досі невідомі нам входи та в яких саме великих будівлях (або біля них) вони розташовані?","Ого, похоже, когда-то военные США использовали этот остров для секретных целей. Ну как обычно... План показывает все входы в систему туннелей. Большинство из них обозначены буквами. Два из этих обозначенных буквами входов мы до сих пор не обнаружили.
Вопрос: Какие буквы имеют эти два доселе неизвестных нам входа и в каких именно крупных зданиях (или возле них) они находятся?"
4-8,answer,,"Zugang B und D kennen wir noch nicht. Ein Abgleich des Tunnelplans mit unseren Faltplänen und Drohnenansichten ergibt: Zugang B muss in der Kirche sein, Zugang D in oder hinter dem Leuchtturm. Wir folgen der Schleifspur und dringen immer tiefer ins Tunnelsystem vor. Ein tiefes Grollen lässt die gesamte Insel erzittern. Steinchen rieseln von der Decke. Ein Erdbeben? Ja und nein. Leider mehr als das – die Vorboten eines Vulkanausbruchs! Verdammt, wir müssen uns beeilen!","We do not know entrances B and D yet. A comparison of the tunnel plan with our folding maps and drone views reveals: entrance B must be in the church, entrance D in or behind the lighthouse. We follow the drag mark and push deeper into the tunnel system. A deep rumbling makes the entire island tremble. Small stones trickle from the ceiling. An earthquake? Yes and no. Unfortunately, more than that – the precursors of a volcanic eruption! Damn, we have to hurry!","Входи B та D нам ще не відомі. Зіставлення плану тунелів із нашими розкладними картами та знімками з дронів показує: вхід B має бути в церкві, а вхід D — у маяку або за ним. Ми йдемо за слідом волочіння й заглиблюємося все далі в систему тунелів. Глибокий гул змушує весь острів здригнутися. Зі стелі сиплеться дрібне каміння. Землетрус? І так, і ні. На жаль, це дещо більше — передвісники виверження вулкана! Чорт, нам треба поспішати!","Входы B и D нам еще не известны. Сопоставление плана туннелей с нашими раскладными картами и снимками с дронов показывает: вход B должен быть в церкви, а вход D — в маяке или за ним. Мы следуем по следу волочения и углубляемся всё дальше в систему туннелей. Глубокий гул заставляет весь остров содрогнуться. С потолка сыплется мелкая галька. Землетрясение? И да, и нет. К сожалению, это кое-что побольше — предвестники извержения вулкана! Чёрт, нам нужно спешить!"
4-9,image,,"
",,,
4-10,question,3,"Düster, kalt, jede Menge alte Fässer – die Stimmung hier unten ist gespenstisch! Wir erblicken einige Atomfässer, aus denen eine grünlich leuchtende Flüssigkeit austritt! Und einer der riesigen Käfer schlurft gerade davon! Das erklärt wohl ihr Leuchten ... Uns gehen die Mahnungen von Walter, unserem Biologen, durch den Kopf: Selbst, wenn wir dieses Abenteuer hier heile überstehen sollten – wie hoch ist wohl der gesundheitliche Preis, den wir dafür zahlen?
Frage: Unter welchem Gebäude steht unsere Person Westen, als sie in den Tunnel hineinblickt – und wohin führt der Weg durch die Gittertür rechts?","Gloomy, cold, lots of old barrels – the atmosphere down here is spooky! We spot several atomic barrels with a greenish glowing liquid leaking out! And one of the giant beetles is just scuttling away! That probably explains its glow ... Walter's warnings, our biologist, run through our minds: even if we survive this adventure unharmed – what is the health price we will pay for it?
Question: Under which building is our Person West standing when looking into the tunnel – and where does the path through the grated door on the right lead?","Похмуро, холодно, купа старих бочок — атмосфера тут внизу просто моторошна! Ми бачимо кілька ядерних бочок, з яких витікає зеленкувата сяюча рідина! І один із величезних жуків якраз утікає геть! Це, мабуть, пояснює їхнє світіння... У нашій голові лунають застереження Вальтера, нашого біолога: навіть якщо ми виберемося з цієї пригоди цілими й неушкодженими — якою буде ціна для нашого здоров'я?
Запитання: Під якою будівлею стоїть наш гравець «Захід», коли зазирає в тунель, і куди веде шлях через решітчасті двері праворуч?","Мрачно, холодно, куча старых бочек — атмосфера здесь внизу просто жуткая! Мы видим несколько ядерных бочек, из которых вытекает зеленоватая светящаяся жидкость! И один из огромных жуков как раз убегает прочь! Это, должно быть, объясняет их свечение... В нашей голове звучат предостережения Вальтера, нашего биолога: даже если мы выберемся из этого приключения целыми и невредимыми — какова будет цена для нашего здоровья?
Вопрос: Под каким зданием стоит наш игрок «Запад», когда заглядывает в туннель, и куда ведет путь через решетчатую дверь справа?"
4-11,answer,,Der Blick in den Tunnel offenbart einen Zugang mit dunkelblauem Drehrad. Dieser ist linkerhand und ein Stück weiter als die Abzweigung mit der Gittertür rechts. Ein Abgleich mit dem Tunnelplan unserer Person Norden und mit unseren Faltplänen und Drohnenansichten gibt Aufschluss: Person Westen muss gerade unter der Sternwarte stehen. Folglich führt der Weg durch die Gittertür rechts zum Tunnelzugang I bzw. zum Helikopterlandeplatz. Wieder erbebt die Insel! Hektisch folgen wir der Schleifspur geradeaus und erreichen eine kleine Grotte.,"The view into the tunnel reveals an entrance with a dark blue handwheel. This is on the left and a bit further than the junction with the grated door on the right. A comparison with the tunnel plan of our Person North and with our folding maps and drone views provides the Person West must be standing right under the observatory. Consequently, the path through the grated door on the right leads to tunnel entrance I or the helicopter landing pad. The island shakes again! Hectically, we follow the drag mark straight ahead and reach a small grotto.","Погляд у тунель відкриває вхід із темно-синім маховиком. Він розташований ліворуч і трохи далі, ніж відгалуження з решітчастими дверима праворуч. Зіставлення з планом тунелю гравця «Північ», нашими розкладними картами та знімками з дронів дає гравець «Захід» має стояти прямо під обсерваторією. Отже, шлях через решітчасті двері праворуч веде до входу в тунель I, тобто до вертолітного майданчика. Острів знову здригається! Ми гарячково йдемо прямо за слідом волочіння й дістаємося маленької гроти.","Взгляд в туннель открывает вход с темно-синим маховиком. Он находится слева и немного дальше, чем ответвление с решетчатой дверью справа. Сопоставление с планом туннеля игрока «Север», нашими раскладными картами и снимками с дронов дает игрок «Запад» должен стоять прямо под обсерваторией. Следовательно, путь через решетчатую дверь справа ведет к входу в туннель I, то есть к вертолетной площадке. Остров снова содрогается! Мы лихорадочно следуем прямо по следу волочения и добираемся до маленького грота."
4-12,image,,[Bild: Zeitschriften-Cover „SCIENCE TRENDS“ mit Dr. Jerry Knox],[Image: Magazine cover 'SCIENCE TRENDS' featuring Dr. Jerry Knox],[Зображення: Обкладинка журналу «SCIENCE TRENDS» із доктором Джеррі Ноксом],[Изображение: Обложка журнала «SCIENCE TRENDS» с доктором Джерри Ноксом]
4-13,question,1,"Auch hier in der Grotte finden wir achtlos herumliegende, alte Fässer – auslaufende Atomfässer inklusive ... Wir ringen unsere Panik nieder. Da springt uns ein Stapel mit Zeitschriften ins Auge. Alles ältere Exemplare eines wissenschaftlichen Fachmagazins. Ach, schau an, den Mann auf dem Cover, den kennen wir doch!
Frage: Wo haben wir den Mann, der das Zeitschriften-Cover ziert, schon mal gesehen?","Here in the grotto, too, we find carelessly discarded old barrels – leaking atomic barrels included ... We suppress our panic. A stack of magazines catches our eye. All older issues of a scientific journal. Ah, look, we know the man on the cover!
Question: Where have we seen the man who graces the magazine cover before?","Тут, у гроті, ми також знаходимо недбало розкидані старі бочки — включно з тими ядерними бочками, що протікають... Ми тамуємо паніку. Раптом нам впадає в око стос журналів. Усі вони — старі випуски наукового фахового видання. О, погляньте, чоловік на обкладинці нам знайомий!
Запитання: Де ми вже бачили чоловіка, який прикрашає обкладинку журналу?","Здесь, в гроте, мы тоже находим небрежно разбросанные старые бочки — включая те ядерные бочки, что протекают... Мы подавляем панику. Вдруг нам бросается в глаза стопка журналов. Все они — старые выпуски научного профильного издания. О, посмотрите, мужчина на обложке нам знаком!
Вопрос: Где мы уже видели мужчину, который украшает обложку журнала?"
4-14,answer,,"Das ist doch der Mann mit der Säge in der Hand, den wir draußen auf der Insel unter dem rot blühenden Baum beim alten, roten Kastenwagen angetroffen haben. Der Mann, der die Schlingfallen ausgelegt hat. Der Mann, der sich uns als „Jerry, der Einsiedler“ vorgestellt hat. Während ihres Biochemie-Studiums an der Princeton University lernte sie den ebenso rebellischen wie charismatischen Kommilitonen Jerry Knox kennen. Die beiden wurden ein Paar – beruflich und privat – und heirateten kurz darauf.","That is the man with the saw in his hand whom we encountered out on the island under the red blooming tree near the old red van. The man who laid the snare traps. The man who introduced himself to us as 'Jerry the hermit'. During her biochemistry studies at Princeton University, Sheila met her equally rebellious and charismatic classmate Jerry Knox. The two became a couple – professionally and personally – and married shortly afterward.","Це ж той чоловік із пилкою в руці, якого ми зустріли на острові під червоним квітучим деревом біля старого червоного фургона. Чоловік, який розставив пастки-зашморги. Чоловік, який представився нам як «Джеррі, відшельник». Під час навчання біохімії у Принстонському університеті Шейла познайомилася зі своїм бунтівним і харизматичним однокурсником Джеррі Ноксом. Вони стали парою — і в роботі, і в особистому житті — й невдовзі одружилися.","Это же тот мужчина с пилой в руке, которого мы встретили на острове под красным цветущим девером возле старого красного фургона. Мужчина, который расставил ловушки-петли. Мужчина, который представился нам как «Джерри, отшельник». Во время учебы биохимии в Принстонском университете Шейла познакомилась со своим мятежным и харизматичным однокурсником Джерри Ноксом. Они стали парой — и в работе, и в личной жизни — и вскоре поженились."
4-15,question,2,"Jerry, der Einsiedler, heißt also Jerry Knox. Wir ignorieren für einen Moment die auslaufenden Atomfässer und das Beben der Erde und wenden uns den gelben Fässern zu. Denn auf einem zerkratzten Prüffeld steht etwas unleserlich „J. Knox“. J wie Jerry? Jerry Knox!
Frage: Wie lautet die genaue Inhaltsbezeichnung dieser gelben Fässer?","So Jerry, the hermit, is indeed Jerry Knox. We ignore the leaking atomic barrels and the earth shaking for a moment and turn to the yellow barrels. On a scratched test field, there is a somewhat illegible inscription 'J. Knox'. J for Jerry? Jerry Knox!
Question: What is the exact contents labeling of these yellow barrels?","Джеррі, відшельник, насправді є Джеррі Ноксом. Ми на мить ігноруємо протікаючі бочки з радіоактивними відходами та здригання землі й звертаємо увагу на жовті бочки. Адже на подряпаному полі для маркування ледь помітно написано «J. Knox». J як Джеррі? Джеррі Нокс!
Запитання: Яке точне маркування вмісту вказано на цих жовтих бочках?","Джерри, отшельник, на самом деле является Джерри Ноксом. Мы на мгновение игнорируем протекающие бочки с радиоактивными отходами и содрогания земли и обращаем внимание на желтые бочки. Ведь на поцарапанном поле для маркировки едва заметно написано «J. Knox». J как Джерри? Джерри Нокс!
Вопрос: Какова точная маркировка содержимого на этих желтых бочках?"
4-16,answer,,"Auf den gelben Fässern der beiden frisch zugewiesenen Tunnelansichten sind Fragmente einer Etikettierung zu sehen. Person Süden erkennt ebenfalls etwas auf einem gelben Fass bei der alten Hängebrücke, Person Norden auf einem gelben Fass hinter der Kirche. Gemeinsam entschlüsseln wir die genaue Inhaltsbezeichnung: „Super-Protein XP543.1“. Walter, unser Biologe, kommt uns hinterhergerannt und fleht uns an, wieder zurück ans Tageslicht zu kommen. Hier unten sei es viel zu gefährlich für uns! Mag sein.","On the yellow barrels of the two newly assigned tunnel views, fragments of labeling can be seen. Person South also spots something on a yellow barrel near the old suspension bridge, Person North on a yellow barrel behind the church. Together we decipher the exact contents description: 'Super-Protein XP543.1'. Walter, our biologist, comes running after us and begs us to come back to the daylight. It's supposedly way too dangerous for us down here! Could be.","На жовтих бочках двох нещодавно знайдених зображень тунелів видно фрагменти маркування. Гравець «Південь» також помічає напис на жовтій бочці біля старого підвісного мосту, а гравець «Північ» — на жовтій бочці за церквою. Разом ми розшифровуємо точну назву вмісту: «Super-Protein XP543.1». Вальтер, наш біолог, біжить за нами та благає повернутися на денне світло. Тут, внизу, мовляв, занадто небезпечно для нас! Можливо, й так.","На желтых бочках двух недавно найденных видов туннелей видны фрагменты маркировки. Игрок «Юг» также замечает надпись на желтой бочке возле старого подвесного моста, а игрок «Север» — на желтой бочке за церковью. Вместе мы расшифровываем точное название содержимого: «Super-Protein XP543.1». Вальтер, наш биолог, бежит за нами и умоляет вернуться на дневной свет. Здесь, внизу, мол, слишком опасно для нас! Возможно, и так."
4-17,question,3,"Neugierig lesen wir den Artikel in der Zeitschrift weiter: „Sheila und Jerry wurden zu Shootingstars der Science-Welt. Sie forschten an einem Wachstumsprotein für gentechnisch veränderte Super-Algen. Die Idee dahinter: Die Algen sollten dutzendfach so viel CO2 binden wie herkömmliche Algen – und sich mit dem Knox'schen Super-Protein auch dutzendfach so schnell ausbreiten. Eine vermeintliche Wunderwaffe im Kampf gegen den Klimawandel!“ Wow. Aber kurze Lesepause aus radioaktivem Anlass.
Frage: Wo sehen wir zusammengenommen mehr Atomfässer – auf den beiden frisch zugewiesenen Tunnelansichten oder auf unseren Faltplänen?","Curiously, we continue reading the article in the magazine: 'Sheila and Jerry became shooting stars of the science world. They were researching a growth protein for genetically modified super-algae. The idea: the algae should bind dozens of times as much CO2 as conventional algae – and spread dozens of times faster with the Knox super-protein. A supposed wonder weapon in the fight against climate change!' Wow. But a short reading break for radioactive reasons.
Question: Where do we see more atomic barrels in total – on the two newly assigned tunnel views or on our folding maps?","З цікавістю читаємо статтю далі: «Шейла та Джеррі стали справжніми висхідними зірками у світі науки. Вони досліджували протеїн росту для генетично модифікованих суперводоростей. Ідея полягала в тому, що ці водорості мали зв'язувати в десятки разів більше CO2, ніж звичайні, а завдяки розробленому Ноксами суперпротеїну — поширюватися в десятки разів швидше. Справжня диво-зброя проти змін клімату!» Ого. Але робимо коротку перерву в читанні з радіоактивних причин.
Запитання: Де сумарно ми бачимо більше ядерних бочок — на двох нещодавно відкритих зображеннях тунелів чи на наших розкладних картах?","С любопытством мы читаем статью дальше: «Шейла и Джерри стали настоящими восходящими звездами в мире науки. Они исследовали протеин роста для генетически модифицированных суперводорослей. Идея заключалась в том, что эти водоросли должны были связывать в десятки раз больше CO2, чем обычные, а благодаря разработанному Ноксами суперпротеину — распространяться в десятки раз быстрее. Настоящее чудо-оружие против изменений климата!» Ого. Но делаем короткий перерыв в чтении по радиоактивным причинам.
Вопрос: Где суммарно мы видим больше ядерных бочек — на двух недавно открытых видах туннелей или на наших раскладных картах?"
4-18,answer,,"Auf unseren Faltplänen sehen wir neun Atomfässer – eines mehr als auf den beiden Tunnelkarten. Wo genau die Fässer sind, ist uns egal, wir lesen lieber weiter: „Die Algenforschung geriet ins Stocken, aber Sheila und Jerry entdeckten, dass ihr Super-Protein enorme Effekte auf Wachstum und Muskelbildung von Affen hatte. Bilder von völlig entstellten und qualvoll verendeten Tieren lösten jedoch eine Lawine an Kritik aus. Das junge Forscherpaar kehrte der Wissenschaft enttäuscht den Rücken, um fortan mit dem multimillionenschweren Erbe von Sheilas Vater das Leben als Privatiers zu genießen.“","On our folding maps we see nine atomic barrels – one more than on the two tunnel cards. We don't care where exactly the barrels are, we prefer to read on: 'The algae research stalled, but Sheila and Jerry discovered that their super-protein had enormous effects on the growth and muscle development of monkeys. However, images of completely disfigured and agonizingly deceased animals triggered a wave of criticism. The young research couple turned their backs on science in disappointment, from then on enjoying life as privateers with the multimillion-dollar inheritance from Sheila's father.'","На наших розкладних картах ми бачимо дев'ять ядерних бочок — на одну більше, ніж на двох картах тунелів. Де саме вони розташовані, нам байдуже, ми воліємо читати далі: «Дослідження водоростей зайшли у глухий кут, проте Шейла та Джеррі виявили, що їхній суперпротеїн має колосальний вплив на ріст та формування м'язів у мавп. Однак фотографії повністю спотворених тварин, які помирали в муках, викликали хвилю нищівної критики. Розчарована молода пара науковців назавжди покинула науку, щоб надалі насолоджуватися життям рантьє завдяки багатомільйонному скадку батька Шейли».","На наших раскладных картах мы видим девять ядерных бочек — на одну больше, чем на двух картах туннелей. Где именно они находятся, нам неважно, мы предпочитаем читать дальше: «Исследования водорослей зашли в тупик, однако Шейла и Джерри обнаружили, что их суперпротеин оказывает колоссальное влияние на рост и формирование мышц у обезьян. Однако фотографии полностью изуродованных животных, умиравших в муках, вызвали бурю сокрушительной критики. Разочарованная молодая пара ученых навсегда покинула науку, чтобы впредь наслаждаться жизнью рантье благодаря многомиллионному наследству отца Шейлы»."
4-19,question,2,"Langsam aber sicher beginnen wir zu verstehen. Und der Vulkan? Scheint auch langsam, aber sicher zu verstehen! Unsere Uhr tickt. Wenn wir unsere vielen Probleme nicht bald gelöst bekommen – Kerry-Ann finden und die Schlüssel fürs Wasserflugzeug auftreiben – dann dürfte dieses krude Inselparadies hier zu unserer letzten Ruhestätte werden. Fokussieren wir uns! Die Schleifspur in der Grotte endet vor einer großen Gittertür, die mit einem vierstelligen Zahlenschloss gesichert ist.
Frage: Wie lautet der Code für das Zahlenschloss?","Slowly but surely we are beginning to understand. And the volcano? It also seems to be understanding slowly but surely! Our clock is ticking. If we don't solve our many problems soon – find Kerry-Ann and get the keys to the seaplane – then this crude island paradise here might become our final resting place. Let's focus! The drag mark in the grotto ends in front of a large iron gate secured by a four-digit combination lock.
Question: What is the code for the combination lock?","Повільно, але впевнено ми починаємо все розуміти. А вулкан? Схоже, він теж «все розуміє»! Наш час спливає. Якщо ми незабаром не вирішимо наші численні проблеми — не знайдемо Керрі-Енн і не дістанемо ключі від гідролітака, — цей дивний острівний рай стане нашою останньою обителлю. Зосередьмося! Слід волочіння в гроті закінчується перед великими решітчастими дверима, що зачинені на чотиризначний кодовий замок.
Запитання: Який код від цього кодового замка?","Медленно, но верно мы начинаем всё понимать. А вулкан? Похоже, он тоже «всё понимает»! Наше время истекает. Если мы вскоре не решим наши многочисленные проблемы — не найдем Керри-Энн и не достанем ключи от гидросамолета, — этот странный островной рай станет нашей последней обителью. Сосредоточимся! След волочения в гроте заканчивается перед большими решетчатыми дверями, закрытыми на четырехзначный кодовый замок.
Вопрос: Каков код от этого кодового замка?"
4-20,answer,,"Über der Gittertür der Grotte prangt ein Bierkrug-Symbol. Es verweist auf die Statue hinter der Kirche, die den berüchtigten Piraten Edward Davis mit einem Bierkrug in der Hand darstellt. Auf dem Sockel der Statue wiederum sehen wir die Jahreszahl 1713. Das ist der Code für das Zahlenschloss. Knarzend schwingt die alte Gittertür auf. Wir betreten einen weiteren Gang und erreichen kurz darauf einen ziemlich düsteren Ort. Die Erde bebt unnachgiebig ...","Above the grated door of the grotto, a beer mug symbol is featured. It points to the statue behind the church representing the notorious pirate Edward Davis with a beer mug in his hand. On the pedestal of the statue, we see the year 1713. That is the code for the combination lock. Creaking, the old iron gate swings open. We enter another corridor and shortly afterward reach a rather gloomy place. The earth trembles relentlessly ...","Над решітчастими дверима гроту красується символ пивного кухля. Він відсилає до статуї за церквою, на якій зображено горезвісного пірата Едварда Девіса з пивним кухлем у руці. На цоколі цієї статуї мы бачимо рік: 1713. Це і є код від замка. Старі двері зі скрипом відчиняються. Ми заходимо в наступний коридор і невдовзі дістаємося досить похмурого місця. Земля без упину здригається...","Над решетчатой дверью грота красуется символ пивной кружки. Он отсылает к статуе за церковью, на которой изображен пресловутый пират Эдвард Дэвис с пивной кружкой в руке. На цоколе этой статуи мы видим год: 1713. Это и есть код от замка. Старая решетчатая дверь со скрипом открывается. Мы заходим в следующий коридор и вскоре добираемся до довольно мрачного места. Земля непрерывно содрогается..."
4-21,image,,[Bild: Treppenhaus mit Notausgang-Schild],[Image: Stairwell with emergency exit sign],[Зображення: Сходова клітка із вказівником аварійного виходу],[Изображение: Лестничная клетка с указателем аварийного выхода]
4-22,image,,[Bild: Treppenhaus mit orangefarbenen Rohren],[Image: Stairwell with orange pipes],[Зображення: Сходова клітка з помаранчевими трубами],[Изображение: Лестничная клетка с оранжевыми трубами]
4-23,question,2,"Der Gang wird flankiert von mehreren kleinen Gefängniszellen. Eine Person steht mitten im Gang. Sie erschrickt, als sie uns kommen sieht und will über eine Treppe fliehen. Doch wir sind den nötigen Schritt schneller und können sie stoppen.
Frage: Welche beiden Personen hier unten kennen wir mit Namen?","The corridor is flanked by several small prison cells. A person is standing in the middle of the hallway. They are startled when they see us coming and want to flee up some stairs. But we are a step quicker and manage to stop them.
Question: Which two people down here do we know by name?","Коридор по обидва боки оточений кількома невеликими тюремними камерами. Посеред коридору стоїть людина. Вона здригається, коли бачить нас, і намагається втекти сходами. Проте ми виявляємося швидшими й зупиняємо її.
Запитання: Яких двох людей тут унизу ми знаємо на ім'я?","Коридор по обеим сторонам окружен несколькими небольшими тюремными камерами. Посреди коридора стоит человек. Он вздрагивает, когда видит нас, и пытается убежать по лестнице. Однако мы оказываемся быстрее и останавливаем его.
Вопрос: Каких двух людей здесь внизу мы знаем по имени?"
4-24,answer,,"Unsere Expeditionsleiterin Kerry-Ann – endlich haben wir sie gefunden! Mit nur einem Schuh an den Füßen, hockt sie sichtlich mitgenommen auf dem kalten Zellenboden. Sie schaut uns zunächst apathisch und leicht ungläubig an, dann erhellt sich ihre Miene. Bei der Person, die vor uns fliehen wollte, handelt es sich um Sheila Knox, die Frau des verkappten Einsiedlers Jerry Knox. Sheila haben wir anhand des Zeitschriften-Covers erkannt.","Our expedition leader Kerry-Ann – we have finally found her! Wearing only one shoe, she sits visibly battered on the cold cell floor. She looks at us apathetically and with disbelief at first, then her expression brightens. The person who wanted to flee from us is Sheila Knox, the wife of the closeted hermit Jerry Knox. We recognized Sheila from the magazine cover.","Наша керівниця експедиції Керрі-Енн — нарешті ми її знайшли! Усього з одним черевиком на нозі, вона сидить помітно виснажена на холодній підлозі камери. Спочатку вона дивиться на нас апатично й недовірливо, але потім її обличчя світлішає. А людина, яка намагалася від нас утекти, — це Шейла Нокс, дружина відшельника Джеррі Нокса. Шейлу ми впізнали за обкладинкою журналу.","Наша руководительница экспедиции Керри-Энн — наконец-то мы ее нашли! Всего с одной туфлей на ноге, она сидит заметно изможденная на холодном полу камеры. Сначала она смотрит на нас апатично и недоверчиво, но затем ее лицо светлеет. А человек, который пытался от нас убежать, — это Шейла Нокс, жена отшельника Джерри Нокса. Шейлу мы узнали по обложке журнала."
4-25,question,2,"Ein uns unbekannter, bärenstarker und furchteinflößender Kerl rüttelt aufgebracht an den Stangen seiner Zelle. Er stößt ein kurzes, aber markerschütterndes Geheul aus – genau das Geheul, das wir draußen auf der Insel schon mehrfach gehört haben! Ist dieses arme Kraftpaket also das von Jerry beschworene Insel-Monster? Besser, wir halten Abstand. Für die anderen „Gefangenen“ hier unten können wir leider nur noch wenig tun.
Frage: Welche zwei Teile fehlen dem Roboter und dem Piratenskelett jeweils – und wo finden wir diese Teile?","An unknown, muscular, and terrifying guy shakes the bars of his cell in a rage. He lets out a short but bone-chilling howl – the exact howl we have heard out on the island several times! So is this poor powerhouse the island monster Jerry talked about? Better keep our distance. Unfortunately, we can do very little for the other 'prisoners' down here.
Question: Which two parts are missing from the robot and the pirate skeleton respectively – and where do we find these parts?","Невідомий нам, сильний як ведмідь і грізний здоровань розлючено трясе грати своєї камери. Він видає коротке, але моторошне виття — саме те виття, яке ми вже неодноразово чули на острові! Невже цей бідний силач і є тим самим «острівним чудовиськом», яким нас лякав Джеррі? Краще триматися від нього подалі. Для інших «в'язнів» тут унизу ми, на жаль, уже мало що можемо зробити.
Запитання: Яких двох деталей не вистачає роботу та скелету пірата відповідно, і де ми можемо знайти ці деталі?","Неизвестный нам, сильный как медведь и грозный верзила яростно трясет решетку своей камеры. Он издает короткий, но жуткий вой — именно тот вой, который мы уже не раз слышали на острове! Неужели этот бедный силач и есть то самое «островное чудовище», которым нас пугал Джерри? Лучше держаться от него подальше. Для других «узников» здесь внизу мы, к сожалению, уже мало что можем сделать.
Вопрос: Каких двух деталей не хватает роботу и скелету пирата соответственно, и где мы можем найти эти детали?"
4-26,answer,,"Dem Roboter fehlen ein Arm und ein Bein. Den Arm finden wir auf dem Müllhaufen im Labor, das Bein vor der hölzernen Fischerhütte. Dem Piratenskelett fehlen ein Stiefel und ein Handhaken. Der Stiefel liegt zwischen dem großen Zelt und dem Riesenanker, der Handhaken zwischen Toilettenhaus und Sternwarte. Wir schnappen uns Sheilas Schlüsselbund und befreien die völlig erschöpfte Kerry-Ann aus ihrer Zelle. Zerknirscht beginnt sie zu berichten ...","The robot is missing an arm and a leg. We find the arm on the rubbish heap in the laboratory, the leg in front of the wooden fisherman's hut. The pirate skeleton is missing a boot and a hook hand. The boot lies between the large tent and the giant anchor, the hook hand between the toilet building and the observatory. We grab Sheila's key ring and free the completely exhausted Kerry-Ann from her cell. Contrite, she begins to report ...","Роботу бракує руки та ноги. Руку ми знаходимо на купі сміття в лабораторії, а ногу — перед дерев'яною рибальською хатиною. Скелету пірата бракує чобота та гака замість руки. Чобіт лежить між великим наметом і гігантським якорем, а гак — між будівлею вбиральні та обсерваторією. Ми забираємо зв'язку ключів Шейли й звільняємо повністю виснажену Керрі-Енн із камери. Пригнічена, вона починає розповідати...","Роботу не хватает руки и ноги. Руку мы находим на куче мусора в лаборатории, а ногу — перед деревянной рыбацкой хижиной. Скелету пирата не хватает сапога и крюка вместо руки. Сапог лежит между большой палаткой и гигантским якорем, а крюк — между зданием уборной и обсерваторией. Мы забираем связку ключей Шейлы и освобождаем полностью изможденную Керри-Энн из камеры. Подавленная, она начинает рассказывать..."
4-27,question,2,"„Jerry und ich – wir haben niemals aufgehört zu forschen. Dafür war unsere Entdeckung doch viel zu mächtig! Wir haben uns einfach hierher zurückgezogen und still und heimlich weitergemacht. Wir – damit meine ich Jerry, mich und Yannis. Yannis ist das arme Kraftpaket, das da hinten in der Zelle seht. Er war unser Assistent, immer klein und schmächtig. Irgendwann hat er sich uns als Versuchskaninchen angeboten. Und nun: Schaut euch diese Muskeln an, Wahnsinn! Blöde Nebeneffekte: geistige Umnachtung, gestörtes Sprachzentrum, Hyperaggression. Na ja, wir arbeiten dran.“
Frage: In welches Gebäude führt die Treppe, über die Sheila fliehen wollte?","'Jerry and I – we never stopped researching. Our discovery was much too powerful for that! We simply retreated here and quietly, secretly carried on. We – by that I mean Jerry, me, and Yannis. Yannis is the poor powerhouse you see back there in the cell. He was our assistant, always small and frail. At some point, he offered himself as a guinea pig. And now: look at those muscles, insane! Annoying side effects: mental derangement, impaired speech center, hyperaggression. Well, we're working on it.'
Question: Which building does the staircase through which Sheila wanted to flee lead to?","«Джеррі та я — ми ніколи не припиняли досліджень. Наше відкриття було надто могутнім для цього! Ми просто сховалися тут і тихо таємно продовжували роботу. Ми — це я, Джеррі та Янніс. Янніс — це той бідний силач, якого ви бачите он там у камері. Він був нашим асистентом, завжди маленьким і худеньким. Якось він сам запропонував себе як піддослідного. І ось тепер: погляньте на ці м'язи, неймовірно! Але є прикрі побічні ефекти: помутніння розуму, порушення мовлення, гіперагресія. Ну що ж, ми працюємо над цим».
Запитання: У яку будівлю ведуть сходи, якими намагалася втекти Шейла?","«Джерри и я — мы никогда не прекращали исследований. Наше открытие было слишком могущественным для этого! Мы просто укрылись здесь и тихонько втайне продолжали работу. Мы — это я, Джерри и Яннис. Яннис — это тот бедный силач, которого вы видите вон там в камере. Он был нашим ассистентом, всегда маленьким и щуплым. Как-то раз он сам предложил себя в качестве подопытного. И вот теперь: посмотрите на эти мышцы, невероятно! Но есть досадные побочные эффекты: помутнение рассудка, нарушение речи, гиперагрессия. Ну что ж, мы работаем над этим».
Вопрос: В какое здание ведет лестница, по которой пыталась убежать Шейла?"
4-28,answer,,"Die Treppe muss zu einem Ausgang im Labor führen. Das verdeutlicht ein Abgleich zwischen unserer Tunnelplan-Marschroute und den Gebäuden auf unseren Faltplänen. Und tatsächlich, das Laborfoto unserer Person Westen zeigt eine unscheinbare Bodenklappe! Da Kerry-Ann bei Sheila weitaus mehr... „Eure Expeditionsleiterin hat die Bodenklappe deutlich schneller entdeckt als ihr und sie fing an, in unserem Geheimlabor rumzuschnüffeln! Da haben Jerry und ich sie überwältigt und weggesperrt. Dem Rest eurer Truppe wollten wir uns nach und nach widmen. Das Knox'sche Geheimnis muss geheim bleiben!“","The stairs must lead to an exit in the laboratory. This is made clear by comparing our tunnel plan route and the buildings on our folding maps. And indeed, the laboratory photo of our Person West shows an inconspicuous floor hatch! 'Your expedition leader discovered the floor hatch much faster than you did and she began sniffing around in our secret lab! So Jerry and I overpowered her and locked her up. We planned to deal with the rest of your group one by one. The Knox secret must remain a secret!'","Сходи мають вести до виходу в лабораторії. Це стає зрозумілим, якщо зіставити наш маршрут за планом тунелів із будівлями на картах. І дійсно, на фотографії лабораторії гравця «Захід» видно непомітний люк у підлозі! Оскільки Керрі-Енн дізналася набагато більше від Шейли... «Ваша керівниця експедиції виявила цей люк значно швидше за вас і почала винюхувати в нашій секретній лабораторії! Тож ми з Джеррі її зв'язали й замкнули. З рештою вашої компанії ми хотіли розібратися по черзі. Таємниця Ноксів має залишатися таємницею!»","Лестница должна вести к выходу в лаборатории. Это становится понятным при сопоставлении нашего маршрута по плану туннелей со зданиями на картах. И действительно, на фотографии лаборатории игрока «Запад» виден незаметный люк в полу! Поскольку Керри-Энн разузнала гораздо больше от Шейлы... «Ваш руководитель экспедиции обнаружил этот люк значительно быстрее вас и начал вынюхивать в нашей секретной лаборатории! Так что мы с Джерри ее связали и заперли. С остальной вашей компанией мы хотели разобраться по очереди. Тайна Ноксов должна оставаться тайной!»"
4-29,question,3,"Wie weltfremd müssen Sheila und Jerry inzwischen geworden sein? Haben sie ernsthaft geglaubt, eine rund 20-köpfige Expeditionsgruppe spurlos beseitigen zu können? Bestimmt stecken die beiden auch hinter dem Verschwinden unseres Funkgeräts und unserer Flugzeug-Schlüssel. Sheila grinst teuflisch: „Die Schlüssel und das Funkgerät? Klar, hab ich beides weggeworfen! Wenn ihr mich laufen lasst, dann gebe ich euch einen Tipp, wo ihr das Zeug findet!“ Kurz überlegen wir, die Streitaxt zu schwingen, da die Erde vom nächsten Beben erschüttert wird. Wir besinnen uns und geben nach. Sheila verkündet:
Frage: Wo seht ihr die insgesamt acht Knox-Embleme?","How out of touch with reality must Sheila and Jerry have become by now? Did they seriously believe they could eliminate an expedition group of around 20 people without a trace? No doubt they are also behind the disappearance of our radio and our seaplane keys. Sheila grins devilishly: 'The keys and the radio? Sure, I threw them both away! If you let me go, I'll give you a hint where you can find the stuff!' We briefly consider swinging the battle axe, as the earth is shaken by the next tremor. We think better of it and give in. Sheila announces:
Question: Where do you see the total of eight Knox emblems?","Наскільки ж відірваними від реальності мали стати Шейла та Джеррі за цей час? Вони серйозно думали, що зможуть безслідно позбутися експедиційної групи з 20 людей? Напевно, саме вони стоять і за зникненням нашої рації та ключів від лікака. Шейла підступно посміхається: «Ключі та рація? Звісно, я все це викинула! Якщо ви мене відпустите, я дам вам підказку, де шукати речі!» Ми на мить замислюємося про те, щоб замахнутися бойовою сокирою, але тут землю струшує черговий поштовх. Ми опановуємо себе й погоджуємося на угоду. Шейла оголошує:
Запитання: Де ви бачите загалом вісім емблем Ноксів?","Насколько же оторванными от реальности должны были стать Шейла и Джерри за это время? Они серьезно думали, что смогут бесследно избавиться от экспедиционной группы из 20 человек? Наверняка именно они стоят и за исчезновением нашей рации и ключей от самолета. Шейла коварно улыбается: «Ключи и рация? Конечно, я всё это выбросила! Если вы меня отпустите, я дам вам подсказку, где искать вещи!» Мы на мгновение задумываемся о том, чтобы замахнуться боевым топором, но тут землю сотрясает очередной толчок. Мы берем себя в руки и соглашаемся на сделку. Шейла объявляет:
Вопрос: Где вы видите в общей сложности восемь эмблем Ноксов?"
4-30,answer,,"Das Knox-Emblem finden wir gleich zwei Mal auf dem Zeitschriften-Cover; Es erinnert ein wenig an ein Fadenkreuz – ein blauer Kreis, überlagert von einem blauen X. Dasselbe Emblem finden wir auch auf dem Kalender beim blauen Zelt, auf einem Zettel beim Tunnelzugang E und im Leuchtpistolenkoffer im roten Kastenwagen. Die letzten drei sind nicht (oder nicht mehr) blau, aber wen juckt's: Wir finden sie auf dem Vulkanfelsen hinter Tunnelzugang F, auf dem Container oberhalb von Tunnelzugang G und auf einem Buch des Laborfotos unserer Person Westen. Ein paar falsche Fährten konnten uns natürlich nicht irritieren.","We find the Knox emblem twice on the magazine cover; it looks a bit like a crosshair – a blue circle overlaid by a blue X. We also find the same emblem on the calendar near the blue tent, on a note near tunnel entrance E, and in the flare gun case in the red van. The last three are not (or no longer) blue, but who cares: we find them on the volcanic rock behind tunnel entrance F, on the container above tunnel entrance G, and on a book in the laboratory photo of our Person West. A few false leads naturally didn't confuse us.","Емблему Ноксів ми знаходимо двічі на обкладинці журналу; вона схожа на перехрестя прицілу — синє коло, перекреслене синьою літерою X. Таку саму емблему ми бачимо на календарі біля синього намету, на клаптику паперу біля входу в тунель E та в кейсі з сигнальним пістолетом у червоному фургоні. Останні три емблеми не сині (або вже не сині), але яка різниця: ми знаходимо їх на вулканічній скелі за входом у тунель F, на контейнері над входом у тунель G та на книжці на фотографії лабораторії гравця «Захід». Кілька хибних слідів нас, звісно ж, не збили з пантелику.","Эмблему Ноксов мы находим дважды на обложке журнала; она похожа на перекрестие прицела — синий круг, перечеркнутый синей буквой X. Такую же эмблему мы видим на календаре возле синей палатки, на клочке бумаги у входа в туннель E и в кейсе с сигнальным пистолетом в красном фургоне. Последние три эмблемы не синие (или уже не синие), но какая разница: мы находим их на вулканической скале за входом в туннель F, на контейнере над входом в туннель G и на книжке на фотографии лаборатории игрока «Запад». Несколько ложных следов нас, конечно же, не сбили с толку."
4-31,question,2,"Sheila soll endlich das Versteck preisgeben! Stattdessen spricht sie weiter in Rätseln – und scheint sichtlich Gefallen daran zu finden: „Schaut nur auf die vier draußen auf der Insel sichtbaren Embleme: Wenn ihr die sich gegenüberliegenden in Luftlinie miteinander verbindet, findet ihr im Kreuzungspunkt eure Sachen!“ Special Move: Wir dürfen jetzt unsere vier Drohnenansichten offenlegen und zu einer Gesamtansicht zusammenschieben.
Frage: Wo befinden sich die Schlüssel und das Funkgerät?","Sheila should finally reveal the hiding place! Instead, she continues to speak in riddles – and visibly seems to enjoy it: 'Just look at the four emblems visible out on the island: if you connect the opposite ones with a straight line, you will find your things at the intersection!' Special Move: We can now reveal our four drone views and slide them together into a single overall view.
Question: Where are the keys and the radio located?","Шейла має врешті-решт видати нам схованку! Але замість цього вона продовжує говорити загадками й явно отримує від цього задоволення: «Погляньте на ті чотири емблеми, які видно на поверхні острова. Якщо ви з'єднаєте лініями ті, що розташовані навпроти, то на їхньому перетині знайдете свої речі!» Спеціальний крок: тепер ми можемо об'єднати чотири знімки з дронів в одну велику спільну карту.
Запитання: Де саме заховані ключі та рація?","Шейла должна наконец-то выдать нам тайник! Но вместо этого она продолжает говорить загадками и явно получает от этого удовольствие: «Посмотрите на те четыре эмблемы, которые видны на поверхности острова. Если вы соедините прямыми линиями те, что находятся напротив, то на их пересечении найдете свои вещи!» Специальный шаг: теперь мы можем объединить четыре снимка с дронов в одну большую общую карту.
Вопрос: Где именно спрятаны ключи и рация?"
4-32,answer,,"Haargenaues Schauen, exaktes Linienziehen und ein paar Diskussionen waren nötig, aber schlussendlich haben wir die Gewissheit: Unser Funkgerät und die Schlüssel befinden sich im Brunnen.","Precise viewing, exact line drawing, and some discussion were necessary, but in the end we have certainty: our radio and keys are in the well.","Нам знадобилося дуже уважно роздивитися карту, точно провести лінії й трохи посперечатися, але зрештою ми знаємо напевно: наша рація та ключі лежать у колодязі.","Нам потребовалось очень внимательно рассмотреть карту, точно провести линии и немного поспорить, но в конце концов мы знаем наверняка: наша рация и ключи лежат в колодце."
4-33,question,1,"Die Erde bebt immer stärker, die Decke droht einzustürzen. Der Vulkanausbruch steht kurz bevor! Wir lassen Sheila und den armen Yannis zurück, stürmen über die Treppe hoch ins Labor und treten hinaus ins Freie. Wir müssen schnellstmöglich von dieser Insel verschwinden! Der kürzeste Weg zu unserem Flugzeug führt über die alte Hängebrücke. Vertrauenswürdig sieht die allerdings nicht mehr aus. Vielleicht hat Jerry sie sogar präpariert? Er hat ja sogar noch eine Säge in der Hand ...
Frage: Wie viele Bretter fehlen in der Hängebrücke – und wie viele sind durchgebrochen?","The earth shakes more and more, the ceiling threatens to collapse. The volcanic eruption is imminent! We leave Sheila and poor Yannis behind, rush up the stairs into the laboratory, and step out into the open. We must escape from this island as quickly as possible! The shortest path to our seaplane leads across the old suspension bridge. However, it doesn't look very trustworthy anymore. Perhaps Jerry even rigged it? He still has a saw in his hand, after all ...
Question: How many planks are missing from the suspension bridge – and how many are broken?","Земля здригається все сильніше, стеля ось-ось обвалиться. Виверження вулкана зовсім близько! Ми залишаємо Шейлу та бідного Янніса, біжимо вгору сходами до лабораторії й вискакуємо на вулицю. Нам треба якомога швидше забратися з цього острова! Найкоротший шлях до нашого літака лежить через старий підвісний міст. Проте він більше не виглядає надійним. Можливо, Джеррі навіть пошкодив його навмисно? У нього ж у руці досі пилка...
Запитання: Скільки дощок бракує в підвісному мосту та скільки з них зламані?","Земля содрогается всё сильнее, потолок вот-вот обрушится. Извержение вулкана совсем близко! Мы оставляем Шейлу и бедного Янниса, бежим вверх по лестнице к лаборатории и выскакиваем на улицу. Нам нужно как можно быстрее убираться с этого острова! Самый короткий путь к нашему самолету лежит через старый подвесной мост. Однако он больше не выглядит надежным. Возможно, Джерри даже повредил его намеренно? У него же в руке до сих пор пила...
Вопрос: Сколько досок не хватает в подвесном мосту и сколько из них сломаны?"
4-34,answer,,"Aller Eile zum Trotz: Besser, wir meiden den Weg über die alte Hängebrücke. Vier Bretter fehlen, zwei weitere sind durchgebrochen. Und wer weiß, wie viele Bretter Jerry angesägt hat! Die Dauerbelastung durch die radioaktive Strahlung muss Sheilas und Jerrys Geist umnachtet haben. Anders können wir uns den Wahnsinn nicht erklären. Eigentlich auch unmöglich, dass Sheila und Jerry die Atomfässer bis dato noch nicht bemerkt haben. Möglicherweise haben sie die Gefahr einfach billigend in Kauf genommen. In jedem Fall sind die beiden geistig völlig entrückt ...","Despite all the haste: better avoid the path across the old suspension bridge. Four planks are missing, and two more are broken through. And who knows how many planks Jerry has sawed into! The continuous exposure to radioactive radiation must have clouded Sheila's and Jerry's minds. We cannot explain this madness otherwise. It's also virtually impossible that Sheila and Jerry haven't noticed the atomic barrels until now. Perhaps they simply accepted the danger. In any case, they both have completely lost their minds ...","Попри поспіх: краще уникати шляху через старий підвісний міст. Чотири дошки відсутні, а ще дві зламані. І хтозна, скільки дощок Джеррі підпиляв! Тривалий вплив радіоактивного випромінювання, мабуть, затьмарив розум Шейли та Джеррі. Інакше ми не можемо пояснити це божевілля. Та й узагалі неймовірно, як вони досі не помічали ядерних бочок. Можливо, вони просто свідомо ігнорували небезпеку. У будь-якому разі, розумово вони повністю відірвані від реальності...","Несмотря на спешку: лучше избегать пути через старый подвесный мост. Четыре доски отсутствуют, а еще две сломаны. И кто знает, сколько досок Джерри подпилил! Длительное воздействие радиоактивного излучения, должно быть, затуманило рассудок Шейлы и Джерри. Иначе мы не можем объяснить это безумие. Да и вообще невероятно, как они до сих пор не замечали ядерных бочек. Возможно, они просто сознательно игнорировали опасность. В любом случае, мысленно они полностью оторваны от реальности..."
4-35,question,2,"Also gut, Panik unterdrücken, fokussieren. Der Weg über die Brücke ist für uns keine Option. Und nicht vergessen: Wir müssen noch beim Brunnen vorbei, um die Schlüssel und das Funkgerät herauszufischen.
Frage: Welchen Wegweiser-Symbolen müssen wir der Reihe nach folgen, um auf kürzestem Weg vom Labor zum Brunnen – und von dort auf kürzestem Weg zum Wasserflugzeug zu kommen?","Alright, suppress panic, focus. The path across the bridge is not an option for us. And don't forget: we still have to stop by the well to fish out the keys and the radio.
Question: Which signpost symbols must we follow in order, to get from the laboratory to the well via the shortest route – and from there to the seaplane via the shortest route?","Що ж, пригнічуємо паніку, зосереджуємося. Шлях через міст для нас закритий. І не забуваємо: нам ще потрібно зайти до колодязя, щоб дістати ключі та рацію.
Запитання: Яким символам на вказівниках ми маємо слідувати по черзі, щоб дістатися найкоротшим шляхом від лабораторії до колодязя, а звідти — найкоротшим шляхом до гідролітака?","Что ж, подавляем панику, сосредотачиваемся. Путь через мост для нас закрыт. И не забываем: нам еще нужно зайти к колодцу, чтобы достать ключи и рацию.
Вопрос: Каким указателям мы должны следовать по очереди, чтобы добраться кратчайшим путем от лаборатории к колодцу, а оттуда — кратчайшим путем к гидросамолету?"
4-36,answer,,"Der Vulkan zischt und brodelt – erste Gesteinsbrocken fliegen umher. Wir schalten auf Autopilot: Kerry-Ann unterhaken und den Berg-Weg hinab bis zur Kirche. Unterwegs noch fix die lange Leiter einsammeln. Von der Kirche aus ein paar Meter auf dem Blumen-Weg bis zum Brunnen. Leiter rein, Funkgerät und Schlüssel raus. Kurz fluchen, weil das Funkgerät durchnässt, zerschellt und völlig hinüber ist. Weiter auf dem Blumen-Weg bis zum Buswrack und von dort auf dem Schmetterlings-Weg zum Flugzeug. Geschafft! Der Rest unserer Expeditionsgruppe wartet schon ungeduldig.","The volcano hisses and bubbles – the first rocks are flying around. We switch to autopilot: arm in arm with Kerry-Ann, down the Mountain Path (Berg-Weg) to the church. On the way, quickly grab the long ladder. From the church, walk a few meters on the Flower Path (Blumen-Weg) to the well. Ladder in, radio and keys out. Curse briefly because the radio is soaked, smashed, and completely ruined. Continue on the Flower Path to the bus wreck, and from there on the Butterfly Path (Schmetterlings-Weg) to the plane. Made it! The rest of our expedition group is already waiting impatiently.","Вулкан шипить і вирує — навколо вже літають перші уламки каміння. Ми діємо на автопілоті: підхоплюємо Керрі-Енн під руку й біжимо вниз Гірським шляхом (Berg-Weg) до церкви. Дорогою швидко прихоплюємо довгу драбину. Від церкви проходимо кілька метрів Шляхом квітів (Blumen-Weg) до колодязя. Опускаємо драбину, дістаємо рацію та ключі. Коротко лаємося, бо рація промокла, розбилася й повністю знищена. Продовжуємо рух Шляхом квітів до уламків автобуса, а звідти — Шляхом метеликів (Schmetterlings-Weg) до літака. Впоралися! Решта нашої експедиційної групи вже нетерпляче чекає.","Вулкан шипит и бурлит — вокруг уже летают первые обломки камней. Мы действуем на автопилоте: подхватываем Керри-Энн под руку и бежим вниз по Горному пути (Berg-Weg) к церкви. По пути быстро прихватываем длинную лестницу. От церкви проходим несколько метров по Пути цветов (Blumen-Weg) к колодцу. Опускаем лестницу, достаем рацию и ключи. Коротко ругаемся, потому что рация промокла, разбилась и полностью уничтожена. Продолжаем движение по Пути цветов к обломкам автобуса, а оттуда — по Пути бабочек (Schmetterlings-Weg) к самолету. Справились! Остальная часть нашей экспедиционной группы уже нетерпеливо ждет."
4-37,question,"
","Um alle Personen samt Gepäck auf die Insel zu bringen, waren zwei Flüge nötig. Um jetzt – angesichts der drohenden Katastrophe – die gesamte Expeditionsgruppe auf einmal abfliegen zu können, müssen wir sämtliches Gepäck zurücklassen. Adieu, sagenhafter Goldschatz! Mika startet den Motor und ruft uns zu: „Hey Leute, gewichtstechnisch könnten wir noch eine Person mehr mit reinstopfen!“ Eine moralische Entscheidung, bei der es keine richtige oder falsche Antwort gibt ...
Frage: Wen wollen wir retten: Otto „Ohnefuß“ oder „Me-Time“ Ling? Sheila oder Jerry Knox? Oder gar Yannis, das „Insel-Monster“? Niemanden?!","To bring everyone and their luggage to the island, two flights were necessary. Now, in the face of the impending disaster, to be able to fly the entire expedition group out at once, we must leave all luggage behind. Farewell, legendary gold treasure! Mika starts the engine and calls out to us: 'Hey guys, weight-wise we could cram in one more person!' A moral decision where there is no right or wrong answer ...
Question: Who do we want to save: 'Footless' Otto or 'Me-Time' Ling? Sheila or Jerry Knox? Or even Yannis, the 'island monster'? No one?!","Щоб доставити всіх людей із багажем на острів, знадобилося два авіарейси. Тепер, зважаючи на катастрофу, що насувається, щоб уся експедиційна група змогла полетіти за один раз, нам доведеться залишити весь багаж. Прощавай, легендарний скарбе! Міка запускає двигун і кричить нам: «Гей, народ, за вагою ми могли б узяти з собою ще одну людину!» Це моральне рішення, в якому немає правильної чи неправильної відповіді...
Запитання: Кого ми хочемо врятувати: Отто «Безногого» чи «Me-Time» Лінг? Шейлу чи Джеррі Нокса? Або, можливо, Янніса, «острівне чудовисько»? Чи нікого?!","Чтобы доставить всех людей со снаряжением на остров, потребовалось два авиарейса. Теперь, ввиду надвигающейся катастрофы, чтобы вся экспедиционная группа смогла улететь за один раз, нам придется оставить весь багаж. Прощай, легендарный клад! Мика запускает двигатель и кричит нам: «Гей, народ, по весу мы могли бы взять с собой еще одного человека!» Это моральное решение, в котором нет правильного или неправильного ответа...
Вопрос: Кого мы хотим спасти: Отто «Безногого» или «Me-Time» Линг? Шейлу или Джерри Нокса? Или, может, Янниса, «островное чудовище»? Или никого?!"
4-38,answer,,"Nach einiger Diskussion haben wir eine gemeinsame Entscheidung getroffen. Doch just in diesem Moment kommt ein Junge mit bunter Schirmmütze angerannt und hüpft zu uns ins Flugzeug: Kerry-Anns Sohn Billy, den wir eigentlich am Flughafen verabschiedet hatten! Wo um alles in der Welt kommt er denn jetzt her? „Hab mich heimlich zwischen das Gepäck in den Flieger geschmuggelt. Wollte auch mal Lost Places sehen! Aber Mama hätte tierisch geschimpft, also alles heimlich! Dann ein kleiner Unfall, aber nix passiert. Bitte nicht schimpfen!“ Wir sind sprachlos.","After some discussion, we made a joint decision. But just at that moment, a boy with a colorful cap comes running and hops into the plane with us: Kerry-Ann's son Billy, whom we had actually said goodbye to at the airport! Where on earth did he come from now? 'I secretly smuggled myself into the plane among the luggage. Wanted to see Lost Places too! But Mom would have been furious, so everything was secret! Then a small accident, but nothing happened. Please don't be mad!' We are speechless.","Після тривалих дискусій ми прийняли спільне рішення. Але саме в цю мить підбігає хлопчик у різнокольоровій кепці та застрибує до нас у літак: це син Керрі-Енн, Біллі, з яким ми взагалі-то попрощалися в аеропорту! Звідки, в біса, він тут узявся? «Я таємно прокрався у літак серед багажу. Теж хотів подивитися закинуті місця! Але мама б дуже сварилася, тому все таємно! Потім сталася невелика аварія, але нічого страшного. Будь ласка, не варіться!» Ми просто втратили дар мови.","После долгих дискуссий мы приняли совместное решение. Но именно в этот момент подбегает мальчик в разноцветной кепке и запрыгивает к нам в самолет: это сын Керри-Энн, Билли, с которым мы вообще-то попрощались в аэропорту! Откуда, черт возьми, он здесь взялся? «Я тайно прокрался в самолет среди багажа. Тоже хотел посмотреть заброшенные места! Но мама бы очень ругалась, поэтому всё тайно! Потом случилась небольшая авария, но ничего страшного. Пожалуйста, не ругайтесь!» Мы просто лишились дара речи."
4-39,epilogue,,"Ein Wahnsinn das alles! Das Flugzeug hebt ab. Im allerletzten Moment! Hinter uns ertönt ein ohrenbetäubender Knall. Im Nu wird die Insel unter Lava und Asche begraben und alles versinkt im Chaos. Adieu, Davisland! Und wir? Kommen gerade noch so davon. Ohne den Schatz. Ohne Beweise für unser wildes Abenteuer. Dafür aber: mit unserem Leben! Walter, unser Biologe, checkt nochmal seine Geigerzähler-App. Dann schüttelt er ungläubig den Kopf und flüstert beschämt: „Ey Leute, wisst ihr was? Ich bin an der Bedienung meiner genialen App noch viel genialer gescheitert: Hab das Handy falsch rum gehalten ...“","Madness, all of this! The plane takes off. At the very last moment! Behind us, a deafening crash resounds. In no time, the island is buried under lava and ash, and everything sinks into chaos. Farewell, Davisland! And us? Just barely get away. Without the treasure. Without evidence of our wild adventure. But: with our lives! Walter, our biologist, checks his Geiger counter app again. Then he shakes his head in disbelief and whispers shamefacedly: 'Hey guys, you know what? I failed even more geniusly at operating my genius app: I was holding the phone upside down ...'","Божевілля якесь! Літак злітає. В останню мить! Позаду лунає приголомшливий вибух. У мить острів ховається під лавою та попелом, усе поглинає хаос. Прощавай, Девісленде! А ми? Ледве рятуємося. Без скарбів. Без жодних доказів нашої шаленої пригоди. Але головне: з життям! Вальтер, наш біолог, знову перевіряє свій додаток-дозиметр. Потім він недовірливо хитає головою й присоромлено шепоче: «Гей, народ, знаєте що? Я облажався з цим своїм крутим додатком ще крутіше: я просто тримав телефон догори дриґом...»","Безумие какое-то! Самолет взлетает. В самый последний момент! Позади раздается оглушительный взрыв. Вмиг остров погребается под лавой и пеплом, всё поглощает хаос. Прощай, Дэвисленд! А мы? Едва спасаемся. Без сокровищ. Без каких-либо доказательств нашего безумного приключения. Но главное: с жизнью! Вальтер, наш биолог, снова проверяет свое приложение-дозиметр. Затем он недоверчиво качает головой и пристыженно шепчет: «Эй, народ, знаете что? Я облажался с этим своим крутым приложением еще круче: я просто держал телефон вверх тормашками...»"
4-40,image,,[Bild: THE END],[Image: THE END],[Зображення: КІНЕЦЬ ГРИ],[Изображение: КОНЕЦ ИГРЫ]