card,cardType,level,DE,EN,UK,RU
1-1,introduction,,"Wir befinden uns als verdecktes Ermittlungsteam auf dem Gelände des Spooky Festivals. Der beschauliche, in die Jahre gekommene Vergnügungspark wird seit Wochen von einer Serie kleinerer Sabotageakte heimgesucht. Die Polizei tappt bislang völlig im Dunkeln. Nicht zuletzt, weil die Inhaberfamilie jegliche Einmischung von außen kategorisch ablehnt. Nun liegt es an uns als super-duper Undercover-Spezialeinheit: Tauchen wir ein in das düstere Geflecht des Spooky Festivals und lösen den Fall gemeinsam!","We are an undercover investigative team on the grounds of the Spooky Festival. The peaceful, aging amusement park has been plagued by a series of minor sabotage acts for weeks. The police are still completely in the dark. Not least because the owner family categorically rejects any outside interference. Now it's up to us as a super-duper undercover special unit: let's dive into the dark web of the Spooky Festival and solve the case together!","Ми перебуваємо на території Spooky Festival як секретний спецпідрозділ під прикриттям. Цей затишний, але вже старий парк розваг уже кілька тижнів потерпає від серії дрібних диверсій. Поліція досі блукає у повній темряві. Не в останню чергу тому, що родина власників категорично відкидає будь-яке втручання ззовні. Тепер черга за нами — супер-пупер секретним спецпідрозділом під прикриттям: пориньмо в похмуру павутину Spooky Festival і розкриймо цю справу разом!","Мы находимся на территории Spooky Festival в качестве секретного спецподразделения под прикрытием. Этот тихий, повидавший виды парк развлечений уже несколько недель страдает от серии мелких диверсий. Полиция до сих пор блуждает в полной темноте. Не в последнюю очередь потому, что семья владельцев категорически отвергает любое вмешательство извне. Теперь дело за нами — супер-пупер секретным спецподразделением под прикрытием: давайте погрузимся в мрачную паутину Spooky Festival и раскроем это дело вместе!"
1-2,question,1,"Die Zeiten der großen Besucherströme sind längst vorbei. Mittlerweile verirren sich – selbst an guten Tagen – höchstens noch ein paar Dutzend Gäste aufs Gelände des Spooky Festivals. Einzige Ausnahme: Halloween! Jedes Jahr am 31. Oktober wird der Park seinem alten Ruf noch einmal gerecht. Das Gruselfest lockt die Massen. Und welch Zufall: Heute ist Halloween! Der Abend beginnt – und damit auch unsere Mission. Wir steigen mit einer klassischen Detektivfrage ein ... Unten auf dem Gelände ist es windstill, aber darüber weht ein laues Lüftchen.
Frage: Von wo kommt der Wind?","The times of great visitor crowds are long gone. Meanwhile, even on good days, at most a few dozen guests wander onto the grounds of the Spooky Festival. Only exception: Halloween! Every year on October 31st, the park lives up to its old reputation once again. The spooky festival attracts the crowds. And what a coincidence: today is Halloween! The evening begins – and with it our mission. We start with a classic detective question ... Down on the grounds it is calm, but above a light breeze is blowing.
Question: From where does the wind blow?","Часи величезного натовпу відвідувачів давно минули. Зараз навіть у хороші дні на територію Spooky Festival забредає щонайбільше кілька десятків гостей. Єдиний виняток: Хелловін! Щороку 31 жовтня парк знову виправдовує свою колишню славу. Свято жахів приваблює натовпи людей. І який збіг: сьогодні якраз Хелловін! Вечір починається — а разом із ним і наша місія. Почнімо з класичного детективного запитання... Внизу, на землі, безвітряно, але нагорі дме легкий вітерець.
Запитання: Звідки дме вітер?","Времена огромного потока посетителей давно прошли. Сейчас даже в хорошие дни на территорию Spooky Festival забредает от силы пара десятков гостей. Единственное исключение: Хэллоуин! Каждый год 31 октября парк снова оправдывает свою былую славу. Праздник ужасов привлекает толпы людей. И какое совпадение: сегодня как раз Хэллоуин! Вечер начинается — а вместе с ним и наша миссия. Начнем с классического детективного вопроса... Внизу, на земле, безветренно, но наверху дует легкий ветерок.
Вопрос: Откуда дует ветер?"
1-3,answer,,"Klare Sache, der Wind kommt von Süden. Die Indikatoren dafür sind: Zwei Fahnen auf den Fahrgeschäften, die Wetterkrähne auf dem Dach des Autoscooters und die schmale Rauchsäule, die vom Strand herüberzieht. Sehr gut, wäre das schon mal geklärt.","Clear case, the wind is coming from the south. The indicators for this are: two flags on the rides, the weather vanes on the roof of the bumper cars, and the thin column of smoke drifting over from the beach. Very well, that's settled.","Ясна річ, вітер дме з півдня. Показниками цього є: два прапори на атракціонах, флюгери на даху автодрому та тонкий стовп диму, що тягнеться з боку пляжу. Чудово, з цим ми розібралися.","Ясное дело, ветер дует с юга. Показателями этого являются: два флага на аттракционах, флюгеры на крыше автодрома и тонкий столб дыма, тянущийся со стороны пляжа. Отлично, с этим мы разобрались."
1-4,question,2,"Als Nächstes müssen wir Hauptkommissar Jenkins finden, um unser Briefing für die Mission des heutigen Abends zu erhalten. Jenkins ist heute in Zivil unterwegs. Er trägt ein kariertes Hemd, dazu Basecap und Sonnenbrille.
Frage: Wo finden wir ihn?","Next, we need to find Chief Inspector Jenkins to receive our briefing for tonight's mission. Jenkins is in plain clothes today. He is wearing a plaid shirt, along with a baseball cap and sunglasses.
Question: Where can we find him?","Далі нам потрібно знайти головного комісара Дженкінса, щоб отримати інструктаж щодо сьогоднішньої місії. Дженкінс сьогодні одягнений у цивільне. На ньому картата сорочка, бейсболка та сонцезахисні окуляри.
Запитання: Де ми можемо його знайти?","Далее нам нужно найти главного комиссара Дженкинса, чтобы получить инструктаж по сегодняшней миссии. Дженкинс сегодня одет в гражданское. На нем клетчатая рубашка, бейсболка и солнцезащитные очки.
Вопрос: Где мы можем его найти?"
1-5,answer,,"Der schnauzbärtige Hauptkommissar Jenkins steht mit Kaffeebecher und Donut-Tüte zwischen Kinderkarussell und Kettenkarussell: „Ah, da seid ihr ja – meine Undercover-Spezialeinheit! Stellt hübsch die Lauscher auf: Es besteht die Sorge, dass ausgerechnet heute, an Halloween – dem einzigen guten Tag im Jahr, an dem auf diesem tristen Gelände noch der Bär steppt – weitere Sabotageakte verübt werden. Eigentlich wollten wir den Park deshalb geschlossen halten, aber die Bürgermeisterin hat ihr Veto eingelegt. Sie vertritt die Auffassung, Halloween beim Spooky Festival sei städtische Tradition.“","The mustachioed Chief Inspector Jenkins is standing with a coffee cup and a bag of donuts between the children's carousel and the wave swinger (kettenkarussell): 'Ah, there you are – my undercover special unit! Listen closely: there are concerns that more acts of sabotage will be committed today of all days, on Halloween – the only good day of the year when this dreary place is actually buzzing. Actually, we wanted to keep the park closed for this reason, but the mayoress vetoed it. She believes that Halloween at the Spooky Festival is a city tradition.'","Вусатий головний комісар Дженкінс стоїть зі склянкою кави та пакетом пончиків між дитячою каруселлю та ланцюговою каруселлю: «А, ось і ви — мій секретний спецпідрозділ під прикриттям! Тримайте вуха гостро: є побоювання, що саме сьогодні, на Хелловін — єдиний пристойний день у році, коли на цій понурій території життя вирує — будуть скоєні нові диверсії. Взагалі-то ми хотіли закрити парк із цієї причини, але мер наклала вето. Вона вважає, що Хелловін на Spooky Festival — це міська традиція».","Усатый главный комиссар Дженкинс стоит со стаканчиком кофе и пакетом пончиков между детской каруселью и цепочной каруселью: «А, вот и вы — мое секретное спецподразделение! Держите ушки на макушке: есть опасения, что именно сегодня, на Хэллоуин — единственный приличный день в году, когда на этой унылой территории жизнь бьет ключом — будут совершены новые диверсии. Вообще-то мы хотели закрыть парк по этой причине, но мэр наложила вето. Она считает, что Хэллоуин на Spooky Festival — это городская традиция»."
1-6,question,1,"Hauptkommissar Jenkins, der neuerdings auf gendergerechte Sprache achtet, fährt fort: „Wir haben uns darauf verständigt, den Abend normal stattfinden zu lassen. Allerdings unter der Voraussetzung, dass wir mit einigen Agent*innen und Polizist*innen vor Ort sind, um Schlimmeres zu verhindern und idealerweise den oder die Übeltäter*innen dingfest zu machen. Also: Schaut euch um, hört euch um, seid wachsam – und amüsiert euch!“ Verstanden, offizielle Anordnung: amüsieren! Am besten, wir verschaffen uns erst mal einen Überblick. Es gibt runde und viereckige Zelte.
Frage: Sehen wir mehr oder weniger als zwölf viereckige, mit bunten Planen bespannte Buden?","Chief Inspector Jenkins, who recently started paying attention to gender-neutral language, continues: 'We have agreed to let the evening proceed normally. However, on the condition that we are on site with some agents and police officers to prevent worse things and ideally catch the culprit(s). So: look around, listen around, be vigilant – and have fun!' Understood, official order: have fun! Best if we get an overview first. There are round and square tents.
Question: Do we see more or less than twelve square booths covered with colorful tarpaulins?","Головний комісар Дженкінс, який віднедавна стежить за гендерно-нейтральною мовою, продовжує: «Ми домовилися провести цей вечір як зазвичай. Однак за умови, що ми будемо присутні на місці з агентами та офіцерами поліції, щоб запобігти найгіршому та, в ідеалі, затримати зловмисника(ів). Тож: оглядайтеся, прислухайтеся, будьте пильними — і розважайтеся!» Вас зрозуміли, офіційний наказ: розважатися! Найкраще для початку озирнутися. Тут є круглі та чотирикутні ятки.
Запитання: Чи бачимо ми більше або менше дванадцяти чотирикутних яток, покритих кольоровими тентами?","Главный комиссар Дженкинс, который с недавних пор следит за гендерно-нейтральной речью, продолжает: «Мы договорились провести этот вечер как обычно. Однако при условии, что мы будем присутствовать на месте с агентами и офицерами полиции, чтобы предотвратить худшее и, в идеале, задержать злоумышленника(ов). Так что: осматривайтесь, прислушивайтесь, будьте бдительны — и развлекайтесь!» Вас поняли, официальный приказ: развлекаться! Лучше всего для начала осмотреться. Здесь есть круглые и четырехугольные палатки.
Вопрос: Видим ли мы больше или меньше двенадцати четырехугольных палаток, покрытых цветными тентами?"
1-7,answer,,"Nach einiger Diskussion – auch über die Sinnhaftigkeit der Frage – haben wir uns entschieden: Wir sehen mehr als zwölf dieser Buden. 14 Stück, um genau zu sein, davon zehn im Mittelbereich und vier im nordöstlichen Randbereich. Einige Buden verkaufen dies, andere das. Dosenwerfen hier, Entenangeln da. Dafür sind wir natürlich schon zu alt und zu cool. Obwohl, insgeheim würde uns das Entenangeln schon sehr reizen.","After some discussion – also about the usefulness of the question – we decided: we see more than twelve of these booths. 14 of them, to be exact, ten in the middle area and four in the northeastern edge. Some booths sell this, others that. Tin can alley here, duck fishing there. Of course, we are already too old and too cool for that. Although, secretly, duck fishing would really appeal to us.","Після деяких суперечок — зокрема про доцільність запитання — ми вирішили: ми бачимо більше дванадцяти таких яток. Усього 14 штук, якщо точніше: десять у центральній частині та чотири на північно-східній окраїні. В одних ятках продають одне, в інших — інше. Тут збивання банок, там ловля качечок. Звісно, ми вже занадто дорослі та круті для цього. Хоча, потайки, ловля качечок нас дуже навіть приваблює.","После некоторых споров — в том числе о целесообразности вопроса — мы решили: мы видим больше двенадцати таких палаток. Всего 14 штук, если точнее: десять в центральной части и четыре на северо-восточной окраине. В одних палатках продают одно, в других — другое. Тут сбивание банок, там ловля уточек. Конечно, мы уже слишком взрослые и крутые для этого. Хотя, втайне, ловля уточек нас очень даже привлекает."
1-8,question,2,"Wenden wir uns den Fahrgeschäften zu: Bei ihnen ist der Lack im sprichwörtlichen Sinne längst ab. Es rostet, wackelt und quietscht. Das Einzige, was hier regelmäßig geschmiert wird, ist wohl der TÜV.
Frage: Welche sechs Fahrgeschäfte hat das Spooky Festival?","Let's turn to the rides: their paint is literally long gone. It's rusting, shaking, and squeaking. The only thing regularly greased around here is probably the TÜV (inspection association).
Question: Which six rides does the Spooky Festival have?","Звернімо увагу на атракціони: з них у буквальному сенсі давно зійшла фарба. Все іржавіє, хитається та скрипить. Єдине, що тут регулярно «змащують» (підкуповують), це, мабуть, техогляд (TÜV).
Запитання: Які шість атракціонів є у Spooky Festival?","Обратим внимание на аттракционы: с них в буквальном смысле давно сошла краска. Все ржавеет, шатается и скрипит. Единственное, что здесь регулярно «смазывают» (подкупают), это, пожалуй, техосмотр (TÜV).
Вопрос: Какие шесть аттракционов есть в Spooky Festival?"
1-9,answer,,"Im Zentrum des Geländes steht das alte Kettenkarussell. Dazu kommen noch ein Kinderkarussell, ein Riesenrad, eine Geisterbahn („Haunted House“), ein Autoscooter („Bumper Cars“) und drehende Teetassen. Der kleine grüne Zug vorm Haupteingang ist mehr Fahrzeug als Fahrgeschäft. Das violette Muscle Car auf dem Podest könnte man im metaphorischen Sinne als „Fahrattraktion“ bezeichnen. Es ist hier aber nicht gefragt.","In the center of the grounds stands the old wave swinger (kettenkarussell). Additionally, there is a children's carousel, a Ferris wheel, a haunted house, bumper cars, and spinning teacups. The little green train in front of the main entrance is more of a vehicle than an attraction. The purple muscle car on the pedestal could metaphorically be described as a 'riding attraction,' but that is not what is being asked for here.","У центрі території стоїть стара ланцюгова карусель. До цього додаються ще дитяча карусель, колесо огляду, кімната страху («Haunted House»), автодром («Bumper Cars») та обертові чайні чашки. Маленький зелений потяг перед головним входом — це скоріше транспортний засіб, ніж атракціон. Фіолетовий маслкар на постаменті можна метафорично назвати «атракціоном на колесах», але про нього тут не йдеться.","В центре территории стоит старая цепочная карусель. К этому добавляются еще детская карусель, колесо обозрения, комната страха («Haunted House»), автодром («Bumper Cars») и вращающиеся чайные чашки. Маленький зеленый поезд перед главным входом — это скорее транспортное средство, чем аттракцион. Фиолетовый масл-кар на постаменте можно метафорически назвать «аттракционом на колесах», но о нем здесь речь не идет."
1-10,question,1,"Trotzdem erregt ausgerechnet das Muscle Car unsere Aufmerksamkeit.
Frage: Warum?","Nevertheless, of all things, the muscle car catches our attention.
Question: Why?","Попри це, саме маслкар привертає нашу увагу.
Запитання: Чому?","Тем не по менее, именно масл-кар привлекает наше внимание.
Вопрос: Почему?"
1-11,answer,,"Ein aggressiver und leicht verwirrter Typ steht davor und holt mit einem Baseballschläger aus. Der Mann ist gerade dabei, den Wagen zu demolieren. Die zerstörte Rückscheibe geht wahrscheinlich bereits auf seine Kappe, die Security ist im Anmarsch. Interessanterweise wurden vor rund einer Stunde vor dem Haupteingang im Südosten bereits zwei weitere Muscle Cars demoliert. Das schauen wir uns mal genauer an ...","An aggressive and slightly confused guy is standing in front of it, swinging a baseball bat. The man is currently demolishing the car. The shattered rear window is probably already his doing; security is on the way. Interestingly, about an hour ago, two other muscle cars were already demolished in front of the main entrance in the southeast. Let's take a closer look at that...","Агресивний і трохи розгублений хлопець стоїть перед ним і замахується бейсбольною битою. Чоловік якраз крушить автівку. Розбите заднє скло, ймовірно, вже на його рахунку, охорона вже в дорозі. Цікаво, що близько години тому перед головним входом на південному сході вже було розгромлено ще два маслкари. Розгляньмо це детальніше...","Агрессивный и слегка растерянный парень стоит перед ним и замахивается бейсбольной битой. Мужчина как раз крушит машину. Разбитое заднее стекло, вероятно, уже на его счету, охрана уже в пути. Интересно, что около часа назад перед главным входом на юго-востоке уже было разгромлено еще два масл-кара. Рассмотрим это поподробнее..."
1-12,image,,"[Bildkarte mit Polizeiwagen, Taxi, Muscle Car und weiteren Fahrzeugen]","[Image card with police cars, taxi, muscle car, and other vehicles]","[Графічна карта з поліцейськими машинами, таксі, маслкаром та іншими автівками]","[Графическая карта с полицейскими машинами, такси, масл-каром и другими автомобилями]"
1-13,image,,[Bildkarte mit Ballwurfspiel / Darts am Spooky Festival],[Image card showing ball toss game / darts at the Spooky Festival],[Графічна карта з грою в збивання банок або дартс на Spooky Festival],[Графическая карта с игрой в сбивание банок или дартс на Spooky Festival]
1-14,question,3,"Als neunmalkluges Ermittlungsteam geht uns ein Licht auf: Bei dem Mann mit dem Baseballschläger handelt es sich höchstwahrscheinlich um den Täter, der auch vor dem Haupteingang gewütet hat.
Frage: Wie kommen wir darauf – und was ist sein Motiv?","As a smart investigative team, it dawns on us: the man with the baseball bat is highly likely the culprit who also went on a rampage in front of the main entrance.
Question: How did we deduce this – and what is his motive?","Як розумній команді слідчих, нам стає все зрозуміло: чоловік із бейсбольною битою, швидше за все, є тим самим зловмисником, який також лютував перед головним входом.
Запитання: Як ми до цього дійшли — і який його мотив?","Как сообразительной команде следователей, нам становится все ясно: мужчина с бейсбольной битой, скорее всего, является тем самым злоумышленником, который также свирепствовал перед главным входом.
Вопрос: Как мы к этому пришли — и каков его мотив?"
1-15,answer,,"Der Wagen auf dem Podest hat eine Siegerschleife. Das nebenstehende Poster klärt auf: 1. Platz beim „Coolest Car Ever Contest“. Auf Sonderkarte 1.12 sehen wir die beiden bereits demolierten Muscle Cars, sie haben Siegerschleifen der Plätze 2 und 3. Das Muscle Car auf Sonderkarte 1.13 ist heil und hat keine Siegerschleife, dafür aber große Herz-Sticker mit „I love my car“ und „Lucy“. Das „Lucy“-Herz finden wir auf dem Rücken des verdächtigen Mannes wieder. Ergo: Das heile Auto gehört ihm. Sein Tatmotiv: Frust darüber, dass er mit seiner heißgeliebten „Lucy“ nicht prämiert wurde.","The car on the pedestal has a winner's ribbon. The adjacent poster explains: 1st place in the 'Coolest Car Ever Contest'. On special card 1.12 we see the two already demolished muscle cars, they have winner's ribbons for 2nd and 3rd place. The muscle car on special card 1.13 is undamaged and has no winner's ribbon, but it has large heart stickers saying 'I love my car' and 'Lucy'. We find the same 'Lucy' heart on the back of the suspect. Ergo: the undamaged car belongs to him. His motive: frustration that his beloved 'Lucy' didn't win an award.","Машина на постаменті має стрічку переможця. Плакат поруч пояснює: 1-е місце в конкурсі «Coolest Car Ever Contest». На спеціальній карті 1.12 ми бачимо два вже понівечені маслкари, вони мають стрічки за 2-е та 3-є місця. Маслкар на спеціальній карті 1.13 цілий і не має стрічки, але на ньому великі наклейки-сердечка з написом «I love my car» та «Lucy». Серце «Lucy» ми знаходимо на спині підозрілого чоловіка. Отже, ціла машина належить йому. Його мотив: розчарування тим, що його палко кохана «Люсі» не отримала нагороди.","Машина на постаменте имеет ленту победителя. Плакат рядом объясняет: 1-е место в конкурсе «Coolest Car Ever Contest». На специальной карте 1.12 мы видим два уже искореженных масл-кара, у них ленты за 2-е и 3-е места. Масл-кар на специальной карте 1.13 цел и не имеет ленты, но на нем большие наклейки-сердечки с надписью «I love my car» и «Lucy». Сердце «Lucy» мы находим на спине подозрительного мужчины. Следовательно, уцелевшая машина принадлежит ему. Его мотив: разочарование тем, что его горячо любимая «Люси» не получила награды."
1-16,question,2,"Der Abend kommt langsam in Schwung. Unser Gefühl sagt uns zwar, dass der Mann nichts mit der Serie von Sabotageakten zu tun hat. Trotzdem, Autos zertrümmern ist idiotisch und retro. Wir lassen die Handschellen klicken und übergeben den Mann der Streifenpolizei. Praktischerweise stehen zwei Streifenwagen direkt vorm Haupteingang. Die werten Kolleginnen und Kollegen belehren offenbar gerade eine fünfköpfige Biker-Gruppe in puncto Falschparken.
Frage: Wo stehen die fünf Motorräder – und welches davon ist besonders dämlich geparkt?","The evening is slowly getting into swing. Although our gut feeling tells us that this man has nothing to do with the series of sabotage acts, smashing cars is still idiotic and uncool. We click the handcuffs shut and hand the man over to the patrol police. Conveniently, two police cars are parked right in front of the main entrance. Our dear colleagues seem to be lecturing a five-member biker group about illegal parking.
Question: Where are the five motorcycles parked – and which one of them is parked in an especially stupid way?","Вечір потроху розкручується. Хоча інтуїція каже нам, що цей чоловік не має стосунку до серії саботажів, усе ж трощити машини — це ідіотизм і пережиток минулого. Ми замикаємо кайдани та передаємо хулігана патрульній поліції. Зручно, що дві патрульні машини стоять прямо перед головним входом. Наші шановні колеги якраз вичитують групу з п'яти байкерів за неправильне паркування.
Запитання: Де стоять ці п'ять мотоциклів — і який із них припаркований особливо безглуздо?","Вечер понемногу разгорается. Хотя интуиция говорит нам, что этот мужчина не имеет отношения к серии саботажей, все же крушить машины — это идиотизм и пережиток прошлого. Мы защелкиваем наручники и передаем хулигана патрульной полиции. К счастью, две патрульные машины стоят прямо перед главным входом. Наши уважаемые коллеги как раз вычитывают группу из пяти байкеров за неправильную парковку.
Вопрос: Где стоят эти пять мотоциклов — и какой из них припаркован особенно нелепо?"
1-17,answer,,"Zwei Motorräder stehen bei ihnen. Die Besitzerin und der Besitzer sind farblich perfekt auf ihr jeweiliges Gefährt abgestimmt, was uns zu den drei anderen Motorrädern führt: Das grüne steht neben dem Regenbogen-Wohnwagen, das orange-türkise auf Faltplan Norden oben links zwischen den Bäumen und das rote mit dem Prädikat „besonders dämlich geparkt“ blockiert im Parkverbot den Gehweg vorm Asia Restaurant. Zur Abwechslung mal wieder eine Falschparkerin überführt. Den lästigen Papierkram überlassen wir folgerichtig unseren Kolleginnen und Kollegen von der Streifenpolizei und treten den Rückzug an.","Two motorcycles are with them. The owners are perfectly color-coordinated with their respective vehicles, which leads us to the other three motorcycles: the green one stands next to the rainbow caravan, the orange-turquoise one is on the northern map on the top left between the trees, and the red one, deemed 'especially stupidly parked,' blocks the sidewalk in a no-parking zone in front of the Asia restaurant. For a change, we've caught another illegal parker. Quite logically, we leave the annoying paperwork to our patrol officer colleagues and beat a retreat.","Два мотоцикли стоять біля них. Власниця та власник ідеально пасують за кольором до своїх засобів пересування, що веде нас до трьох інших мотоциклів: зелений стоїть біля райдужного трейлера, помаранчево-бірюзовий — на північній карті вгорі ліворуч між деревами, а червоний із клеймом «особливо безглуздо припаркований» блокує пішохідну зону перед азійським рестораном у забороненій для паркування зоні. Для різноманітності ми знову зловили порушницю паркування. Паперову тяганину ми логічно залишаємо патрульним і відступаємо.","Два мотоцикла стоят возле них. Владелица и владелец идеально подходят по цвету к своим средствам передвижения, что ведет нас к трем другим мотоциклам: зеленый стоит возле радужного трейлера, оранжево-бирюзовый — на северной карте вверху слева между деревьями, а красный со статусом «особенно нелепо припаркован» блокирует пешеходную зону перед азиатским рестораном в запрещенной для парковки зоне. Для разнообразия мы снова поймали нарушительницу парковки. Бумажную волокиту мы логично оставляем патрульным и отступаем."
1-18,question,1,"Wir lassen unseren Blick wieder über das Gelände schweifen. Aber, aber – wer wird denn gleich weinen ...
Frage: Wo sehen wir den größten aller Einhorn-Fans – und wieso ist er so verzweifelt?","We let our gaze wander over the grounds again. But, dear, who is about to cry...
Question: Where do we see the biggest of all unicorn fans – and why is he so desperate?","Ми знову окидаємо поглядом територію. Але-але, хто це тут зібрався плакати...
Запитання: Де ми бачимо найбільшого фаната єдинорогів — і чому він у такому розпачі?","Мы снова окидываем взглядом территорию. Но-но, кто это тут собрался плакать...
Вопрос: Где мы видим самого преданного фаната единорогов — и почему он в таком отчаянии?"
1-19,answer,,"Die Rede ist von einem riesigen Mann, der von Kopf bis Fuß in Einhorn-Klamotten steckt. Er hockt im Kinderkarussell – natürlich auf einem Einhorn – und würde liebend gern darauf mitfahren. Doch ausgerechnet heute ist das Karussell außer Betrieb, wie das Schild mit der Aufschrift „Closed“ verkündet. „Waruuuuuum??!“ jault der Mann, der sich uns als Dave vorstellt.","We are talking about a huge man dressed from head to toe in unicorn clothes. He is sitting on the children's carousel – on a unicorn, of course – and would love to ride it. But today of all days, the carousel is out of service, as the sign saying 'Closed' announces. 'Whyyyyy??!' howls the man, who introduces himself to us as Dave.","Йдеться про величезного чоловіка, одягненого з голови до ніг у речі з єдинорогами. Він сидить на дитячій каруселі — звичайно ж, на єдинорозі — і дуже хотів би покататися. Але саме сьогодні карусель не працює, про що свідчить табличка з написом «Closed» (Зачинено). «Чому-у-у-у??!» — виє чоловік, який відрекомендувався нам як Дейв.","Речь идет об огромном мужчине, одетом с ног до головы в вещи с единорогами. Он сидит на детской карусели — конечно же, на единороге — и очень хотел бы покататься. Но именно сегодня карусель не работает, о чем гласит табличка с надписью «Closed» (Закрыто). «Почему-у-у-у??!» — воет мужчина, представившийся нам как Дейв."
1-20,question,3,"Dave schluchzt: „Ich bin heute satte 14 Stunden mit dem Auto angereist! Einzig und allein, um noch einmal auf dem Einhorn mitzufahren, auf dem ich als Kind schon sooft gesessen habe. Wie ätzend! Scheißladen!“
Frage: Aus welcher Stadt kam Dave angereist?","Dave sobs: 'I traveled for a whopping 14 hours by car today! Solely to ride once again on the unicorn that I sat on so often as a child. How annoying! Crappy place!'
Question: From which city did Dave travel?","Дейв схлипує: «Я сьогодні їхав цілих 14 годин машиною! Тільки заради того, щоб ще раз покататися на єдинорозі, на якому я в дитинстві так часто сидів. Яка ж гидота! Дурний парк!»
Запитання: З якого міста приїхав Дейв?","Дейв всхлипывает: «Я сегодня ехал целых 14 часов на машине! Только ради того, чтобы еще раз покататься на единороге, на котором я в детстве так часто сидел. Какая гадость! Дурацкий парк!»
Вопрос: Из какого города приехал Дейв?"
1-21,answer,,"Dave kam aus Thafex Town angereist. Zu dieser Aussage gelangen wir durch eine Meisterleistung unserer Kombinations- und Deduktionsgabe: Auf Sonderkarte 1.12 stehen drei Fahrzeuge mit Einhorn-Aufklebern. Scheint irgendwie sein Ding zu sein ... Der rosafarbene Pickup-Truck gehört Dave, denn der Einhorn-Sticker ist identisch zu dem Print auf seinem Hemd. An der Seite dieses Pickup-Trucks prangt noch ein zweiter großer Sticker mit der Aufschrift „TF Town“ und eine große Tourismus-Werbetafel auf dem Häuserdach oberhalb des Wagens klärt uns darüber auf, dass TF Town für Thafex Town steht. Quod erat demonstrandum.","Dave traveled from Thafex Town. We arrive at this statement through a masterpiece of our skills of deduction: on special card 1.12, there are three vehicles with unicorn stickers. Seems to be his thing... The pink pickup truck belongs to Dave, because the unicorn sticker is identical to the print on his shirt. On the side of this pickup truck, there is a second large sticker with the inscription 'TF Town', and a large tourism billboard on the roof of the building above the car clarifies that TF Town stands for Thafex Town. Quod erat demonstrandum.","Дейв приїхав з міста Тафекс Таун. Цього висновку ми дійшли завдяки шедевру нашої спостережливості та дедукції: на спеціальній карті 1.12 є три автомобілі з наклейками єдинорогів. Схоже, це його фішка... Рожевий пікап належить Дейву, адже стрічка-наклейка з єдинорогом ідентична малюнку на його сорочці. На борту цього пікапа красується ще одна велика наклейка з написом «TF Town», а великий туристичний білборд на даху будівлі над машиною пояснює, що TF Town означає Thafex Town. Що й треба було довести (Quod erat demonstrandum).","Дейв приехал из города Тафекс Таун. К этому выводу мы пришли благодаря шедевру нашей наблюдательности и дедукции: на специальной карте 1.12 есть три автомобиля с наклейками единорогов. Похоже, это его фишка... Розовый пикап принадлежит Дейву, ведь наклейка с единорогом идентична принту на его рубашке. На борту этого пикапа красуется еще одна крупная наклейка с надписью «TF Town», а большой туристический рекламный щит на крыше здания над машиной поясняет, что TF Town расшифровывается как Thafex Town. Что и требовалось доказать (Quod erat demonstrandum)."
1-22,question,2,"Wir versuchen Dave aufzuheitern, indem wir ihn auf die süßen Einhorn-Hüpftiere hinweisen, die hier überall verstreut herumstehen. Dave blickt uns hoffnungsvoll an: „Ehrlich? Ist zwar nicht dasselbe wie eine Karussellfahrt, aber immer noch besser als nichts.“
Frage: Welches der Einhorn-Hüpftiere wird gerade liebevoll in den Schwitzkasten genommen, welches einem Belastungstest unterzogen und welches will besonders hoch hinaus?","We try to cheer Dave up by pointing out the cute unicorn hopper toys scattered all over the grounds. Dave looks at us hopefully: 'Really? It's not the same as a carousel ride, but still better than nothing.'
Question: Which of the unicorn hoppers is currently being lovingly held in a headlock, which one is undergoing a stress test, and which one wants to aim especially high?","Ми намагаємося підняти настрій Дейву, вказуючи на милі стрибунці-єдинороги, що розкидані по всій території. Дейв дивиться на нас із надією: «Справді? Це, звісно, не те саме, що карусель, але все ж краще, ніж нічого».
Запитання: Якого з єдинорогів-стрибунців зараз ніжно душать в обіймах (беруть у захват), якого піддають випробуванню на міцність, а який прагне злетіти найвище?","Мы пытаемся поднять Дейву настроение, указывая на милые надувные игрушки-прыгуны в виде единорогов, разбросанные по всей территории. Дейв смотрит на нас с надеждой: «Правда? Это, конечно, не то же самое, что карусель, но все же лучше, чем ничего».
Вопрос: Какого из единорогов-прыгунов сейчас нежно берут в удушающий захват, какого подвергают испытанию на прочность, а какой хочет взлететь выше всех?"
1-23,answer,,"„In den Schwitzkasten genommen“ wird das Einhorn-Hüpftier, das sich die Frau auf Sonderkarte 1.12 unter den Arm geklemmt hat. Einem Belastungstest unterzieht sich das Einhorn vor der Hüpfburg, auf dem ein kleiner Drache tobt. Besonders hoch hinaus will das Einhorn oben auf dem Container, der am Seil eines Krans über der Geisterbahn hängt. Und was macht Dave? Kaum hat er das nächstbeste Einhorn hinter der Hüpfburg entdeckt, rennt er wie von Sinnen darauf zu, klemmt es sich unter den Arm und macht sich johlend aus dem Staub. Einhorn-Fanatismus und Diebstahl liegen wohl nah beieinander ...","The unicorn hopper 'held in a headlock' is the one the woman on special card 1.12 has tucked under her arm. The one undergoing a 'stress test' is the unicorn in front of the bouncy castle, on which a small dragon is rampaging. The unicorn aiming 'especially high' is the one on top of the container hanging from a crane rope above the haunted house. And what does Dave do? As soon as he spots the nearest unicorn behind the bouncy castle, he runs toward it like crazy, tucks it under his arm, and runs off cheering. It seems unicorn fanaticism and theft are close neighbors...","«В обійми бере» (захоплює) єдинорога-стрибунця жінка на спеціальній карті 1.12, стиснувши його під пахвою. Випробуванню на міцність піддається єдиноріг перед батутом-замком, на якому шаленіє маленький дракончик. Найвище прагне злетіти єдиноріг на вершині контейнера, який висить на тросі крана над кімнатою страху. А що робить Дейв? Тільки-но він помітив найближчого єдинорога за батутом, як біжить до нього як божевільний, хапає під пахву і з радісними криками тікає. Схоже, фанатизм до єдинорогів та крадіжка крокують поруч...","«В удушающий захват» берет надувного единорога женщина на специальной карте 1.12, зажав его под мышкой. Испытанию на прочность подвергается единорог перед батутом-замком, на котором резвится маленький дракончик. Выше всех хочет подняться единорог на вершине контейнера, который висит на тросе крана над комнатой страха. А что делает Дейв? Едва заметив ближайшего единорога за батутом, он бежит к нему как сумасшедший, хватает под мышку и с радостными криками убегает. Похоже, фанатизм к единорогам и кража ходят где-то рядом..."
1-24,question,2,"Wir könnten Dave bei seinem Pickup-Truck abfangen und stellen. Aber irgendwie haben wir Mitleid mit dem armen Kerl und lassen ihn laufen. Zumal etwas Spannenderes unsere Aufmerksamkeit erregt: Im Inneren der Hüpfburg scheint es nämlich gerade hoch her zu gehen.
Frage: Was läuft dort falsch?","We could intercept Dave at his pickup truck and confront him. But somehow we feel sorry for the poor guy and let him go. Especially since something more exciting catches our attention: inside the bouncy castle, things seem to be getting quite wild.
Question: What is going wrong there?","Ми могли б перехопити Дейва біля його пікапа і затримати. Але чомусь нам стає шкода цього бідолаху, і ми відпускаємо його. Тим паче, що нашу увагу привертає дещо цікавіше: всередині батута-замку, схоже, коїться щось гаряче.
Запитання: Що там йде не так?","Мы могли бы перехватить Дейва у его пикапа и задержать. Но почему-то нам становится жаль этого бедолагу, и мы отпускаем его. Тем более, что наше внимание привлекает кое-что поинтереснее: внутри батута-замка, похоже, творится что-то неладное.
Вопрос: Что там идет не так?"
1-25,answer,,"Neben der Hüpfburg stehen Schilder: Kein Essen und keine Erwachsenen. Diese Verbote scheinen zwei anarchische Bullis wenig zu interessieren. Sie proklamieren die Hüpfburg für sich, verscheuchen die Kinder und mampfen genüsslich ihr Popcorn. Wir zeigen den Deppen unsere Dienstmarke und weisen ihnen den Weg nach draußen. Der Vorfall hat uns in Erinnerung gerufen, warum wir eigentlich hier sind. Wir sollten uns langsam, aber sicher den Sabotageakten widmen. Der Park gehört einer ehemaligen Schaustellerfamilie, den Szabós. Hauptkommissar Jenkins hat uns ihren Stammbaum zugesteckt.","Next to the bouncy castle there are signs: No food and no adults. These prohibitions seem to be of little interest to two anarchic police officers. They claim the bouncy castle for themselves, shoo the children away, and happily munch on their popcorn. We show the fools our badges and point them to the exit. The incident reminded us why we are actually here. We should slowly but surely dedicate ourselves to the acts of sabotage. The park belongs to a former showman family, the Szabós. Chief Inspector Jenkins slipped us their family tree.","Біля надувного замку стоять таблички: Жодної їжі та жодних дорослих. Схоже, ці заборони мало цікавлять двох анархічних поліцейських. Вони привласнюють надувний замок, проганяють дітей і з насолодою жують свій попкорн. Ми показуємо цим дурням свої значки й вказуємо на вихід. Цей інцидент нагадав нам, чому ми насправді тут. Треба повільно, але впевнено зайнятися актами саботажу. Парк належить колишній родині шоуменів Сабо. Головний інспектор Дженкінс підсунув нам їхнє генеалогічне дерево.","Возле надувного замка стоят таблички: Никакой еды и никаких взрослых. Похоже, эти запреты мало интересуют двух анархичных полицейских. Они присваивают надувной замок, прогоняют детей и с наслаждением жуют свой попкорн. Мы показываем этим придуркам свои значки и указываем на выход. Этот инцидент напомнил нам, почему мы на самом деле здесь. Пора медленно, но верно заняться актами саботажа. Парк принадлежит бывшей семье шоуменов Сабо. Главный инспектор Дженкинс подсунул нам их генеалогическое древо."
1-26,image,,,,,
1-27,image,,,,,
1-28,question,1,"Also gut, dann wollen wir mal...
Frage: Wo auf dem Gelände entdecken wir Opa Walt?","Alright then, let's go...
Question: Where on the grounds do we discover Grandpa Walt?","Ну добре, почнемо...
Запитання: Де на території парку ми знаходимо дідуся Уолта?","Ну хорошо, начнем...
Вопрос: Где на территории парка мы находим дедушку Уолта?"
1-29,answer,,"Ein Abgleich mit seinem Stammbaumfoto verschafft uns Gewissheit: Opa Walt sitzt in einem Rollstuhl auf dem Dach der Geisterbahn. Im Gespräch entpuppt er sich als leicht verbitterter, wortkarger und - zumindest uns gegenüber - sehr unterkühlter Mann. Nach einem Unfall ist er seit zehn Jahren an den Rollstuhl gefesselt. Das Dach der Geisterbahn ist sein Revier und Exil gleichermaßen.,Wie auch immer man es nennen will"", gibt Opa Walt zu Protokoll, ,„zumindest habe ich von hier oben alles bestens im Blick.""","A comparison with his family tree photo gives us certainty: Grandpa Walt is sitting in a wheelchair on the roof of the ghost train. In conversation, he turns out to be a slightly embittered, taciturn and - at least towards us - very chilly man. After an accident, he has been confined to a wheelchair for ten years. The roof of the ghost train is his territory and exile alike. 'Whatever you want to call it,' Grandpa Walt states, 'at least I have a perfect view of everything from up here.'","Порівняння з фотографією з генеалогічного дерева дає нам впевненість: дідусь Уолт сидить в інвалідному візку на даху кімнати страху. У розмові він виявляється трохи озлобленим, небагатослівним і — принаймні до нас — дуже холодним чоловіком. Після нещасного випадку він уже десять років прикутий до інвалідного візка. Дах кімнати страху — це його територія і місце вигнання водночас. «Називайте це як хочете», — заявляє дідусь Уолт, — «принаймні звідси мені все чудово видно».","Сравнение с фотографией из генеалогического древа дает нам уверенность: дедушка Уолт сидит в инвалидной коляске на крыше комнаты страха. В разговоре он оказывается немного озлобленным, неразговорчивым и — по крайней мере, к нам — очень холодным человеком. После несчастного случая он уже десять лет прикован к инвалидной коляске. Крыша комнаты страха — это его территория и место изгнания одновременно. «Называйте это как хотите», — заявляет дедушка Уолт, — «по крайней мере, отсюда мне всё отлично видно»."
1-30,question,2,"„Ihr wollt wissen, wie das damals war mit meinem Unfall? Keine spannende Geschichte: Ich wollte meine drei Enkelkinder mit 'nem gewieften Stunt auf dem alten Kettenkarussell beeindrucken: einem Salto. Von einem Sitz zum nächsten. Bei voller Fahrt. Na ja, fast hätte ich's geschafft."" Ungläubiges Staunen unsererseits. Wir reagieren mit einer Übersprungshandlung und schauen uns die großen Zahlen auf der Deckenumrandung des Kettenkarussells an. Eine Zahl ist bis zur Unkenntlichkeit zerkratzt.
Frage: Wie lautet diese Zahl?","'You want to know how it was back then with my accident? Not an exciting story: I wanted to impress my three grandchildren with a clever stunt on the old chain carousel: a somersault. From one seat to the next. At full speed. Well, I almost made it.' Disbelieving amazement on our part. We react with a displacement activity and look at the large numbers on the ceiling border of the chain carousel. One number is scratched beyond recognition.
Question: What is this number?","«Хочете знати, як усе сталося з моїм нещасним випадком? Нічого цікавого: я хотів вразити трьох своїх онуків хитрим трюком на старій ланцюговій каруселі: сальто. З одного сидіння на інше. На повній швидкості. Ну, у мене майже вийшло». Ми стоїмо в недовірливому здивуванні. Аби відволіктися, ми розглядаємо великі цифри на бордюрі під стелею ланцюгової каруселі. Одне число подряпане до невпізнання.
Запитання: Що це за число?","«Хотите знать, как всё случилось с моим несчастным случаем? Ничего интересного: я хотел впечатлить трех своих внуков хитрым трюком на старой цепной карусели: сальто. С одного сиденья на другое. На полной скорости. Ну, у меня почти получилось». Мы стоим в недоверчивом изумлении. Чтобы отвлечься, мы рассматриваем большие цифры на бордюре под потолком цепной карусели. Одно число исцарапано до неузнаваемости.
Вопрос: Что это за число?"
1-31,answer,,"Auf den weißen Schildern der Deckenumrandung steht in Leserichtung die Rechenaufgabe,111 x 3 x 42="". Wie gut, dass wir immer einen Taschenrechner dabeihaben, Kopfrechnen war noch nie unsere Stärke. Das Ergebnis und damit die fehlende Zahl lautet 666. Die Zahl des Tieres, des Antichristen, des Teufels. Vielleicht auch das böse Omen für Opa Walts Sturz? Die Familie scheint jedenfalls einen merkwürdigen Sinn für Humor zu haben ...","On the white signs of the ceiling border, reading left to right, is the math problem '111 x 3 x 42 ='. Good thing we always carry a calculator, mental arithmetic was never our strong suit. The result, and thus the missing number, is 666. The number of the beast, the antichrist, the devil. Perhaps also the bad omen for Grandpa Walt's fall? The family seems to have a strange sense of humor anyway...","На білих табличках на бордюрі під стелею, якщо читати зліва направо, написаний математичний приклад: «111 x 3 x 42 =». Добре, що в нас завжди із собою калькулятор, бо рахувати в голові ніколи не було нашою сильною стороною. Результат, а отже, і відсутнє число — 666. Число звіра, антихриста, диявола. Можливо, це і був поганий знак для падіння дідуся Уолта? Хай там як, але у сім'ї, здається, дуже дивне почуття гумору...","На белых табличках на бордюре под потолком, если читать слева направо, написан математический пример: «111 x 3 x 42 =». Хорошо, что у нас всегда с собой калькулятор, считать в уме никогда не было нашей сильной стороной. Результат, а значит, и недостающее число — 666. Число зверя, антихриста, дьявола. Возможно, это и был дурной знак для падения дедушки Уолта? Как бы то ни было, у семьи, похоже, очень странное чувство юмора..."
1-32,question,2,"Als wir Opa Walt nach den bisherigen Sabotageakten fragen, verfinstert sich sein Blick.,Dazu gibt es nichts zu sagen. Wir bekommen das schon geregelt. Euch Schnüffler brauchen wir dafür jedenfalls nicht! Wenn ihr mehr wissen wollt, dann fragt einfach meine Töchter Deborah oder Betty- die beiden plaudern für ihr Leben gern. Aber, wo die gerade stecken - keine Ahnung."" Sowohl Deborah als auch Betty können wir auf Anhieb nicht entdecken.
Frage: Wo haben wir vermutlich gute Chancen, auf Betty zu treffen?","When we ask Grandpa Walt about the previous acts of sabotage, his expression darkens. 'There is nothing to say about that. We will sort it out. We certainly don't need you snoopers for that! If you want to know more, just ask my daughters Deborah or Betty - those two love to chat. But where they are right now - no idea.' We can't spot either Deborah or Betty right away.
Question: Where do we probably have a good chance of meeting Betty?","Коли ми запитуємо дідуся Уолта про попередні акти саботажу, його погляд темніє. «Тут нічого сказати. Ми самі з усім розберемося. Ви, нишпорки, нам для цього точно не потрібні! Якщо хочете знати більше, просто запитайте моїх дочок Дебору чи Бетті — ці двоє обожнюють базікати. Але де вони зараз — поняття не маю». Ми не можемо відразу помітити ні Дебору, ні Бетті.
Запитання: Де в нас, імовірно, є хороші шанси зустріти Бетті?","Когда мы спрашиваем дедушку Уолта о предыдущих актах саботажа, его взгляд темнеет. «Тут нечего сказать. Мы сами со всем разберемся. Вы, ищейки, нам для этого точно не нужны! Если хотите знать больше, просто спросите моих дочерей Дебору или Бетти — эти двое обожают болтать. Но где они сейчас — понятия не имею». Мы не можем сразу заметить ни Дебору, ни Бетти.
Вопрос: Где у нас, вероятно, есть хорошие шансы встретить Бетти?"
1-33,answer,,Laut Stammbaum ist Betty eine gefeierte Wahrsagerin. Daher ist sie wahrscheinlich gerade an ihrer Wirkungsstätte: im „Fortune Teller“ Wagen mit den violett leuchtenden Kugeln auf dem Dach. Fortune Teller bedeutet übersetzt Wahrsager bzw. Wahrsagerin.,"According to the family tree, Betty is a celebrated fortune teller. Therefore, she is probably at her workplace: in the 'Fortune Teller' wagon with the glowing purple spheres on the roof. 'Fortune Teller' translates to fortune teller or clairvoyant.","Згідно з генеалогічним деревом, Бетті — відома ворожка. Тому вона, ймовірно, перебуває на своєму робочому місці: у фургоні «Fortune Teller» із фіолетовими кулями, що світяться на даху. «Fortune Teller» перекладається як ворожбит або ворожка.","Согласно генеалогическому древу, Бетти — известная гадалка. Поэтому она, вероятно, находится на своем рабочем месте: в фургоне «Fortune Teller» с фиолетовыми светящимися шарами на крыше. «Fortune Teller» переводится как гадатель или гадалка."
1-34,question,1,"Wir schlendern hinüber zum „Fortune Teller“ Wagen, vor dem sich eine respektable Schlange an Kundschaft gebildet hat. Offensichtlich versteht Betty ihr Handwerk. „Klar tut sie das, Betty ist die Beste!“ Die Stimme kommt von oben. Ein junger Typ in einem pinken Hasenkostüm turnt lässig auf den Dächern der Schaustellerwagen herum.
Frage: Um wen handelt es sich?","We stroll over to the 'Fortune Teller' wagon, in front of which a respectable queue of customers has formed. Obviously, Betty knows her trade. 'Of course she does, Betty is the best!' The voice comes from above. A young guy in a pink bunny costume is casually doing gymnastics on the roofs of the showmen's caravans.
Question: Who is this?","Ми підходимо до вагончика «Fortune Teller», перед яким вишикувалася чимала черга клієнтів. Очевидно, Бетті добре знає свою справу. «Звісно, Бетті найкраща!» — лунає голос згори. Молодий хлопець у рожевому костюмі зайця невимушено крутиться на дахах фургончиків.
Запитання: Про кого йдеться?","Мы подходим к вагончику «Fortune Teller», перед которым выстроилась приличная очередь клиентов. Очевидно, Бетти хорошо знает свое дело. «Конечно, Бетти лучшая!» — раздается голос сверху. Молодой парень в розовом костюме зайца непринужденно прыгает по крышам фургончиков.
Вопрос: О ком идет речь?"
1-35,answer,,"Im pinken Hasenkostüm steckt Tick, der 17-jährige Nachzügler der Familie Szabó. Laut Stammbaum betreibt er Parcours. Entsprechend locker-flockig hüpft Tick vom Dach, rollt ab und steht direkt vor uns. „Meine Tante könnt ihr gerade nicht stören – ihr seht ja, was hier los ist! Aber wenn ihr Fragen habt, stellt sie gern mir! Ihr seid das verdeckte Ermittlungsteam, stimmt’s? Wie cooool! Habt ihr auch Knarren und so dabei? Wenn ich groß bin, will ich auch mal sowas machen.“","Inside the pink bunny costume is Tick, the 17-year-old latecomer of the Szabó family. According to the family tree, he does parkour. Correspondingly, Tick hops off the roof, rolls, and stands right in front of us. 'You can't disturb my aunt right now – you see what's going on here! But if you have questions, feel free to ask me! You are the undercover investigative team, right? How cooool! Do you have guns and stuff with you? When I grow up, I want to do something like this too.'","У рожевому костюмі зайця ховається Тік, 17-річний молодший син родини Сабо. Згідно з деревом, він займається паркуром. Відповідно, Тік легко зістрибує з даху, робить перекид і постає прямо перед нами. «Мою тітку ви зараз не зможете потурбувати — самі бачите, що тут коїться! Але якщо у вас є питання, ставте їх мені! Ви ж секретна команда слідчих під прикриттям, так? Як кру-у-уто! А у вас є пістолети чи щось таке? Коли я виросту, теж хочу цим займатися!»","В розовом костюме зайца скрывается Тик, 17-летний младший сын семьи Сабо. Согласно дереву, он занимается паркуром. Соответственно, Тик легко спрыгивает с крыши, делает кувырок и предстает прямо перед нами. «Мою тетю вы сейчас не сможете потревожить — сами видите, что тут творится! Но если у вас есть вопросы, задавайте их мне! Вы ведь секретная команда следователей под прикрытием, да? Как кру-у-уто! А у вас есть пистолеты или что-то такое? Когда я вырасту, тоже хочу этим заниматься!»"
1-36,question,2,"„Aber erst mal werd' ich Hafenarbeiter.“ Tick weicht aus. „Schule war nicht so mein Ding, wisst ihr?“ Wir unterbrechen Ticks Redefluss und fragen ihn nach Deborah. Augenblicklich steigen ihm Tränen in die Augen: „Mami ist seit zwei Tagen spurlos verschwunden. Keiner weiß, wo sie ist! Hat Opa Walt sie bei euch noch nicht als vermisst gemeldet? Das sieht ihm ähnlich! Opa und die Polizei – keine gute Kombi. Am besten fragt ihr mal bei meiner großen Schwester Ella nach. Sie ist gerade im Festzelt – die Vorführung startet bald.“
Frage: Von welcher Vorführung ist die Rede?","'But first I'm going to be a harbor worker.' Tick evades. 'School wasn't really my thing, you know?' We interrupt Tick's flow of words and ask him about Deborah. Instantly, tears well up in his eyes: 'Mommy has been missing without a trace for two days. Nobody knows where she is! Hasn't Grandpa Walt reported her missing to you yet? That's just like him! Grandpa and the police – not a good combo. You'd better ask my older sister Ella. She is currently in the big tent – the show is starting soon.'
Question: Which show is being referred to?","«Але спершу я стану портовим робітником», — Тік ухиляється від теми. — «Школа — це не моє, розумієте?» Ми перериваємо потік слів Тіка і запитуємо про Дебору. В його очах миттєво з'являються сльози: «Матуся безвісти зникла два дні тому. Ніхто не знає, де вона! Хіба дідусь Уолт ще не заявив вам про її зникнення? Це так схоже на нього! Дідусь і поліція — погане поєднання. Найкраще запитайте мою старшу сестру Еллу. Вона зараз у великому наметі — вистава скоро почнеться».
Запитання: Про яку виставу йдеться?","«Но сначала я стану портовым рабочим», — Тик уклоняется от темы. — «Школа — это не мое, понимаете?» Мы прерываем поток слов Тика и спрашиваем про Дебору. В его глазах мгновенно появляются слезы: «Мамочка без вести пропала два дня назад. Никто не знает, где она! Разве дедушка Уолт еще не заявил вам о ее пропаже? Это так похоже на него! Дедушка и полиция — плохое сочетание. Лучше всего спросите мою старшую сестру Эллу. Она сейчас в большом шатре — представление скоро начнется».
Вопрос: О каком представлении идет речь?"
1-37,answer,,"Diverse Plakatfetzen kündigen die sogenannte „Spooky Horror Show“ an – eine Low Budget Mischung aus „Rocky Horror Show“ und „Es“. Wir begeben uns zum Festzelt. Ella ist gerade dabei, die letzten Vorbereitungen zu treffen. Auch sie reagiert bestürzt: „Genau, unsere Mutter ist spurlos verschwunden! Wir sind alle in größter Sorge – nur Opa Walt bleibt cool. Ich könnte ihm den Kopf abreißen – er hat uns versprochen, die Polizei zu informieren. Hätte ich mir ja denken können, dass er es nicht tut. Bitte helft uns, unsere Mutter zu finden! Ich habe ein ganz schlechtes Gefühl bei der Sache.“","Various poster fragments announce the so-called 'Spooky Horror Show' – a low-budget mix of 'Rocky Horror Show' and 'It'. We head to the big tent. Ella is in the middle of making the final preparations. She also reacts with dismay: 'Exactly, our mother has disappeared without a trace! We are all extremely worried – only Grandpa Walt stays cool. I could rip his head off – he promised us he would inform the police. I should have known he wouldn't do it. Please help us find our mother! I have a very bad feeling about this.'","Різні клапті афіш анонсують так зване «Spooky Horror Show» — низькобюджетну суміш «Шоу Роккі Хоррора» та «Воно». Ми прямуємо до намету. Елла якраз завершує останні приготування. Вона також реагує збентежено: «Так, наша мама безвісти зникла! Ми всі дуже хвилюємося — тільки дідусь Уолт зберігає спокій. Я б йому голову відірвала — він обіцяв нам повідомити поліцію. Могла б здогадатися, що він цього не зробить. Будь ласка, допоможіть знайти маму! У мене дуже погане передчуття».","Различные обрывки афиш анонсируют так называемое «Spooky Horror Show» — низкобюджетную смесь «Шоу Рокки Хоррора» и «Оно». Мы направляемся к шатру. Элла как раз завершает последние приготовления. Она также реагирует растерянно: «Да, наша мама без вести пропала! Мы все безумно волнуемся — только дедушка Уолт сохраняет спокойствие. Я бы ему голову оторвала — он обещал нам сообщить в полицию. Могла бы догадаться, что он этого не сделает. Пожалуйста, помогите найти маму! У меня очень плохое предчувствие»."
1-38,question,3,"Auf die Frage, wer denn ihr Vater sei, reagiert Ella äußerst einsilbig: „Keine Ahnung. Auch egal.“ Hm, da beißen wir wohl auf Granit. Immerhin kann Ella uns nach kurzem Überlegen beschreiben, welche Kleidung ihre Mutter zuletzt trug: „Schwarzes Kleid, rote Stiefel. Und sie geht nie ohne Oma Ritas Hut aus dem Haus.“ Wir versprechen Ella, die Augen offen zu halten und unser Möglichstes zu tun.
Frage: Wie viele Personen entdecken wir, auf die diese Klamottenbeschreibung passt?","When asked who her father is, Ella reacts extremely tight-lipped: 'No idea. Doesn't matter anyway.' Hmm, we are hitting a brick wall there. At least, after a brief thought, Ella can describe what clothes her mother was wearing when last seen: 'Black dress, red boots. And she never leaves the house without Grandma Rita's hat.' We promise Ella to keep our eyes open and do our best.
Question: How many people do we discover who match this clothing description?","На запитання про те, хто її батько, Елла відповідає вкрай неохоче: «Без поняття. Та й яка різниця». Хм, схоже, тут ми наштовхнулися на глуху стіну. Тим не менш, трохи подумавши, Елла описує одяг, у якому востаннє бачили її маму: «Чорна сукня, червоні чоботи. І вона ніколи не виходить з дому без капелюха бабусі Ріти». Ми обіцяємо Еллі бути уважними і зробити все можливе.
Запитання: Скільки людей ми знайдемо, яким підходить цей опис одягу?","На вопрос о том, кто её отец, Элла отвечает крайне неохотно: «Без понятия. Да и какая разница». Хм, похоже, здесь мы наткнулись на глухую стену. Тем не менее, немного подумав, Элла описывает одежду, в которой последний раз видели её маму: «Черное платье, красные сапоги. И она никогда не выходит из дома без шляпы бабушки Риты». Мы обещаем Элле быть внимательными и сделать все возможное.
Вопрос: Сколько людей мы найдем, подпадающих под это описание одежды?"
1-39,answer,,"Wir entdecken leider niemanden, auf den die komplette Beschreibung passt. Vier Frauen tragen schwarze Kleider und rote Stiefel, aber keinen Hut: eine vorm Autoscooter, eine beim Haupteingang, zwei an gegenüberliegenden Seiten der Hüpfburg. Vierlinge? ID-Check: Negativ. Da, auf dem Dach des Kinderkarussells – Deborahs Hut! Eine erste Spur ... Unvermittelt taucht Tick neben uns auf: „Ich hatte heute Nacht einen scheußlichen Alptraum: Mami spaziert nichts ahnend ins Festzelt, da schnappt plötzlich das große Maul zu und frisst sie bei lebendigem Leib auf! Spitze Vampirzähne, überall Blut ... Diese fiesen Bilder gehen mir nicht mehr aus dem Kopf. Bitte sagt mir, dass meine Mami noch lebt!“","Unfortunately, we discover no one who matches the complete description. Four women wear black dresses and red boots, but no hat: one in front of the bumper cars, one at the main entrance, and two on opposite sides of the bouncy castle. Quadruplets? ID check: Negative. Look there, on the roof of the children's carousel – Deborah's hat! A first lead... Unexpectedly, Tick appears next to us: 'I had a terrible nightmare last night: Mommy strolls unsuspectingly into the big tent, and suddenly the big mouth snaps shut and eats her alive! Sharp vampire teeth, blood everywhere... These nasty images won't leave my head. Please tell me my mommy is still alive!'","На жаль, ми не знайшли нікого, кому підходить повний опис. Чотири жінки носять чорні сукні та червоні чоботи, але без капелюха: одна перед автодромом, одна біля головного входу, дві з протилежних сторін батута-замку. Четвернята? Перевірка документів: негативна. Але погляньте, на даху дитячої каруселі — капелюх Дебори! Перша зачіпка... Раптом поруч з'являється Тік: «Мені сьогодні наснився жахливий кошмар: матуся ні про що не підозрюючи заходить у намет, аж раптом зачиняється велика паща і з'їдає її живцем! Гострі ікла вампіра, всюди кров... Ці огидні картинки не виходять у мене з голови. Будь ласка, скажіть, що моя матуся жива!»","К сожалению, мы не нашли никого, кто подходил бы под полное описание. Четыре женщины носят черные платья и красные сапоги, но без шляпы: одна перед автодромом, одна у главного входа, две с противоположных сторон батута-замка. Четверняшки? Проверка документов: отрицательная. Но посмотрите, на крыше детской карусели — шляпа Деборы! Первая зацепка... Вдруг рядом появляется Тик: «Мне сегодня приснился ужасный кошмар: мамочка ни о чем не подозревая заходит в шатер, как вдруг захлопывается огромная пасть и съедает её заживо! Острые клыки вампира, повсюду кровь... Эти мерзкие картинки не выходят у меня из головы. Пожалуйста, скажите, что моя мамочка жива!»"
1-40,story,,"Wir trösten Tick so gut es eben geht und berichten Hauptkommissar Jenkins von Deborahs Verschwinden. Er wiegelt ab und klopft uns jovial auf die Schulter: „Ach, die wird schon wieder auftauchen, keine Sorge. Das Wichtigste ist, dass Bislang alles einigermaßen ruhig geblieben ist. Gut gemacht Leute, weiter so!“ Jenkins Optimismus teilen wir nur bedingt. Die befürchteten Sabotageakte sind zwar bislang ausgeblieben. Aber warum sollte Deborah Szabó einfach so verschwinden? Und wo könnte sie stecken? Bislang gibt uns das Spooky Festival mehr Rätsel auf, als dass es Antworten liefert. Sei’s drum: Challenge accepted!","We comfort Tick as best as we can and report Deborah's disappearance to Chief Inspector Jenkins. He waves it off and jovially pats us on the shoulder: 'Oh, she'll turn up again, don't worry. The main thing is that so far everything has remained reasonably quiet. Well done, folks, keep it up!' We only partially share Jenkins' optimism. Although the feared acts of sabotage have failed to materialize so far, why would Deborah Szabó just disappear like that? And where could she be? So far, the Spooky Festival raises more questions than it answers. Nevertheless: challenge accepted!","Ми втішаємо Тіка як можемо і повідомляємо головному комісару Дженкінсу про зникнення Дебори. Він відмахується і весело плескає нас по плечу: «Ой, та знайдеться вона, не хвилюйтеся. Найголовніше, що поки що все відносно спокійно. Чудова робота, друзі, так тримати!» Ми лише частково поділяємо оптимізм Дженкінса. Хоча очікуваних диверсій поки не сталося, чому Дебора Сабо мала просто так зникнути? І де вона може бути? Поки що Spooky Festival дає нам більше запитань, ніж відповідей. Менше з тим: виклик прийнято!","Мы утешаем Тика как можем и сообщаем главному комиссару Дженкинсу о пропаже Деборы. Он отмахивается и весело хлопает нас по плечу: «Ой, да найдется она, не волнуйтесь. Самое главное, что пока все относительно спокойно. Отличная работа, ребята, так держать!» Мы лишь частично разделяем оптимизм Дженкинса. Хотя ожидаемых диверсий пока не случилось, почему Дебора Сабо должна была просто так исчезнуть? И где она может быть? Пока что Spooky Festival дает нам больше вопросов, чем ответов. Тем не менее: вызов принят!"
2-1,early,,"Wir befinden uns als verdecktes Ermittlungsteam auf dem Gelände des Spooky Festivals, um eine Serie kürzlich erfolgter Sabotageakte aufzuklären. Parallel dazu gilt es, die Sicherheit am heutigen Halloween-Abend (dem einzigen gut besuchten Event des Jahres) zu gewährleisten. Deborah Szabó, die leitende Geschäftsführerin des Parks, wird seit zwei Tagen vermisst. Ansonsten ist die Situation – abgesehen von ein paar kleineren Scherereien – bislang recht entspannt.","We are on the grounds of the Spooky Festival as an undercover investigative team to solve a series of recent acts of sabotage. At the same time, we need to ensure security on tonight's Halloween evening (the only well-attended event of the year). Deborah Szabó, the park's managing director, has been missing for two days. Otherwise, the situation – apart from a few minor hassles – has been quite relaxed so far.","Ми перебуваємо на території Spooky Festival як секретний спецпідрозділ під прикриттям, щоб розслідувати серію нещодавніх диверсій. Водночас ми маємо забезпечити безпеку сьогоднішнього вечора на Хелловін — єдиного заходу року з великою кількістю відвідувачів. Дебора Сабо, виконавча директорка парку, безвісти зникла два дні тому. В іншому ж ситуація — якщо не зважати на кілька дрібних неприємностей — поки що цілком спокійна.","Мы находимся на территории Spooky Festival в качестве секретного спецподразделения под прикрытием, чтобы расследовать серию недавних диверсий. В то же время мы должны обеспечить безопасность сегодняшнего вечера на Хэллоуин — единственного мероприятия в году с большим числом посетителей. Дебора Сабо, исполнительный директор парка, без вести пропала два дня назад. В остальном же ситуация — если не считать пары мелких неприятностей — пока что вполне спокойная."
2-2,question,2,"Hauptkommissar Jenkins, unser Einsatzleiter, steht mit Kaffeebecher und Donut-Tüte zwischen Kinderkarussell und Kettenkarussell. Er gibt sich vorsichtig optimistisch, was den weiteren Verlauf des Abends angeht. Aber unser Bauchgefühl sagt uns etwas anderes. Vor allem signalisiert es uns: akuten Heißhunger auf Hot Dogs! Intermezzo-Mission gestartet. Eins der laufenden Gruselkostüme hat doch vorhin noch Rabatt-Flyer für den großen Hot Dog Wagen verteilt.
Frage: Wo steht diese Person?","Chief Inspector Jenkins, our team leader, is standing with a coffee cup and a bag of donuts between the children's carousel and the wave swinger. He is cautiously optimistic about the rest of the evening. But our gut feeling tells us otherwise. Above all, it signals: an acute craving for hot dogs! Intermezzo mission started. One of the walking spooky costumes was distributing discount flyers for the big hot dog cart earlier.
Question: Where is this person standing?","Головний комісар Дженкінс, керівник нашої операції, стоїть із паперовим стаканчиком кави та пакетом пончиків між дитячою та ланцюговою каруселями. Він налаштований обережно оптимістично щодо подальшого перебігу вечора. Але наша інтуїція підказує нам інше. А головне, вона сигналізує про гостре бажання з'їсти хот-дог! Розпочато проміжну місію. Один із персонажів у жахливому костюмі щойно роздавав знижкові флаєри для великого фургона з хот-догами.
Запитання: Де стоїть ця людина?","Главный комиссар Дженкинс, руководитель нашей операции, стоит со стаканчиком кофе и пакетом пончиков между детской и цепочной каруселями. Он настроен осторожно оптимистично по поводу дальнейшего течения вечера. Но наша интуиция подсказывает нам другое. А главное, она сигнализирует об остром желании съесть хот-дог! Начинается промежуточная миссия. Один из персонажей в жутком костюме только что раздавал скидочные флаеры для большого фургона с хот-догами.
Вопрос: Где стоит этот человек?"
2-3,answer,,"Vor dem Hot Dog Wagen beim Riesenrad steht ein knalliges, gelb-violettes Rabatt-Schild. Von dort führt uns eine Spur farblich passender Flyer bis zu dem Werwolf, der auf Sonderkarte 1.13 groß vor dem Haupteingang zu sehen ist. Wir lassen uns von ihm einen ordentlichen Batzen Flyer aushändigen und schlendern voller Vorfreude zurück zum Hot Dog Wagen. Dort werden wir jedoch kopfschüttelnd belehrt, dass pro Person nur ein Rabatt-Flyer eingelöst werden kann. Beschämt ziehen wir von dannen. Polizeilohn gleich Hungerlohn – wird langsam Zeit für den Sprung in die nächste Gehaltsklasse!","In front of the hot dog cart near the Ferris wheel, there is a bright yellow-purple discount sign. From there, a trail of color-matching flyers leads us to the werewolf, who can be seen in detail in front of the main entrance on special card 1.13. We grab a decent stack of flyers from him and stroll back to the hot dog cart full of anticipation. There, however, we are informed with a shake of the head that only one discount flyer can be redeemed per person. Ashamed, we move on. Police salary is a pittance – it's about time to jump to the next pay grade!","Перед фургоном із хот-догами біля колеса огляду стоїть яскрава жовто-фіолетова вивіска зі знижками. Звідти слід із флаєрів відповідного кольору веде нас до перевертня, якого добре видно на спеціальній карті 1.13 перед головним входом. Ми беремо у нього добрячий стос флаєрів і в передчутті прямуємо назад до фургона з хот-догами. Однак там нам із похитуванням голови заявляють, що одна особа може використати лише один знижковий флаєр. Присоромлені, ми йдемо геть. Зарплата поліцейського — копійки, час уже переходити на новий рівень доходів!","Перед фургоном с хот-догами возле колеса обозрения стоит яркая желто-фиолетовая вывеска со скидками. Оттуда след из флаеров соответствующего цвета ведет нас к оборотню, которого отлично видно на специальной карте 1.13 перед главным входом. Мы берем у него приличную стопку флаеров и в предвкушении направляемся обратно к фургону с хот-догами. Однако там нам с покачиванием головы заявляют, что один человек может использовать только один скидочный флаер. Пристыженные, мы уходим. Зарплата полицейского — копейки, пора уже переходить на новый уровень доходов!"
2-4,question,2,"Pragmatischer Lösungsansatz: Wir schwenken um auf Tacos. Auch lecker! Und heute sogar im Halloween-Super-Sonderangebot, den zehnten Taco gibt's gratis! Schnellen Schrittes und fressbereit erreichen wir den Taco-Wagen, merken aber sofort, dass hier etwas nicht stimmt.
Frage: Wieso haben die Räuber leichtes Spiel?","Pragmatic solution: We switch to tacos. Also delicious! And today there is even a Halloween super special offer – the tenth taco is free! Walking quickly and ready to eat, we reach the taco cart, but immediately notice that something is wrong here.
Question: Why do the robbers have such an easy time?","Прагматичний підхід: перемикаємося на тако. Теж смачно! І сьогодні навіть діє супер-пупер хелловінська пропозиція — кожен десятий тако безкоштовно! Швидким кроком, готові набити шлунки, ми добираємося до фургона з тако, але миттєво розуміємо, що тут щось не так.
Запитання: Чому грабіжникам так легко діяти?","Прагматичный подход: переключаемся на тако. Тоже вкусно! И сегодня даже действует супер-пупер хэллоуинская скидка — каждый десятый тако бесплатно! Быстрым шагом, готовые набить желудки, мы добираемся до фургона с тако, но мгновенно понимаем, что здесь что-то не так.
Вопрос: Почему грабителям так легко действовать?"
2-5,answer,,"Der Vorfall ereignet sich bei „Joe's Tacos“. Der gute Joe ist gerade abgelenkt: Er will eine attraktive Frau mit seinen Gewichtheber-Künsten beeindrucken. So können die Räuber in Ruhe die Kasse plündern. Aber nicht mit uns! Gekonnt lassen wir die Handschellen klicken. Die Dichte an Kriminellen auf dem Spooky Festival ist überraschend hoch. Tick, jüngster Sohn der vermissten Deborah Szabó, taucht jubelnd hinter uns auf. Er steckt immer noch in seinem pinken Hasenkostüm und scheint schwer beeindruckt davon, mit welcher Lässigkeit wir den Gaunern soeben das Handwerk gelegt haben.","The incident takes place at 'Joe's Tacos'. Good old Joe is currently distracted: he wants to impress an attractive woman with his weightlifting skills. This allows the robbers to empty the cash register in peace. But not on our watch! We expertly click the handcuffs shut. The density of criminals at the Spooky Festival is surprisingly high. Tick, the youngest son of the missing Deborah Szabó, appears behind us cheering. He is still in his pink bunny costume and seems highly impressed by the coolness with which we just put the crooks out of business.","Інцидент стався біля «Joe's Tacos». Добряк Джо саме відволікся: він намагається вразити привабливу жінку своїми вміннями важкоатлета. Тож грабіжники можуть спокійно грабувати касу. Але не тут-то було! Ми вправно замикаємо на них кайданки. Концентрація злочинців на Spooky Festival вражає. Тік, молодший син зниклої Дебори Сабо, з'являється позаду нас із радісними вигуками. Він усе ще в рожевому костюмі зайця і виглядає дуже враженим тим, як невимушено ми щойно знешкодили шахраїв.","Инцидент произошел у «Joe's Tacos». Добряк Джо как раз отвлекся: он пытается впечатлить привлекательную женщину своими умениями тяжелоатлета. Так что грабители могут спокойно чистить кассу. Но не тут-то было! Мы ловко защелкиваем на них наручники. Концентрация преступников на Spooky Festival поражает. Тик, младший сын пропавшей Деборы Сабо, появляется позади нас с радостными криками. Он все еще в розовом костюме зайца и выглядит крайне впечатленным тем, как непринужденно мы только что обезвредили жуликов."
2-6,question,2,"„Mit den Immobilien-Haien solltet ihr dasselbe tun!“, meint Tick. „Opa, Mama und Tante Betty streiten ständig darüber. Irgendwelche Investoren, die uns unbedingt das Gelände abknöpfen wollen, um hier eine hässliche Mega-Mall zu errichten. Opa sagt immer, wir sollten die Typen einfach mit unserem Bären Tammi zum Fraß vorwerfen. Apropos Tammi ..., verflucht!“ Dass die Haltung der Tiere in ihren Wagen nicht mehr zeit- bzw. artgerecht ist, ist uns auch schon aufgefallen. Aber nun ist hier im wahrsten Sinne des Wortes der Bär los.
Frage: Durch wen oder was konnte Tammi aus seinem Käfigwagen entkommen – und wo steckt er jetzt?","'You should do the same with the real estate sharks!' says Tick. 'Grandpa, Mom, and Aunt Betty are constantly arguing about them. Some investors who absolutely want to snatch our land to build an ugly mega-mall here. Grandpa always says we should just feed those guys to our bear, Tammi. Speaking of Tammi... damn!' We had already noticed that keeping the animals in their wagons is no longer timely or species-appropriate. But now, the bear is literally loose.
Question: Through whom or what was Tammi able to escape from his cage wagon – and where is he now?","«Із цими акулами нерухомості треба вчинити так само!», — заявляє Тік. — «Дідусь, мама і тітка Бетті постійно через них сваряться. Якісь інвестори хочуть будь-що відібрати у нас землю, щоб побудувати тут потворний мега-молл. Дідусь завжди каже, що треба просто згодувати цих типів нашому ведмедю Таммі. До речі, про Таммі... от дідько!» Те, що утримання тварин у вагончиках уже давно не відповідає сучасним та гуманним нормам, ми й самі помітили. Але тепер тут у прямому сенсі вирвався ведмідь на волю.
Запитання: Через кого чи що Таммі зміг втекти зі свого вагона-клітки — і де він зараз перебуває?","«С этими акулами недвижимости надо поступить так же!», — заявляет Тик. — «Дедушка, мама и тетя Бетти постоянно из-за них ругаются. Какие-то инвесторы хотят во что бы то ни стало отобрать у нас землю, чтобы построить здесь уродливый мега-молл. Дедушка всегда говорит, что надо просто скормить этих типов нашему медведю Тамми. Кстати, о Тамми... черт побери!» То, что содержание животных в вагончиках уже давно не отвечает современным и гуманным нормам, мы и сами заметили. Но теперь здесь в прямом смысле вырвался медведь на волю.
Вопрос: Из-за кого или чего Тамми смог сбежать из своего вагона-клетки — и где он сейчас находится?"
2-7,answer,,"Drei Personen mit roten Jacken, vermutlich selbsternannte Tierschützer, haben in mühevoller Fleißarbeit die Gitterstäbe des Wagens zersägt. Tammi ist entflohen und steht im Südosten mitten auf der Straße. Tick wiegelt ab: „Keine Sorge. Tammi tut nichts, der ist ein gaaanz Lieber! Wartet, ich hole ihn zurück.“ Doch als Tick die Stelle erreicht, ist der Bär längst auf und davon. Wir lassen erneut die Handschellen klicken – dieses Mal bei den Tierschützern. Ihre Motive in allen Ehren, aber ihr Verhalten war mehr als nur grob fahrlässig. Unsere Person Norden bekommt ein Foto aufs Handy geschickt.","Three people in red jackets, presumably self-proclaimed animal rights activists, painstakingly sawed through the cage bars. Tammi escaped and is standing in the middle of the street in the southeast. Tick waves it off: 'Don't worry. Tammi doesn't bite, he's a real sweetheart! Wait, I'll get him back.' But by the time Tick reaches the spot, the bear is long gone. We click the handcuffs shut again – this time on the animal rights activists. With all due respect to their motives, their behavior was more than just grossly negligent. Our Player North gets a photo sent to their phone.","Троє людей у червоних куртках, імовірно самопроголошені зоозахисники, старанно та наполегливо перепиляли металеві грати вагона. Таммі втік і стоїть на вулиці в південно-східній частині. Тік заспокоює: «Не хвилюйтеся. Таммі нікого не скривдить, він дуже милий! Почекайте, я його поверну». Проте коли Тік добігає до місця, ведмедя вже й слід простиг. Ми знову дістаємо кайданки — цього разу для зоозахисників. Їхні благородні мотиви — це добре, але така поведінка є вкрай недбалою. Наш гравець Північ отримує фотографію на телефон.","Три человека в красных куртках, предположительно самопровозглашенные зоозащитники, усердно и упорно перепилили металлические прутья вагона. Тамми сбежал и стоит на улице в юго-восточной части. Тик успокаивает: «Не волнуйтесь. Тамми никого не обидит, он очень милый! Подождите, я его верну». Однако когда Тик добегает до места, медведя уже и след простыл. Мы снова достаем наручники — на этот раз для зоозащитников. Их благородные мотивы — это хорошо, но такое поведение крайне халатно. Наш игрок Север получает фотографию на телефон."
2-8,image,,[Sonderkarte 28 mit Bärenspuren und dem Käfigwagen],[Special card 28 showing bear tracks and the cage wagon],[Спеціальна карта 28 із слідами ведмедя та вагоном-кліткою],[Специальная карта 28 со следами медведя и вагоном-клеткой]
2-9,question,1,"Instagrammable Spooky Pic!
Frage: Wo und von wem wurde das Foto gemacht?","Instagrammable Spooky Pic!
Question: Where and by whom was the photo taken?","Знімок для соцмереж!
Запитання: Де і ким було зроблено це фото?","Снимок для соцсетей!
Вопрос: Где и кем было сделано это фото?"
2-10,answer,,"Aufgenommen wurde das Foto vom Dach des Hauses, an dessen Fassade eine überdimensionale E-Gitarre prangt. Und geknipst hat es eine als Hot Dog kostümierte Person, die dort oben an der Brüstung hängt. In dem Kostüm steckt James – Tarnname „Hot Dog Man 2“ – ein junger, überambitionierter Draufgänger unserer geheimen „Hot Dog Spezialeinheit“. Die Idee, die Spezialeinheit in diese überaus würdevollen Kostüme zu stecken, haben wir übrigens Hauptkommissar Jenkins zu verdanken. Bester Mann!","The photo was taken from the roof of the building on whose facade a giant electric guitar is mounted. And it was snapped by a person in a hot dog costume who is hanging on the railing up there. Inside the costume is James – code name 'Hot Dog Man 2' – a young, overly ambitious daredevil of our secret 'Hot Dog Special Unit'. By the way, we have Chief Inspector Jenkins to thank for the idea of putting our special unit in these highly dignified costumes. Best man!","Фото зроблено з даху будівлі, на фасаді якої красується величезна електрогітара. А зняла його людина в костюмі хот-дога, яка висить там на поруччях. У костюмі ховається Джеймс — позивний «Хот-дог Мен 2» — молодий, надто амбітний сміливець із нашого таємного спецпідрозділу «Хот-дог». До речі, ідеєю вдягнути спецпідрозділ у ці надзвичайно солідні костюми ми завдячуємо головному комісару Дженкінсу. Найкраща людина!","Фото сделано с крыши здания, на фасаде которого красуется огромная электрогитара. А снял его человек в костюме хот-дога, висящий там на перилах. В костюме скрывается Джеймс — позывной «Хот-дог Мен 2» — молодой, чересчур амбициозный сорвиголова из нашего тайного спецподразделения «Хот-дог». Кстати, идеей облачить спецподразделение в эти чрезвычайно солидные костюмы мы обязаны главному комиссару Дженкинсу. Золотой человек!"
2-11,question,2,"Zusammen mit dem Foto liefert uns James alias „Hot Dog Man 2“ noch eine Sprachnachricht:
„Die Gruppe auf dem Dach kam mir verdächtig vor. Ich habe mich rangeschlichen und sie belauscht! Es handelt sich um Investoren der City Life Group. Scheinbar haben sie es auf das Gelände des Spooky Festivals abgesehen! O-Ton: »Das Geschäft ist schon so gut wie in trockenen Tüchern.« Dann haben sie die Sektkorken knallen lassen.“ Scheinbar bewirbt die City Life Group ihre Pläne bereits flächendeckend.
Frage: Wer von uns sieht die meisten City Life Plakate auf dem eigenen Faltplan – und welches sticht besonders hervor?","Along with the photo, James, alias 'Hot Dog Man 2', provides us with a voice message:
'The group on the roof seemed suspicious to me. I crept closer and eavesdropped on them! They are investors from the City Life Group. Apparently, they have their eyes on the Spooky Festival grounds! Direct quote: »The deal is as good as done.« Then they popped the champagne corks.' It seems the City Life Group is already advertising its plans on a large scale.
Question: Which of us sees the most City Life posters on their own folding map – and which one stands out in particular?","Разом із фото Джеймс, він же «Хот-дог Мен 2», надсилає нам голосове повідомлення:
«Група на даху здалася мені підозрілою. Я підібрався ближче і підслухав їх! Це інвестори з City Life Group. Схоже, вони націлилися на територію Spooky Festival! Пряма цитата: »Угода вже практично в кишені.« Після цього вони почали стріляти пробками від шампанського». Схоже, City Life Group уже щосили рекламує свої плани.
Запитання: Хто з нас бачить найбільше плакатів City Life на своїй складеній карті — і який із них особливо виділяється?","Вместе с фото Джеймс, он же «Хот-дог Мен 2», присылает нам голосовое сообщение:
«Группа на крыше показалась мне подозрительной. Я подобрался поближе и подслушал их! Это инвесторы из City Life Group. Похоже, они нацелились на территорию Spooky Festival! Прямая цитата: »Сделка уже практически в шляпе.« После этого они начали стрелять пробками от шампанского». Похоже, City Life Group уже вовсю рекламирует свои планы.
Вопрос: Кто из нас видит больше всего плакатов City Life на своей сложенной карте — и какой из них особенно выделяется?"
2-12,answer,,"Person Westen sieht vier Plakate, Süden drei, Norden und Osten je zwei. Das Plakat auf den Felsen hinter dem Riesenrad sticht durch die dystopische Schmiererei „The end is near“ hervor. Opa Walt Szabó sitzt wie gehabt in seinem Rollstuhl auf dem Dach der Geisterbahn. Als wir ihn auf die Investorengruppe ansprechen, wird er rot vor Zorn und schreit uns an: „Diese Gauner! Verpissen sollen die sich! Niemals werde ich unser Gelände verkaufen – egal wie mies die Geschäfte laufen. Ja, die Geschäftsführung hab ich mittlerweile an Deborah übertragen, aber der rechtmäßige Besitzer bin immer noch ich! Und solange ich lebe, wird nicht verkauft, verstanden?!“","Player West sees four posters, South three, North and East two each. The poster on the rocks behind the Ferris wheel stands out due to the dystopian graffiti 'The end is near'. Grandpa Walt Szabó sits in his wheelchair on the roof of the haunted house as usual. When we ask him about the investor group, he turns red with anger and yells at us: 'Those crooks! They can piss off! I will never sell our land – no matter how poorly business runs. Yes, I have transferred the management to Deborah in the meantime, but the rightful owner is still me! And as long as I live, there will be no sale, understood?!'","Гравець Захід бачить чотири плакати, Південь — три, Північ і Схід — по два. Плакат на скелях за колесом огляду виділяється дивним дистопічним графіті «The end is near» (Кінець близький). Дідусь Уолт Сабо, як завжди, сидить у своєму інвалідному візку на даху кімнати страху. Коли ми запитуємо його про групу інвесторів, він червоніє від гніву і кричить на нас: «Ці шахраї! Нехай забираються під три чорти! Я ніколи не продам нашу землю — як би погано не йшли справи. Так, я передав керівництво Деборі, але законним власником усе одно залишаюся я! І поки я живий, нічого не буде продано, зрозуміло?!»","Игрок Запад видит четыре плаката, Юг — три, Север и Восток — по два. Плакат на скалах за колесом обозрения выделяется странным антиутопическим граффити «The end is near» (Конец близок). Дедушка Уолт Сабо, как всегда, сидит в своей сломанной инвалидной коляске на крыше комнаты страха. Когда мы спрашиваем его о группе инвесторов, он краснеет от гнева и кричит на нас: «Эти мошенники! Пусть убираются ко всем чертям! Я никогда не продам нашу землю — как бы паршиво ни шли дела. Да, я передал руководство Деборе, но законным владельцем всё равно остаюсь я! И пока я жив, ничего продано не будет, ясно?!»"
2-13,question,1,"Verstanden. Vielleicht zeigt sich Betty kooperativer. Wir gehen hinüber zu ihrem Wagen, schieben uns an der Warteschlange vorbei und zitieren die Hellseherin höflich, aber bestimmt heraus. „Polizei?! Was gibt’s denn? Ach ja, die Sache mit den Investoren ... Deborah und Walt haben regelmäßig darüber gestritten. Das Angebot der City Life Group ist sehr üppig. Deborah ist ins Wanken gekommen – und vor zwei Tagen ist der Streit dann eskaliert. Mann, sind da die Fetzen geflogen! Seither ist Deborah verschwunden.“ Sechs Leute auf dem Gelände gehören definitiv zur City Life Group.
Frage: Finden wir mindestens vier davon?","Understood. Maybe Betty will be more cooperative. We walk over to her wagon, push past the queue, and politely but firmly summon the fortune teller out. 'Police?! What is it? Ah yes, the thing with the investors... Deborah and Walt argued about it regularly. The City Life Group's offer is very generous. Deborah started to waver – and two days ago, the argument escalated. Man, the sparks really flew! Since then, Deborah has disappeared.' Six people on the grounds definitely belong to the City Life Group.
Question: Can we find at least four of them?","Зрозуміло. Можливо, Бетті виявиться більш поступливою. Ми йдемо до її фургончика, проштовхуємося крізь чергу та ввічливо, але рішуче кличемо ворожку вийти. «Поліція?! Що сталося? Ах так, ця справа з інвесторами... Дебора та Уолт постійно сперечалися через це. Пропозиція City Life Group дуже щедра. Дебора почала вагатися — і два дні тому суперечка досягла піку. Боже, який там був скандал! З того часу Дебора зникла». Шість осіб на території точно належать до City Life Group.
Запитання: Чи зможемо ми знайти хоча б чотирьох із них?","Понятно. Возможно, Бетти окажется более сговорчивой. Мы идем к её фургончику, проталкиваемся сквозь очередь и вежливо, но решительно зовем гадалку выйти. «Полиция?! Что стряслось? Ах да, это дело с инвесторами... Дебора и Уолт постоянно спорили из-за этого. Предложение City Life Group очень щедрое. Дебора начала колебаться — и два дня назад спор достиг пика. Боже, какой там был скандал! С тех пор Дебора пропала». Шесть человек на территории точно принадлежат к City Life Group.
Вопрос: Сможем ли мы найти хотя бы четверых из них?"
2-14,answer,,"Bei der Investorengruppe auf dem Dach steht ein Aktenkoffer mit dem Emblem der City Life Group. Dieselben Koffer haben fünf Männer bei sich: zwei bei den drehenden Teetassen, einer zwischen Kettenkarussell und „Joe’s Tacos“, einer zwischen Kettenkarussell und Muscle Car, einer im Autoscooter. Ein sechster Mann zwischen Kinderkarussell und Kettenkarussell trägt das Emblem hinten auf seinem Hemd. Allesamt adrett und vertrauenerweckend gekleidet. Bettys lapidarer Kommentar: „Wölfe im Schafspelz! Denen traue ich alles zu! Aber jetzt entschuldigt mich bitte, ich habe Kundschaft!“","There is a briefcase with the City Life Group emblem next to the investor group on the roof. Five other men have the same briefcases with them: two at the spinning teacups, one between the wave swinger and 'Joe's Tacos', one between the wave swinger and the muscle car, and one in the bumper cars. A sixth man between the children's carousel and the wave swinger wears the emblem on the back of his shirt. All of them are dressed neatly and look trustworthy. Betty's dry comment: 'Wolves in sheep's clothing! I wouldn't put anything past them! Now excuse me, please, I have customers!'","Біля групи інвесторів на даху стоїть портфель з емблемою City Life Group. Такі самі портфелі мають при собі ще п'ять чоловіків: двоє біля обертових чайних чашок, один між ланцюговою каруселлю та «Joe’s Tacos», один між ланцюговою каруселлю та маслкаром, один на автодромі. Шостий чоловік між дитячою та ланцюговою каруселлю носить емблему ззаду на сорочці. Усі вони одягнені охайно і викликають довіру. Короткий коментар Бетті: «Вовки в овечій шкурі! Від них можна чекати чого завгодно! А тепер вибачте, у мене клієнти!»","У группы инвесторов на крыше стоит портфель с эмблемой City Life Group. Такие же портфели имеют при себе еще пять мужчин: двое у вращающихся чайных чашек, один между цепочной каруселью и «Joe’s Tacos», один между цепочной каруселью и масл-каром, один на автодроме. Шестой мужчина между детской и цепочной каруселью носит эмблему сзади на рубашке. Все они одеты опрятно и внушают доверие. Короткий комментарий Бетти: «Волки в овечьей шкуре! От них можно ожидать чего угодно! А теперь извините, у меня клиенты!»"
2-15,question,1,"Hm, würde die Investorengruppe so weit gehen, Sabotage zu verüben, um den Park in Verruf zu bringen und die Szabós zum Verkauf zu zwingen? Tick, der uns in seinem pinken Hasenkostüm nach wie vor auf Schritt und Tritt verfolgt, antwortet ungefragt: „Ich fand’s richtig zum Kotzen!“ Wie auf Kommando und völlig überraschend kotzt uns jemand direkt vor die Füße! Und als wenn das nicht schon eklig genug wäre: Das Zeug sieht aus wie Blut!
Frage: Wie viele Personen erbrechen gerade Blut?","Hmm, would the investor group go so far as to commit sabotage in order to bring the park into disrepute and force the Szabós to sell? Tick, who is still following us at every turn in his pink bunny costume, answers unasked: 'It makes me want to puke!' As if on cue and completely unexpectedly, someone throws up right in front of our feet! And as if that weren't disgusting enough: the stuff looks like blood!
Question: How many people are currently vomiting blood?","Хм, невже група інвесторів пішла б на саботаж, щоб очорнити репутацію парку і змусити родину Сабо продати його? Тік, який у своєму рожевому костюмі зайця все ще переслідує нас по п'ятах, відповідає без запитання: «Мене від цього просто верне!» Наче за командою і абсолютно несподівано когось рве прямо перед нашими ногами! І ніби цього було мало: ця речовина виглядає як кров!
Запитання: Скільки людей зараз рве кров'ю?","Хм, неужели группа инвесторов пошла бы на саботаж, чтобы очернить репутацию парка и заставить семью Сабо продать его? Тик, который в своем розовом костюме зайца все еще преследует нас по пятам, отвечает без спроса: «Меня от этого просто воротит!» Как по команде и совершенно неожиданно кого-то рвет прямо перед нашими ногами! И как будто этого было мало: это вещество выглядит как кровь!
Вопрос: Сколько людей сейчас рвет кровью?"
2-16,answer,,"Insgesamt erbrechen gerade fünf Personen Blut: eine Frau zwischen Autoscooter und Kettenkarussell, eine bei den Zirkuswagen, ein Mann beim Kinderkarussell, einer zwischen Geisterbahn und Hot Dog Wagen und ein weiterer zwischen Kettenkarussell und „Dunk Tank“. Kleiner Exkurs: So ein „Dunk Tank“ ist schon eine merkwürdige Attraktion: Wer mit einem Ballwurf ins Schwarze trifft, schickt die Person auf dem Brett baden. Aber zurück zum Wesentlichen, den Blut spuckenden Leuten: Eindeutig zu viele, um noch von Zufall sprechen zu können ...","In total, five people are currently vomiting blood: a woman between the bumper cars and the wave swinger, one near the circus wagons, a man at the children's carousel, one between the haunted house and the hot dog wagon, and another between the wave swinger and the 'Dunk Tank'. Small digression: such a 'Dunk Tank' is a strange attraction – if you hit the target with a ball, you send the person on the board falling into the water. But back to the main point, the people spitting blood: clearly too many to speak of mere coincidence...","Загалом кров'ю рве п'ятьох людей: жінка між автодромом і ланцюговою каруселлю, жінка біля циркових фургонів, чоловік біля дитячої каруселі, чоловік між кімнатою страху і фургоном із хот-догами, і ще один між ланцюговою каруселлю та атракціоном «Dunk Tank». Невеличкий відступ: цей «Dunk Tank» — досить дивний атракціон: якщо влучити м'ячем у мішень, людина на дошці падає у воду. Але повернімося до головного, до людей, що блюють кров'ю: їх явно забагато, щоб це було звичайним збігом...","Всего кровью рвет пять человек: женщина между автодромом и цепочной каруселью, женщина у цирковых фургонов, мужчина у детской карусели, мужчина между комнатой страха и фургоном с хот-догами, и еще один между цепочной каруселью и аттракционом «Dunk Tank». Небольшое отступление: этот «Dunk Tank» — довольно странный аттракцион: если попасть мячом в мишень, человек на доске падает в воду. Но вернемся к главному, к людям, плюющим кровью: их явно слишком много, чтобы это было простым совпадением..."
2-17,question,3,"Wir wollen gerade den Notarzt rufen, da fällt uns ein Hund auf, der genüsslich an einer der Blutlachen schlabbert. Möglicherweise also doch kein Blut? Wir trauen uns näher heran. Das Zeug riecht süßlich, ist eindeutig rötlich, aber wässriger als Blut. Vorsichtige Entwarnung!
Frage: Was hatten die fünf Personen intus – und wo haben sie es her?","We are just about to call an ambulance when we notice a dog licking up one of the pools of 'blood' with relish. So maybe it isn't blood after all? We dare to go closer. The stuff smells sweet, is clearly reddish, but more watery than blood. Cautious all-clear!
Question: What did the five people ingest – and where did they get it from?","Ми вже збиралися викликати швидку допомогу, коли помітили собаку, яка з апетитом злизує рідину з однієї з червоних калюж. Тож, можливо, це зовсім не кров? Ми підходимо ближче. Речовина пахне солодко, має чіткий червонуватий відтінок, але вона набагато рідша за кров. Обережний відбій тривоги!
Запитання: Що саме потрапило в шлунки цим п'ятьом людям — і звідки вони це взяли?","Мы уже собирались вызывать скорую помощь, когда заметили собаку, которая с аппетитом слизывает жидкость из одной из красных луж. Значит, возможно, это вовсе не кровь? Мы подходим поближе. Вещество пахнет сладко, имеет явный красноватый оттенок, но оно гораздо водянистее крови. Осторожный отбой тревоги!
Вопрос: Что именно попало в желудки этим пятерым людям — и откуда они это взяли?"
2-18,answer,,"Die fünf Personen hatten rotes Slush-Eis der Geschmacksrichtung „Bloody Gary“ im Magen. Die einzige Verkaufsstelle dafür ist der Pizzawagen am Haupteingang. Wir informieren Deborahs älteste Tochter Ella. Sie reagiert schlicht überrascht und versichert uns, dass die Slush-Eis-Automaten alle vier Wochen gründlich gereinigt werden. Haben wir es also mit einem weiteren Sabotageakt zu tun – möglicherweise durch Beimischung eines Brechmittels? Wir verfallen in wohlüberlegten Aktionismus und machen eine Kontrollrunde ...","The five people had red slush ice of the flavor 'Bloody Gary' in their stomachs. The only place selling it is the pizza cart near the main entrance. We inform Deborah's oldest daughter, Ella. She reacts simply with surprise and assures us that the slushy machines are thoroughly cleaned every four weeks. So are we dealing with another act of sabotage – possibly by mixing in an emetic? We engage in well-considered action and do a patrol round...","У шлунках цих п'ятьох людей був червоний слаш-айс із назвою «Bloody Gary». Єдине місце, де його продають — це фургон із піцою біля головного входу. Ми повідомляємо про це старшу дочку Дебори Еллу. Вона просто дивується та запевняє нас, що автомати для слаш-айсу ретельно чистять кожні чотири тижні. Отже, ми маємо справу з новою диверсією — можливо, у напій підмішали рвоту? Ми вирішуємо діяти рішуче та продумано і вирушаємо на патрулювання...","В желудках этих пятерых людей был красный слаш-айс со вкусом «Bloody Gary». Единственное место, где его продают — это фургон с пиццей у главного входа. Мы сообщаем об этом старшей дочери Деборы Элле. Она просто удивляется и уверяет нас, что автоматы для слаш-айса тщательно чистят каждые четыре недели. Значит, мы имеем дело с новой диверсией — возможно, в напиток подмешали рвотное средство? Мы решаем действовать решительно и продуманно и отправляемся на патрулирование..."
2-19,image,,,,,
2-20,image,,,,,
2-21,question,2,"Aha! Vor den Mülltonnen auf Sonderkarte 2.19 finden wir einen großen Kanister Brechmittel. Damit ist klar: Wir haben unseren ersten Sabotageakt des heutigen Abends! Tatort: Slush-Eis-Automat am Pizza-Wagen. Leider finden wir keine weiteren Spuren. Aber uns fällt auf, dass die Toilettensituation auf dem Gelände äußerst angespannt zu sein scheint.
Frage: Welche der sechs Toiletten ist nicht defekt?","Aha! In front of the trash cans on special card 2.19, we find a large canister of emetic. Thus, it is clear: we have our first act of sabotage of the evening! Crime scene: slushy machine at the pizza cart. Unfortunately, we can't find any other traces. But we notice that the toilet situation on the grounds seems extremely tense.
Question: Which of the six toilets is not out of order?","Ага! Перед сміттєвими баками на спеціальній карті 2.19 ми знаходимо велику каністру з-під рвотного засобу. Тепер усе зрозуміло: перед нами перша диверсія сьогоднішнього вечора! Місце злочину: автомат для слаш-айсу біля фургона з піцою. На жаль, більше ніяких слідів немає. Проте ми помічаємо, що ситуація з туалетами в парку здається вкрай напруженою.
Запитання: Яка з шести туалетних кабінок справна?","Ага! Перед мусорными баками на специальной карте 2.19 мы находим большую канистру из-под рвотного средства. Теперь всё ясно: перед нами первая диверсия сегодняшнего вечера! Место преступления: автомат для слаш-айса у фургона с пиццей. К сожалению, больше никаких следов нет. Но мы замечаем, что ситуация с туалетами в парке кажется крайне напряженной.
Вопрос: Какая из шести туалетных кабинок исправна?"
2-22,answer,,"Von den sechs Toiletten auf dem Gelände ist aktuell nur eine einzige nicht defekt: die „Flamingo“-Toilette beim Haupteingang. Flamingo raus, Leute rein. „Was? Wieso zum Teufel sind die denn alle außer Betrieb gesetzt?“, ruft Ella entsetzt. „Als wenn ich nicht schon genug Arbeit hätte.“ Zweiter Sabotageakt! Tatort: Toiletten. Wir haben zwar noch keinen blassen Schimmer, wer dahinterstecken könnte, aber unser Ehrgeiz ist geweckt.","Of the six toilets on the grounds, currently only a single one is not broken: the 'Flamingo' toilet near the main entrance. Flamingo out, people in. 'What? Why the hell are they all out of order?' cries Ella in horror. 'As if I didn't have enough work already.' Second act of sabotage! Crime scene: toilets. We still don't have the faintest clue who could be behind this, but our ambition is sparked.","З шести туалетів на території наразі справна лише одна-єдина кабінка: туалет «Flamingo» біля головного входу. Фламінго геть — людей всередину. «Що? Якого біса вони всі вийшли з ладу?», — обурено вигукує Елла. — «Наче в мене й без того мало роботи». Друга диверсія! Місце злочину: туалети. Ми поки що гадки не маємо, хто за цим стоїть, але наш спортивний азарт уже розігрівся.","Из шести туалетов на территории сейчас исправна только одна-единственная кабинка: туалет «Flamingo» у главного входа. Фламинго прочь — людей внутрь. «Что? Какого чёрта они все вышли из строя?», — возмущенно восклицает Элла. — «Как будто у меня и без того мало работы». Вторая диверсия! Место преступления: туалеты. Мы пока понятия не имеем, кто за этим стоит, но наш спортивный азарт уже разыгрался."
2-23,question,2,"Mit drei Familienmitgliedern der Szabós haben wir bis dato noch nicht gesprochen: mit Deborah, die nach wie vor verschwunden ist; mit Olivia, Deborahs zweitältester Tochter; und mit Gus, dem Ehemann von Betty. Wir fragen Ella nach Olivia: „Meine Schwester? Die ist erst seit kurzem wieder aus dem Knast raus. Müsste sich hier irgendwo rumtreiben, aber bei ihr weiß man nie so genau. Eigentlich ist sie kaum zu übersehen mit ihrem roten Stachel-Iro.“
Frage: Wo befindet sich Ellas jüngere Schwester Olivia?","Up to now, we haven't spoken to three members of the Szabó family: Deborah, who is still missing; Olivia, Deborah's second-oldest daughter; and Gus, Betty's husband. We ask Ella about Olivia: 'My sister? She only recently got out of jail. Should be hanging around here somewhere, but you never know with her. Actually, she is hard to miss with her red spiky mohawk.'
Question: Where is Ella's younger sister Olivia?","З трьома членами родини Сабо ми досі так і не поспілкувалися: з Деборою, яка досі зникла; з Олівією, другою дочкою Дебори; та з Гусом, чоловіком Бетті. Ми запитуємо Еллу про Олівію: «Моя сестра? Вона лише нещодавно вийшла з в'язниці. Має вештатися десь тут, але з нею ніколи не знаєш напевно. Взагалі-то її важко не помітити з її червоним колючим ірокезом».
Запитання: Де перебуває молодша сестра Елли Олівія?","С тремя членами семьи Сабо мы до сих пор так и не пообщались: с Деборой, которая всё ещё числится пропавшей; с Оливией, второй дочерью Деборы; и с Гусом, мужем Бетти. Мы спрашиваем Эллу об Оливии: «Моя сестра? Она только недавно вышла из тюрьмы. Должна ошиваться где-то здесь, но с ней никогда не знаешь наверняка. Вообще-то её трудно не заметить с её красным колючим ирокезом».
Вопрос: Где находится младшая сестра Эллы Оливия?"
2-24,answer,,"Olivia gehört zur Biker-Gruppe, die sich auf Sonderkarte 1.13 beim Haupteingang ein Wortgefecht mit der Polizei liefert. Ihr knallroter Irokesenhaarschnitt ist ein eindeutiges Erkennungsmerkmal.",Olivia belongs to the biker group having a verbal dispute with the police near the main entrance on special card 1.13. Her bright red mohawk haircut is an unmistakable identifying feature.,"Олівія належить до групи байкерів, яка на спеціальній карті 1.13 веде запеклу суперечку з поліцією біля головного входу. Її яскраво-червоний ірокез є незаперечною прикметою.","Оливия принадлежит к группе байкеров, которая на специальной карте 1.13 ведет жаркий спор с полицией возле главного входа. Её ярко-красный ирокез является неоспоримой приметой."
2-25,question,2,"Wir nehmen Olivia beiseite und befragen sie zu den Vorkommnissen rund um die Sabotage, das Verschwinden ihrer Mutter und die Investorengruppe. „Boah, was soll ich dazu schon groß sagen? Mit Bullen quatsch ich normal eh nicht. Aber wenn ihr’s unbedingt wissen wollt: Das Spooky Festival geht mir am Arsch vorbei, meine Mutter wird schon wieder auftauchen und von der Sache mit den Investoren weiß ich nichts. War aber auch die letzten Monate wenig zu Hause ... Onkel Gus kann euch vielleicht mehr erzählen. Der stand vorhin noch kostümiert vor Bettys „Fortune Teller“ Wagen.“
Frage: Wo ist Gus?","We take Olivia aside and question her about the sabotage incidents, her mother's disappearance, and the investor group. 'Oh, what is there to say? Normally I don't talk to cops anyway. But if you really want to know: I don't give a crap about the Spooky Festival, my mother will turn up eventually, and I know nothing about the investors. I haven't been home much the last few months anyway... Uncle Gus might tell you more. He was standing costumed in front of Betty's ""Fortune Teller"" wagon earlier.'
Question: Where is Gus?","Ми відводимо Олівію вбік і розпитуємо її про останні диверсії, зникнення її матері та групу інвесторів. «Ой, та що я можу про це сказати? З копами я взагалі-то не розмовляю. Але якщо вам так кортить дізнатися: цей Spooky Festival мені до дупи, мама скоро сама з'явиться, а про інвесторів я нічого не знаю. Мене взагалі останні місяці майже не було вдома... Дядько Гус, може, знає більше. Він нещодавно стояв у костюмі перед вагончиком тітки Бетті „Fortune Teller“».
Запитання: Де Гус?","Мы отводим Оливию в сторону и расспрашиваем её о недавних диверсиях, исчезновении её матери и группе инвесторов. «Ой, да что я могу об этом сказать? С копами я вообще-то не разговариваю. Но раз уж вам так не терпится узнать: этот Spooky Festival мне до лампочки, мама скоро сама объявится, а про инвесторов я ничего не знаю. Меня вообще последние месяцы почти не было дома... Дядя Гус, может, знает больше. Он недавно стоял в костюме перед вагончиком тёти Бетти „Fortune Teller“».
Вопрос: Где Гус?"
2-26,answer,,"Auf dem Stammbaumfoto trägt Gus einen üppigen, blonden Bart und eine billige 3D-Brille. Anhand der Brille vermuten wir, dass er die Person ist, die im Schweinekostüm auf dem Dach des „Fortune Teller“ Wagens lümmelt. Ist der fesche Bart etwa fake? Wir gehen hinüber und sehen unsere Vermutung bestätigt – den Bart hat er abgenommen und hinter sich gelegt. Auf die Frage, was er denn da oben mache, gibt Gus lapidar zurück:
„Pause. Ich hab für Opa Walt 1000 bunte Zirkusfässer hin und hergeschleppt. Scheiße schwer die Dinger.“","In the family tree photo, Gus wears a thick blonde beard and cheap 3D glasses. Based on the glasses, we suspect he is the person lounging in the pig costume on the roof of the 'Fortune Teller' wagon. Is his handsome beard a fake? We go over and find our suspicion confirmed – he has taken off the beard and laid it behind him. When asked what he's doing up there, Gus replies dryly:
'Taking a break. I've been dragging 1000 colorful circus barrels back and forth for Grandpa Walt. Heavy as hell, those things.'","На фотографії в генеалогічному дереві Гус має пишну русяву бороду та дешеві 3D-окуляри. Завдяки окулярам ми припускаємо, що він і є тією людиною в костюмі свині, яка ніжиться на даху вагончика «Fortune Teller». Невже ця красива борода виявилася фальшивкою? Ми підходимо ближче і переконуємося в нашій правоті — він зняв бороду та поклав її поруч із собою. На запитання, що він там робить, Гус коротко кидає:
«Відпочиваю. Я тут перетягав для дідуся Уолта тисячу кольорових циркових діжок. Важкі, зараза!»","На фотографии в генеалогическом древе у Гуса пышная русая борода и дешевые 3D-очки. Благодаря очкам мы предполагаем, что он и есть тот человек в костюме свиньи, который нежится на крыше вагончика «Fortune Teller». Неужели эта красивая борода оказалась фальшивкой? Мы подходим ближе и убеждаемся в нашей правоте — он снял бороду и положил её рядом с собой. На вопрос, что он там делает, Гус коротко бросает:
«Отдыхаю. Я тут перетаскал для дедушки Уолта тысячу цветных цирковых бочек. Тяжелые, зараза!»"
2-27,question,1,"Zu Deborahs Verschwinden hat Gus eine klare Meinung: „Die würde niemals einfach so abhauen! Ist nicht ihr Stil ... Der Streit neulich mit Opa Walt? War schon heftig, aber der würde seiner Tochter doch nichts antun. Ich hab da ’ne eigene Theorie: Ich schufte ja drüben an den Docks des neuen Hafenterminals. Aus zuverlässiger Quelle weiß ich, dass die Hafengesellschaft auch scharf auf das Gelände hier ist! Die brauchen dringend neue Lagerflächen für Container. Die Chefs – das sind krumme Hunde. Aber psst – ich will ja nicht meinen Job verlieren.“
Frage: Wie lautet der Name der Hafengesellschaft?","Regarding Deborah's disappearance, Gus has a clear opinion: 'She would never just run away! It's not her style... The recent argument with Grandpa Walt? It was intense, but he would never harm his daughter. I have my own theory: I work over at the docks of the new harbor terminal. I know from a reliable source that the harbor company is also keen on this land! They urgently need new storage spaces for containers. The bosses – they are crooked dogs. But shh – I don't want to lose my job.'
Question: What is the name of the harbor company?","Щодо зникнення Дебори у Гуса є чітка думка: «Вона б ніколи просто так не втекла! Це не в її стилі... Нещодавня сварка з дідусем Уолтом? Була гарячою, але він ніколи б не зашкодив власній доньці. У мене є своя теорія: я ж працюю там, у доках нового портового терміналу. З надійних джерел я знаю, що портова компанія теж поклала око на цю територію! Їм терміново потрібні нові складські площі для контейнерів. Керівництво там — ще ті пройдисвіти. Але тссс, я не хочу втратити роботу».
Запитання: Як називається портова компанія?","Насчет исчезновения Деборы у Гуса есть четкое мнение: «Она бы никогда просто так не сбежала! Это не в ее стиле... Недавняя ссора с дедушкой Уолтом? Была жаркой, но он никогда бы не навредил собственной дочери. У меня есть своя теория: я ведь работаю там, в доках нового портового терминала. Из надежных источников я знаю, что портовая компания тоже положила глаз на эту территорию! Им срочно нужны новые складские площади для контейнеров. Руководство там — еще те прохиндеи. Но тссс, я не хочу лишиться работы».
Вопрос: Как называется портовая компания?"
2-28,answer,,"Den Namen der Hafengesellschaft können wir aus mehreren Fragmenten zusammensetzen, die wir an den großen Kränen, auf Schiffscontainern und auf der Arbeitskleidung einiger Parkgäste sehen. Er lautet „HARBAR HARBOUR“. Gus’ Theorie ist ein interessanter neuer Ansatz, dem sollten wir mal nachgehen.","We can assemble the name of the harbor company from several fragments we see on the big cranes, shipping containers, and the work clothes of some park guests. It is 'HARBAR HARBOUR'. Gus's theory is an interesting new angle that we should pursue.","Назву портової компанії ми можемо скласти з кількох фрагментів, які помітно на великих кранах, контейнерах та робочому одязі деяких відвідувачів парку. Вона звучить як «HARBAR HARBOUR». Теорія Гуса — це цікавий новий слід, який варто перевірити.","Название портовой компании мы можем сложить из нескольких фрагментов, которые видны на больших кранах, контейнерах и рабочей одежде некоторых посетителей парка. Оно звучит как «HARBAR HARBOUR». Теория Гуса — это интересный новый след, который стоит проверить."
2-29,question,2,"Wir sind auf dem Weg zum Ausgang in Richtung Strand, da stoppt uns ein halb kostümierter Mann mit zwei Kindern:
„Entschuldigen Sie die Störung, aber ich vermisse meine Frau. Sie wollte eigentlich nur kurz Zuckerwatte kaufen – nun ist sie schon seit 20 Minuten weg und wir können sie nirgends finden. Helfen sie uns, bitte!“ Eigentlich haben wir gerade Besseres zu tun. Aber hey, hier können wir rasch ein gutes Werk tun.
Frage: Wo befindet sich die gesuchte Frau?","We are on our way to the exit toward the beach when a half-costumed man with two children stops us:
'Excuse the disruption, but I am missing my wife. She just wanted to quickly buy cotton candy – now she's been gone for 20 minutes and we can't find her anywhere. Please help us!' Actually, we have better things to do. But hey, we can quickly do a good deed here.
Question: Where is the woman they are looking for?","Ми вже прямуємо до виходу в бік пляжу, коли нас зупиняє напівкостюмований чоловік із двома дітьми:
«Вибачте, що турбую, але я загубив дружину. Вона хотіла лише швиденько купити солодкої вати — і ось її немає вже хвилин 20, ми ніде не можемо її знайти. Будь ласка, допоможіть!» Взагалі-то у нас є важливіші справи. Але ж ми можемо швидко зробити добру справу.
Запитання: Де перебуває жінка, яку шукають?","Мы уже направляемся к выходу в сторону пляжа, когда нас останавливает полукостюмированный мужчина с двумя детьми:
«Извините, что беспокою, но я потерял жену. Она хотела только по-быстрому купить сладкой ваты — и вот её нет уже минут 20, мы нигде не можем её найти. Пожалуйста, помогите!» Вообще-то у нас есть дела поважнее. Но ведь мы можем быстро совершить доброе дело.
Вопрос: Где находится разыскиваемая женщина?"
2-30,answer,,"Der Mann und die beiden Kinder stehen vorm Autoscooter. Der Mann trägt eine auffällige, hellgrüne Drachenkopf-Maske. Vor dem großen Festzelt sehen wir eine Frau, die dieselbe Maske trägt und Zuckerwatte dabei hat. Wir bringen die Familie wieder zusammen und die Kinder führen spontan einen POINT OF VIEW Freudentanz auf. Gerührt verabschieden wir uns und erreichen den Ausgang, von dem aus ein mit Sand bedeckter Steg in Richtung Wasser führt.","The man and the two children are standing in front of the bumper cars. The man is wearing a striking, light green dragon head mask. In front of the big tent, we see a woman wearing the same mask and carrying cotton candy. We reunite the family and the children spontaneously perform a POINT OF VIEW dance of joy. Touched, we say goodbye and reach the exit, from which a sand-covered boardwalk leads toward the water.","Чоловік та діти стоять перед автодромом. На чоловікові помітна яскраво-зелена маска у вигляді голови дракона. Перед великим наметом ми бачимо жінку, яка носить таку саму маску та тримає солодку вату. Ми возз'єднуємо родину, і щасливі діти влаштовують спонтанний танок радості в стилі POINT OF VIEW. Розчулені, ми прощаємося та виходимо до виходу, звідки вкритий піском місток веде до води.","Мужчина и дети стоят перед автодромом. На мужчине надета приметная ярко-зеленая маска в виде головы дракона. Перед большим шатром мы видим женщину, которая носит точно такую же маску и держит сладкую вату. Мы воссоединяем семью, и счастливые дети устраивают спонтанный победный танец в стиле POINT OF VIEW. Растроганные, мы прощаемся и выходим к выходу, откуда засыпанный песком мостик ведет к воде."
2-31,image,,"[Sonderkarte 2.31 mit einer Strandszene, Strandkörben und Leuchtturm]",[Special card 2.31 showing a beach scene with beach chairs and a lighthouse],"[Спеціальна карта 2.31 із пляжною сценою, шезлонгами та маяком]","[Специальная карта 2.31 с пляжной сценой, шезлонгами и маяком]"
2-32,question,2,"Verträumt blicken wir aufs Meer. Plötzlich rempelt uns eine freakige, blutverschmierte Mumie an und eilt mit zusammengekniffenen Backen in Richtung Wasser davon. Wir sind geschockt, aber als wir die Situation begriffen haben, müssen wir schmunzeln.
Frage: Woher kam die „Mumie“ – und woraus besteht ihre Kostümierung?","Dreamily, we look out at the sea. Suddenly, a freaky, blood-smeared mummy bumps into us and rushes off toward the water with clenched cheeks. We are shocked, but once we grasp the situation, we have to smile.
Question: Where did the 'mummy' come from – and what is its costume made of?","Ми мрійливо дивимося на море. Раптом нас штовхає якась дивна, закривавлена «мумія» і з затиснутими сідницями поспішає в бік води. Ми шоковані, але зрозумівши ситуацію, не можемо стримати посмішку.
Запитання: Звідки взялася ця «мумія» — і з чого зроблений її костюм?","Мы мечтательно смотрим на море. Вдруг нас толкает какая-то странная, окровавленная «мумия» и со сжатыми ягодицами спешит в сторону воды. Мы шокированы, но когда до нас доходит суть ситуации, мы не можем сдержать улыбку.
Вопрос: Откуда взялась эта «мумия» — и из чего сделан её костюм?"
2-33,answer,,"Die „Mumie“ schleift Klopapier hinter sich her. Und das nicht zu knapp: Wir können die Spur bis zum defekten Toilettenhäuschen beim Riesenrad auf Sonderkarte 2.20 zurückverfolgen. Um wen auch immer es sich also bei der „Mumie“ handelt, die Person hat sich offenbar auf sanitäre Kosten des Spooky Festivals mit Klopapier eingewickelt.","The 'mummy' is dragging toilet paper behind them. And a lot of it: we can trace the trail back to the broken toilet booth near the Ferris wheel on special card 2.20. Whoever the 'mummy' is, they apparently wrapped themselves in toilet paper at the sanitary expense of the Spooky Festival.","«Мумія» тягне за собою довгий шлейф туалетного паперу. І то чималий: ми можемо простежити цей слід аж до поламаної туалетної кабінки біля колеса огляду на спеціальній карті 2.20. Ким би не була ця «мумія», вона, вочевидь, обмоталася туалетним папером за рахунок санітарних запасів Spooky Festival.","«Мумия» волочит за собой длинный шлейф туалетной бумаги. И весьма приличный: мы можем проследить этот след вплоть до сломанной туалетной кабинки возле колеса обозрения на специальной карте 2.20. Кем бы ни была эта «мумия», она, очевидно, обмоталась туалетной бумагой за счет санитарных запасов Spooky Festival."
2-34,question,1,"„Idyllisch, nicht wahr?“ Hasenjunge Tick taucht mal wieder unvermittelt neben uns auf. „Früher war das hier DER Surf- und Badestrand. Unser Garant für Cash und Kundschaft. Dann kam die fette neue Hafenanlage und der Strand wurde offiziell gesperrt, Schluss mit lustig. Seither ist Ebbe in der Kasse. Aber etwas Gutes hat es immerhin: Onkel Gus arbeitet da drüben im Hafen – und ich ja demnächst auch! In dem alten Strandhaus hier haben wir übrigens mal gewohnt – ist aber eines Nachts abgebrannt. Schade, schade ...“
Frage: Sehen wir mehr oder weniger Schiffe als pinke Surfbretter?","'Idyllic, isn't it?' Bunny boy Tick pops up next to us once again. 'This used to be THE surfing and swimming beach. Our guarantor for cash and customers. Then the huge new harbor terminal came and the beach was officially closed, end of story. Since then, the cash register has been dry. But at least there's one good thing: Uncle Gus works over there in the harbor – and I will soon too! By the way, we used to live in this old beach house – but it burned down one night. Pity, pity...' 
Question: Do we see more or fewer ships than pink surfboards?","«Ідилічно, чи не так?» — раптом знову з'являється хлопець-заєць Тік. — «Раніше це був найкращий пляж для серфінгу та купання. Наше джерело грошей та клієнтів. А потім побудували цей великий новий порт, пляж офіційно закрили — і лавочка прикрилася. З того часу в касі порожньо. Але є й позитив: дядько Гус працює он там у порту, і я скоро теж буду! До речі, в цьому старому пляжному будинку ми колись жили, але однієї ночі він згорів. Шкода, дуже шкода...»
Запитання: Чи бачимо ми більше чи менше кораблів, ніж рожевих дошок для серфінгу?","«Идиллическая картина, правда?» — вдруг снова появляется парень-заяц Тик. — «Раньше это был лучший пляж для серфинга и купания. Наш главный источник денег и клиентов. А потом построили этот огромный новый порт, пляж официально закрыли — и лавочка прикрылась. С тех пор в кассе пусто. Но есть и позитив: дядя Гус работает вон там в порту, и я скоро тоже буду! Кстати, в этом старом пляжном доме мы когда-то жили, но в одну из ночей он сгорел. Жаль, очень жаль...»
Вопрос: Мы видим больше или меньше кораблей, чем розовых досок для серфинга?"
2-35,answer,,"Random Frage, klare Antwort: Wir sehen mehr Schiffe als pinke Surfbretter. Zehn Schiffe (davon sieben im Wasser und drei auf den Straßen) stehen die insgesamt sechs pinken Surfbretter auf (je eins beim Haupteingang, bei den drehenden Teetassen, bei Muscle Car, bei der Excalibur Challenge, im Sprungbecken und auf Sonderkarte 2.31). Über das Schiffswrack und weitere Schiffe, die sich eventuell noch im Hafenterminal „verstecken“, lässt sich streiten. Aber an der Antwort ändert das nichts. Unser Zählfetisch is befriedigt.","Random question, clear answer: We see more ships than pink surfboards. Ten ships (seven in the water and three on the streets) oppose a total of six pink surfboards (one each at the main entrance, at the spinning teacups, at the muscle car, at the Excalibur Challenge, in the diving pool, and on special card 2.31). One could argue about the shipwreck and other ships that might be 'hiding' in the harbor terminal. But that doesn't change the answer. Our counting fetish is satisfied.","Дивне питання, але чітка відповідь: ми бачимо більше кораблів, ніж рожевих дошок для серфінгу. Десять кораблів (сім у воді та три на вулицях) протистоять усього шести рожевим дошкам (по одній біля головного входу, біля чайних чашок, біля маслкара, біля Excalibur Challenge, у басейні та на спеціальній карті 2.31). Про уламки корабля та інші судна, які можуть ховатися в порту, можна сперечатися, але на відповідь це не впливає. Наша пристрасть до підрахунків задоволена.","Странный вопрос, но четкий ответ: мы видим больше кораблей, чем розовых досок для серфинга. Десять кораблей (семь в воде и три на улицах) противостоят всего шести розовым доскам (по одной у главного входа, у чайных чашек, у масл-кара, у Excalibur Challenge, в бассейне и на специальной карте 2.31). Про обломки корабля и другие суда, которые могут прятаться в порту, можно спорить, но на ответ это не влияет. Наша страсть к подсчетам удовлетворена."
2-36,question,2,"Warum das Strandhaus damals in Flammen aufging, weiß Tick offenbar nicht: „Irgendwann hat’s halt gebrannt. Die Flammen in Kombination mit dem Lichtkegel des Leuchtturms, das sah schon gespenstisch aus ...“ Alles sehr merkwürdig. Wir blicken vom Strandweg zurück in Richtung Spooky Festival. Da springt uns eine Person mit Benzinkanister ins Auge. Verdammt!
Frage: Wo befindet sich diese Person – und was hat sie vor?","Apparently Tick doesn't know why the beach house went up in flames back then: 'At some point it just burned. The flames combined with the beam of the lighthouse, that looked really spooky...' Everything is very strange. We look back from the beach path toward the Spooky Festival. Suddenly, a person with a jerrycan of petrol catches our eye. Damn!
Question: Where is this person located – and what is their plan?","Чому пляжний будинок тоді загорівся, Тік, схоже, не знає: «Якось просто спалахнув. Полум'я разом із променем світла від маяка — це виглядало справді моторошно...» Усе це дуже підозріло. Ми дивимося з пляжної стежки назад у бік Spooky Festival. Раптом нам впадає в око постать із каністрою бензину. Прокляття!
Запитання: Де перебуває ця людина — і що вона замислила?","Почему пляжный дом тогда загорелся, Тик, похоже, не знает: «Как-то просто полыхнул. Пламя в сочетании с лучом света от маяка — это выглядело действительно жутко...» Всё это очень подозрительно. Мы смотрим с пляжной тропинки обратно в сторону Spooky Festival. Вдруг нам бросается в глаза фигура с канистрой бензина. Проклятье!
Вопрос: Где находится этот человек — и что он задумал?"
2-37,answer,,"Die Person steht unter einem Baum bei den Schiffscontainern. Sie steckt in einem gelben Raumanzug und has eine breite Benzinspur zum Kinderkarussell gelegt. Offensichtlich will sie das Fahrgeschäft in Brand setzen! Dritter Sabotageakt! Tatort: Kinderkarussell. Als die Person ihr Feuerzeug zückt, brüllen wir lautstark los und sprinten hinüber!","The person is standing under a tree near the shipping containers. They are wearing a yellow hazmat suit and have laid a wide trail of petrol to the children's carousel. Obviously, they want to set the ride on fire! Third act of sabotage! Crime scene: children's carousel. As the person whips out their lighter, we yell at the top of our lungs and sprint over!","Людина стоїть під деревом біля вантажних контейнерів. Вона одягнена в жовтий скафандр і проклала широку бензинову доріжку до дитячої каруселі. Очевидно, вона хоче підпалити атракціон! Третя диверсія! Місце злочину: дитяча карусель. Коли людина дістає запальничку, ми голосно кричимо та щосили біжимо туди!","Человек стоит под деревом возле грузовых контейнеров. Он одет в желтый скафандр и проложил широкую бензиновую дорожку к детской карусели. Очевидно, он хочет поджечь аттракцион! Третья диверсия! Место преступления: детская карусель. Когда человек достает зажигалку, мы громко кричим и изо всех сил бежим туда!"
2-38,question,3,"Alarmiert setzt die Person die Benzinspur in Brand und rennt davon. Wir müssen schnellstmöglich reagieren, um zu verhindern, dass sich der Brand ausweitet und das Kinderkarussell in Flammen aufgeht! Achtung, Spielanweisung: Zur Beantwortung der nächsten Frage habt ihr nur Pi mal Daumen eine Minute Zeit! Zeitmessung in Eigenregie ...
Frage: Auf welche drei verschiedenen Mittel der Brandbekämpfung können wir spontan zurückgreifen?","Alarmed, the person sets the petrol trail on fire and runs away. We must react as quickly as possible to prevent the fire from spreading and the children's carousel from going up in flames! Attention, game instruction: to answer the next question, you only have about one minute! Measure the time yourself...
Question: Which three different means of firefighting can we spontaneously resort to?","Наляканий підпалювач підпалює бензинову доріжку та тікає. Ми маємо діяти миттєво, щоб вогонь не поширився і дитяча карусель не згоріла вщент! Увага, ігрова інструкція: на відповідь на наступне запитання у вас є лише близько однієї хвилини! Засікайте час самостійно...
Запитання: Які три різні засоби пожежогасіння ми можемо використати прямо зараз?","Испуганный поджигатель поджигает бензиновую дорожку и убегает. Мы должны действовать мгновенно, чтобы огонь не распространился и детская карусель не сгорела дотла! Внимание, игровая инструкция: на ответ на следующий вопрос у вас есть всего около одной минуты! Засекайте время самостоятельно...
Вопрос: Какие три различных средства пожаротушения мы можем использовать прямо сейчас?"
2-39,answer,,"Am Anfang des Strandwegs auf Sonderkarte 2.31 steht ein großer Sandeimer – Sand zum Löschen, perfekt! Die daneben liegende Picknickdecke nutzen wir ganz optimistisch als Löschdecke. Und die beim Autoscooter und beim Muscle Car stehenden Feuerlöscher verwenden wir auch noch. Die vielen Putz- und Wassereimer dagegen ignorieren wir, weil sich Benzin und Wasser bekanntlich nicht vertragen und wir das Feuer dadurch nur verteilen würden. Puh, durchatmen! Den Brand konnten wir in letzter Sekunde löschen. Aber der Feuerteufel ist uns dummerweise entwischt.","At the beginning of the beach path on special card 2.31, there is a large sand bucket – sand for extinguishing, perfect! We optimistically use the adjacent picnic blanket as a fire blanket. And we also use the fire extinguishers located at the bumper cars and the muscle car. We ignore the many cleaning and water buckets, however, because petrol and water famously do not mix, and we would only spread the fire further. Phew, breathe! We managed to extinguish the fire at the very last second. But unfortunately, the arsonist got away.","На початку пляжної стежки на спеціальній карті 2.31 стоїть велике відро з піском — пісок для гасіння, ідеально! Пікнікову ковдру поруч ми оптимістично використовуємо як протипожежне покривало. Також ми застосовуємо вогнегасники біля автодрому та маслкара. Численні відра для прибирання та з водою ми натомість ігноруємо, адже бензин із водою, як відомо, не змішуються, і ми лише рознесли б вогонь далі. Хух, можна видихнути! Ми змогли загасити пожежу в останню секунду. Але палій, на жаль, від нас втік.","В начале пляжной тропинки на специальной карте 2.31 стоит большое ведро с песком — песок для тушения, идеально! Пикниковое одеяло рядом мы оптимистично используем как противопожарное покрывало. Также мы применяем огнетушители у автодрома и масл-кара. Многочисленные ведра для уборки и с водой мы вместо этого игнорируем, ведь бензин с водой, как известно, не смешиваются, и мы только разнесли бы огонь дальше. Фух, можно выдохнуть! Мы смогли потушить пожар в последнюю секунду. Но поджигатель, к сожалению, от нас ускользнул."
2-40,story,,"Jede Wette, dass uns hier gerade die Person durch die Lappen gegangen ist, die hinter den Sabotageakten steckt. Oder handelt es sich womöglich sogar um eine Gruppe an Täterinnen und Tätern? Vieles bleibt rätselhaft. Wir resümieren: Deborah Szabó verschwindet nach einem heftigen Streit mit ihrem Vater Walt. Eine Investorengruppe wähnt sich bereits im Besitz des Parkgeländes, auf das auch die Hafengesellschaft ein Auge geworfen hat. Und warum will Opa Walt partout nicht verkaufen, obwohl das Angebot gut ist und die Einnahmen des Spooky Festivals mittlerweile gegen Null gehen? Irgendwas ist hier oberfaul ...","We would bet any money that the person who is behind the acts of sabotage just slipped through our fingers. Or is it possibly even a group of culprits? Much remains mysterious. We summarize: Deborah Szabó disappears after a fierce argument with her father Walt. An investor group already believes they own the park grounds, which the harbor company has also cast an eye upon. And why does Grandpa Walt absolutely refuse to sell, even though the offer is good and the Spooky Festival's earnings are now near zero? Something here is extremely fishy...","Б'ємося об заклад, що від нас щойно вислизнув той самий зловмисник, який стоїть за всіма диверсіями. Або, можливо, це взагалі ціла банда? Багато що залишається загадкою. Підіб'ємо підсумки: Дебора Сабо зникає після гучної сварки зі своїм батьком Уолтом. Група інвесторів уже бачить себе власниками парку, на який також поклала око портова компанія. І чому дідусь Уолт так вперто відмовляється продавати землю, хоча пропозиція вигідна, а доходи Spooky Festival зараз практично на нулі? Тут явно коїться щось дуже темне...","Бьемся об заклад, что от нас только что ускользнул тот самый злоумышленник, который стоит за всеми диверсиями. Или, возможно, это вообще целая банда? Многое остается загадкой. Подведем итоги: Дебора Сабо исчезает после крупной ссоры со своим отцом Уолтом. Группа инвесторов уже видит себя владельцами парка, на который также положила глаз портовая компания. И почему дедушка Уолт так упрямо отказывается продавать землю, хотя предложение выгодное, а доходы Spooky Festival сейчас практически на нуле? Тут явно творится что-то очень темное..."
3-1,early,,"Wir befinden uns als verdecktes Ermittlungsteam auf dem Gelände des Spooky Festivals, um eine Serie von Sabotageakten aufzuklären. Obendrein müssen wir die Sicherheit am heutigen Halloween-Abend - dem einzigen gut besuchten Event des Jahres - gewährleisten. Einen Brandanschlag auf das Kinderkarussell konnten wir in letzter Sekunde vereiteln, zerstörte Toiletten und Brechmittel im Slush-Eis leider nicht. Deborah Szabó, die leitende Geschäftsführerin des Parks, wird seit zwei Tagen vermisst. Eine Investorengruppe und die Hafengesellschaft wollen sich das Parkgelände unter den Nagel reißen. Aber Patriarch Walt Szabó
lehnt trotz guter Angebote entschieden ab.","We are on the grounds of the Spooky Festival as an undercover investigation team to solve a series of acts of sabotage. On top of that, we have to ensure security on tonight's Halloween evening - the only well-attended event of the year. We managed to thwart an arson attack on the children's carousel at the last second, but unfortunately not the destroyed toilets and the emetics in the slush ice. Deborah Szabó, the park's managing director, has been missing for two days. A group of investors and the port authority want to get their hands on the park grounds. But patriarch Walt Szabó firmly refuses despite good offers.","Ми перебуваємо на території Спукі Фестивалю як команда слідчих під прикриттям, щоб розкрити серію актів саботажу. До того ж, ми маємо забезпечити безпеку сьогоднішнього вечора на Гелловін — єдиного заходу року з великою кількістю відвідувачів. Підпал дитячої каруселі нам вдалося зірвати в останню секунду, а от зруйновані туалети та блювотні засоби у фруктовому льоді, на жаль, ні. Дебора Сабо, керуюча директорка парку, зникла два дні тому. Група інвесторів і портова компанія хочуть прибрати до рук територію парку. Але патріарх Уолт Сабо рішуче відмовляється, незважаючи на вигідні пропозиції.","Мы находимся на территории Спуки Фестиваля как команда следователей под прикрытием, чтобы раскрыть серию актов саботажа. Вдобавок ко всему, мы должны обеспечить безопасность сегодняшним вечером на Хэллоуин — единственного мероприятия в году с большим числом посетителей. Поджог детской карусели нам удалось сорвать в последнюю секунду, а вот разрушенные туалеты и рвотные средства во фруктовом льду, к сожалению, нет. Дебора Сабо, управляющий директор парка, пропала два дня назад. Группа инвесторов и портовая компания хотят прибрать к рукам территорию парка. Но патриарх Уолт Сабо решительно отказывается, несмотря на выгодные предложения."
3-2,question,2,"Die Sache ist verworrener, als wir anfangs dachten. Zu allem Überfluss knurrt uns immer noch der Magen, hier sollten wir ansetzen! Tacos? Sind nach dem versuchten Raub leider
noch nicht wieder erhältlich. Hot Dogs? Trotz Rabatt-Flyer zu teuer - außerdem ist uns der Appetit darauf vergangen, seitdem unser Einsatzleiter - Hauptkommissar Jenkins - ein paar arme Würstchen der geheimen Spezialeinheit in Hot Dog Kostüme gesteckt hat. Was
bleibt uns also kulinarisch übrig? Pommes!
Frage: Wo gibt es die beliebtesten
Pommes zu kaufen?","The matter is more confusing than we initially thought. To make matters worse, our stomachs are still growling, we should start here! Tacos? Unfortunately not available again after the attempted robbery. Hot dogs? Too expensive despite the discount flyer - besides, we've lost our appetite for them since our task force leader - Chief Inspector Jenkins - put a few poor sausages from the secret special unit into hot dog costumes. So what's left for us culinary-wise? Fries!
Question: Where can you buy the most popular fries?","Справа заплутаніша, ніж ми думали спочатку. На довершення всього, у нас досі бурчить у животі, тож варто почати з цього! Тако? На жаль, після спроби пограбування вони знову недоступні. Хот-доги? Занадто дорого, незважаючи на флаєр зі знижкою — крім того, ми втратили до них апетит після того, як наш керівник операції, головний інспектор Дженкінс, вдягнув кількох бідолах із секретного спецпідрозділу в костюми хот-догів. То що в нас залишається з їжі? Картопля фрі!
Запитання: Де можна купити найпопулярнішу картоплю фрі?","Дело запутаннее, чем мы думали поначалу. В довершение всего, у нас до сих пор урчит в животе, так что стоит начать с этого! Тако? К сожалению, после попытки ограбления они снова недоступны. Хот-доги? Слишком дорого, несмотря на флаер со скидкой — кроме того, мы потеряли к ним аппетит после того, как наш руководитель операции, главный инспектор Дженкинс, одел нескольких бедолаг из секретного спецподразделения в костюмы хот-догов. Так что же у нас остается из еды? Картошка фри!
Вопрос: Где можно купить самую популярную картошку фри?"
3-3,answer,,"Bei „Joe's Tacos"" sind Pommes auf dem Aushang durchgestrichen. Der Pizzawagen bietet Pommes mit roter „Yummy Sauce“ an. Aber fast alle Pommes-Tüten, mit denen die Leute im Park herumlaufen, sind mit einer merkwürdig grünen Soße überzogen. Das kann nur die  vielbeschworene „Spooky Sauce"" sein, die es laut Aufsteller auf Sonderkarte 2.20 am Hot Dog Wagen beim Riesenrad gibt. Pommes süß-sauer deluxe! Genüsslich schmatzend drehen wir unsere Runde. Da schau her: Am Schießstand treffen wir auf zwei Personen unseres Berufsstandes.","At ""Joe's Tacos"", fries are crossed out on the notice. The pizza truck offers fries with red ""Yummy Sauce"". But almost all the fry bags that people are walking around the park with are covered in a strangely green sauce. This can only be the much-invoked ""Spooky Sauce"", which according to the standee on special card 2.20 is available at the hot dog cart by the Ferris wheel. Sweet and sour fries deluxe! Smacking our lips with pleasure, we take our stroll. Look here: At the shooting gallery we meet two people of our profession.","У «Joe's Tacos» картопля фрі викреслена на вивісці. Фургон із піцою пропонує фрі з червоним «Yummy Sauce». Але майже всі пакетики з картоплею, з якими люди ходять по парку, политі дивним зеленим соусом. Це може бути лише той самий розрекламований «Spooky Sauce», який, судячи зі стенда на спеціальній картці 2.20, продається у візку з хот-догами біля колеса огляду. Кисло-солодка картопля фрі делюкс! З насолодою плямкаючи, ми робимо обхід. Аж гляньте: у тирі ми зустрічаємо двох людей нашої професії.","В «Joe's Tacos» картошка фри вычеркнута на вывеске. Фургон с пиццей предлагает фри с красным «Yummy Sauce». Но почти все пакетики с картошкой, с которыми люди ходят по парку, политы странным зеленым соусом. Это может быть только тот самый разрекламированный «Spooky Sauce», который, судя по стенду на специальной карте 2.20, продается в тележке с хот-догами у колеса обозрения. Кисло-сладкая картошка фри делюкс! С наслаждением чавкая, мы делаем обход. Ну-ка посмотри: в тире мы встречаем двух людей нашей профессии."
3-4,image,,,,,
3-5,question,3,"Tick, der im pinken Hasenkostüm steckende jüngste Sohn der verschwundenen Deborah Szabó, taucht mal wieder überraschend neben uns auf. „Boah, die Herren und Damen Sheriffs, wie cool!""
Frage: Für welchen Gewinn sparen die „Sheriffs"" ihre Chips - und wie viele Punkte fehlen ihnen noch dafür?","Tick, the youngest son of the missing Deborah Szabó, who is wearing a pink bunny costume, unexpectedly pops up next to us again. 'Wow, the gentlemen and lady sheriffs, how cool!'
Question: Which prize are the 'sheriffs' saving their chips for - and how many points are they still missing for it?","Тік, молодший син зниклої Дебори Сабо, одягнений у костюм рожевого кролика, знову несподівано з'являється поруч із нами. «Ого, панове шерифи, як круто!»
Запитання: На який приз відкладають свої фішки «шерифи» — і скільки балів їм для цього не вистачає?","Тик, младший сын пропавшей Деборы Сабо, одетый в костюм розового кролика, снова неожиданно появляется рядом с нами. «Ого, господа шерифы, как круто!»
Вопрос: На какой приз откладывают свои фишки «шерифы» — и сколько баллов им для этого не хватает?"
3-6,answer,,"Die „Sheriffs"" haben schon einige bunte Punktechips gesammelt. Über die Wertigkeit der Farben klären uns violette Schilder auf, die an fünf Stellen auf dem Gelände hängen (unter anderem direkt am Schießstand auf Sonderkarte 3.04): 5 Punkte pro gelbem Chip, 10 pro pinkem Chip und 50 pro grünem Chip. 200 Punkte haben die Sheriffs also bereits. Daraus folgern wir, dass sie es auf den Hauptpreis der Gewinnausgabe auf Sonderkarte 2.19 abgesehen haben: einen großen, schnuckeligen Teddybären. Nach Adam Riese fehlen ihnen dafür noch 50 Punkte.","The 'sheriffs' have already collected a few colorful point chips. Purple signs, hanging in five places on the grounds (including right at the shooting gallery on special card 3.04), explain the value of the colors: 5 points per yellow chip, 10 per pink chip and 50 per green chip. So the sheriffs already have 200 points. We conclude from this that they are aiming for the main prize at the prize counter on special card 2.19: a large, cute teddy bear. According to simple math, they are still 50 points short.","«Шерифи» вже назбирали трохи різнокольорових фішок. Фіолетові таблички, що висять у п'яти місцях на території (зокрема й просто в тирі на спеціальній картці 3.04), пояснюють цінність кольорів: 5 балів за жовту фішку, 10 за рожеву та 50 за зелену. Отже, шерифи вже мають 200 балів. З цього ми робимо висновок, що вони націлилися на головний приз у пункті видачі на спеціальній картці 2.19: великого милого плюшевого ведмедика. За простими підрахунками, їм не вистачає ще 50 балів.","«Шерифы» уже собрали немного разноцветных фишек. Фиолетовые таблички, висящие в пяти местах на территории (в том числе прямо в тире на специальной карте 3.04), объясняют ценность цветов: 5 баллов за желтую фишку, 10 за розовую и 50 за зеленую. Итак, у шерифов уже есть 200 баллов. Из этого мы делаем вывод, что они нацелились на главный приз в пункте выдачи на специальной карте 2.19: большого милого плюшевого медвежонка. По простым подсчетам, им не хватает еще 50 баллов."
3-7,question,1,"Amüsiert schauen wir den beiden beim SchieBen zu (Trefferquote 1 zu 10) und verdrücken unsere letzten Pommes. Als wir die leeren Packungen in den Müll schmeißen, werden wir von Tick freundlich, aber bestimmt auf das Prinzip der Mülltrennung hingewiesen. Recht hat er. Wobei hier schon ein bisschen was durcheinandergeraten zu sein scheint.
Frage: Welche beiden Mülltonnen sind vertauscht?","Amused, we watch the two of them shoot (hit rate 1 in 10) and scarf down our last fries. When we throw the empty packages into the trash, Tick points out the principle of waste separation to us in a friendly but firm manner. He is right. Although things seem to have gotten a little mixed up here.
Question: Which two trash cans are swapped?","Ми з усмішкою спостерігаємо за їхньою стрільбою (влучність 1 із 10) і доїдаємо останню картоплю фрі. Коли ми викидаємо порожні упаковки у смітник, Тік привітно, але твердо нагадує нам про принцип сортування сміття. Він має рацію. Хоча тут, здається, дещо переплутали.
Запитання: Які два сміттєві баки поміняли місцями?","Мы с улыбкой наблюдаем за их стрельбой (меткость 1 из 10) и доедаем последнюю картошку фри. Когда мы выбрасываем пустые упаковки в мусор, Тик приветливо, но твердо напоминает нам о принципе сортировки мусора. Он прав. Хотя здесь, кажется, кое-что перепутали.
Вопрос: Какие два мусорных бака поменяли местами?"
3-8,answer,,"Die beiden linken der vier Mülltonnen vorm großen Festzelt sind vertauscht: Die gelbe steht unter dem grünen Schild, die grüne unter dem gelben Schild. Folglich steckt dort der Blumenstrauß fälschlicherweise in der gelben Plastiktonne statt in der grünen Biotonne. Auf Sonderkarte 2.19 wurde außerdem noch eine Flasche falsch entsorgt: Sie steckt in der blauen Papiertonne statt in der roten Glastonne. Zwar kein weiterer Sabotageakt, trotzdem skandalös!","The two on the left of the four trash cans in front of the large marquee have been swapped: The yellow one is under the green sign, the green one under the yellow sign. Consequently, the bouquet of flowers is mistakenly in the yellow plastic bin instead of the green organic bin. On special card 2.19, a bottle was also disposed of incorrectly: It is in the blue paper bin instead of the red glass bin. Although not another act of sabotage, it is still scandalous!","Два ліві з чотирьох сміттєвих баків перед великим наметом переплутали місцями: жовтий стоїть під зеленою табличкою, а зелений — під жовтою. Отже, букет квітів помилково лежить у жовтому контейнері для пластику замість зеленого для біовідходів. На спеціальній картці 2.19 також неправильно викинули пляшку: вона лежить у синьому контейнері для паперу замість червоного для скла. Це хоч і не акт саботажу, але все одно скандал!","Два левых из четырех мусорных баков перед большим шатром перепутаны местами: желтый стоит под зеленой табличкой, а зеленый — под желтой. Следовательно, букет цветов по ошибке лежит в желтом контейнере для пластика вместо зеленого для биоотходов. На специальной карте 2.19 также неправильно выбросили бутылку: она лежит в синем контейнере для бумаги вместо красного для стекла. Это хоть и не акт саботажа, но все равно скандал!"
3-9,question,2,"Wir tun ein gutes Werk und sortieren die falschen Dinge in die richtigen Tonnen. Macht Spaß!
Frage: Wer von uns sieht auf dem eigenen Faltplan vier oder mehr rote Mülltonnen?","We are doing a good deed and sorting the wrong things into the right bins. Fun!
Question: Which of us sees four or more red trash cans on their own folding map?","Ми робимо добру справу та сортуємо неправильні речі по потрібних баках. Весело!
Запитання: Хто з нас бачить чотири або більше червоних сміттєвих баків на своїй складеній карті?","Мы делаем доброе дело и сортируем неправильные вещи по нужным бакам. Весело!
Вопрос: Кто из нас видит четыре или более красных мусорных бака на своей сложенной карте?"
3-10,answer,,"Alle! Osten und Süden sehen jeweils sieben Stück, Westen sechs, Norden vier. Details gefällig? Der rote Mülleimer vorm Festzelt ist nur auf einer Sonderkarte sichtbar und zählt daher nicht mit. Den bei den drehenden Teetassen sehen Westen und Osten. Die zwei hinter „Joe's Tacos“ sehen Norden, Osten und Süden; Westen immerhin einen davon. Weitere zwei stehen jeweils vor der Geisterbahn (S+W) und beim Haupteingang (S), einer zwischen Haupteingang und Lolli-Zelt (O+S+W), einer direkt beim Lolli-Zelt (N+O), einer beim Muscle Car (O+W) und einer zwischen Kettenkarussell und Kinderkarussell (N+O).","All of us! East and South see seven each, West six, North four. Want details? The red trash can in front of the big tent is only visible on a special card and therefore doesn't count. The one near the spinning teacups is seen by West and East. The two behind 'Joe's Tacos' are seen by North, East, and South; West sees at least one of them. Another two are located in front of the haunted house (S+W) and at the main entrance (S), one between the main entrance and the Lolli Tent (E+S+W), one right next to the Lolli Tent (N+E), one by the muscle car (E+W), and one between the wave swinger and the children's carousel (N+E).","Усі! Гравці Схід і Південь бачать по сім штук, Захід — шість, Північ — чотири. Хочете подробиць? Червоний сміттєвий бак перед великим наметом видно лише на спеціальній карті, тому він не рахується. Бак біля обертових чайних чашок бачать Захід і Схід. Два баки за «Joe's Tacos» бачать Північ, Схід і Південь; Захід бачить щонайменше один із них. Ще два стоять перед кімнатою страху (Пд+З) і біля головного входу (Пд), один між головним входом і льодяниковим наметом (Сх+Пд+З), один прямо біля льодяникового намету (Пн+Сх), один біля маслкара (Сх+З) і один між ланцюговою та дитячою каруселями (Пн+Сх).","Все! Игроки Восток и Юг видят по семь штук, Запад — шесть, Север — четыре. Хотите подробностей? Красный мусорный бак перед большим шатром виден только на специальной карте и поэтому не считается. Бак около вращающихся чайных чашек видят Запад и Восток. Два бака за «Joe's Tacos» видят Север, Восток и Юг; Запад видит хотя бы один из них. Еще два стоят перед комнатой страха (Ю+З) и у главного входа (Ю), один между главным входом и леденцовым шатром (В+Ю+З), один прямо у леденцового шатра (С+В), один у масл-кара (В+З) и один между цепочной и детской каруселями (С+В)."
3-11,question,2,"Zufrieden mit unserer Recycling-Awareness dampft Tick ab. Vor lauter Sortierspaß haben wir völlig die Zeit aus den Augen verloren.
Frage: Auf welche Uhr ist Verlass - und wie spät ist es eigentlich?","Satisfied with our recycling awareness, Tick drifts off. With all the sorting fun, we completely lost track of time.
Question: Which clock can be relied upon – and what time is it actually?","Задоволений нашою екологічною усвідомленістю, Тік іде геть. За всіма цими забавними сортуваннями ми зовсім втратили лік часу.
Запитання: На які години можна покластися — і котра зараз взагалі година?","Довольный нашей экологической осознанностью, Тик удаляется. За всеми этими забавными сортировками мы совершенно потеряли счет времени.
Вопрос: На какие часы можно положиться — и сколько сейчас вообще времени?"
3-12,answer,,"Auf unseren Faltplänen und Sonderkarten sehen wir diverse Analoguhren, die aber alle kaputt sind und/oder unterschiedliche Zeiten anzeigen. Verlass ist nur auf die große Digitaluhr am Krankenhaus: Sie gibt die Zeit in englischer Form mit 05:30 Uhr PM an, schließlich ist es ja bereits abends. Es ist also halb sechs bzw. 17:30 Uhr. Natürlich hätte auch einfach ein Blick auf unsere Handys genügt, aber das wäre gegen unser detektives Berufsethos gewesen.","On our folding maps and special cards, we see various analog clocks, but they are all broken and/or show different times. Only the large digital clock at the hospital can be relied upon: it shows the time in English format as 05:30 PM, after all, it is already evening. So it is half past five, or 17:30. Of course, a simple glance at our mobile phones would have sufficed, but that would have been against our professional detective ethics.","На наших складених картах і спеціальних картах мы бачимо різні аналогові годинники, але всі вони зламані та/або показують різний час. Покластися можна лише на великий цифровий годинник на лікарні: він показує час в англійському форматі 05:30 PM, адже вже вечір. Отже, зараз пів на шосту, тобто 17:30. Звісно, можна було просто поглянути на наші телефони, але це суперечило б нашій детективній професійній етиці.","На наших сложенных картах и специальных картах мы видим различные аналоговые часы, но все они сломаны и/или показывают разное время. Положиться можно только на большие цифровые часы на больнице: они показывают время в английском формате 05:30 PM, ведь уже вечер. Значит, сейчас полшестого, то есть 17:30. Конечно, можно было просто взглянуть на наши телефоны, но это противоречило бы нашей детективной профессиональной этике."
3-13,question,2,"17:30 Uhr, um diese Zeit sollte doch eigentlich die große „Spooky Horror Show“ im Festzelt starten. Aufgebracht kommt uns Ella, die älteste Tochter der vermissten Deborah Szabó, entgegen: „Die Flamingos! Welcher Vollpfosten hat die Flamingos aus dem Gehege gelassen?! Wir dachten, bei der Show geht es um Transvestiten und fiese Clowns. Egal, alle lieben Flamingos, wir helfen mal fix bei der Rückholaktion.
Frage: Wie viele Flamingos sind entwischt – und wo ist der Schlüssel für das Gehege?","17:30, at this time the big 'Spooky Horror Show' was supposed to start in the big tent. Ella, the oldest daughter of the missing Deborah Szabó, comes running up to us in a state of agitation: 'The flamingos! Which idiot let the flamingos out of their enclosure?! We thought the show was about transvestites and nasty clowns. Never mind, everyone loves flamingos, let's help quickly with the retrieval operation.'
Question: How many flamingos have escaped – and where is the key to the enclosure?","17:30, у цей час у великому наметі мало розпочатися грандіозне «Spooky Horror Show». Назустріч нам схвильовано біжить Елла, старша донька зниклої Дебори Сабо: «Фламінго! Який бовдур випустив фламінго з вольєра?! Ми ж думали, що шоу про трансвеститів і злісних клоунів. Менше з тим, усі люблять фламінго, нумо швидко допоможемо їх повернути!»
Запитання: Скільки фламінго втекло — і де знаходиться ключ від вольєра?","17:30, в это время в большом шатре должно было начаться грандиозное «Spooky Horror Show». Навстречу нам взволнованно бежит Элла, старшая дочь пропавшей Деборы Сабо: «Фламинго! Какой идиот выпустил фламинго из вольера?! Мы-то думали, что шоу про трансвеститов и злобных клоунов. Неважно, все любят фламинго, давайте быленько поможем вернуть их!»
Вопрос: Сколько фламинго сбежало — и где находится ключ от вольера?"
3-14,answer,,"Wir entdecken neun entwischte Flamingos: jeweils einen auf dem Vordach und der Spitze der Geisterbahn, hinter dem Muscle Car, neben der Hüpfburg, auf dem Dach des Autoscooters, auf dem Mast mit der grünen Kugel, auf dem Dach von „Joe's Tacos“, in der Toilette beim Haupteingang und hinter den Tierwagen. Das Tor zum Gehege steht sperrangelweit offen. Irgendwer hat den violetten Schlüssel an einem Heliumballon befestigt, der gemächlich in den Abendhimmel steigt. Wir bringen die pinken Vögel wohlbehalten zum Festzelt. Mit leichter Verspätung kann die Show beginnen. Wie es einige der flugunfähigen Zirkusflamingos überhaupt in solche Höhen geschafft haben, bleibt uns ein Rätsel.","We discover nine escaped flamingos: one each on the canopy and the top of the haunted house, behind the muscle car, next to the bouncy castle, on the roof of the bumper cars, on the mast with the green sphere, on the roof of 'Joe's Tacos', in the toilet at the main entrance, and behind the animal wagons. The gate to the enclosure stands wide open. Someone has attached the purple key to a helium balloon that is floating lazily into the evening sky. We bring the pink birds safely back to the big tent. With a slight delay, the show can begin. How some of these flightless circus flamingos managed to reach such heights in the first place remains a mystery to us.","Ми знайшли дев'ять фламінго-втікачів: по одному на навісі та даху кімнати страху, за маслкаром, поруч із батутом-замком, на даху автодрому, на щоглі з зеленою кулею, на даху «Joe's Tacos», у туалеті біля головного входу та позаду фургонів для тварин. Ворота вольєра відчинені навстіж. Хтось прив'язав фіолетовий ключ до гелієвої кульки, яка ліниво піднімається у вечірнє небо. Ми благополучно повертаємо рожевих птахів до великого намету. З невеликим запізненням шоу може розпочинатися. Як деякі з цих нелітаючих циркових фламінго взагалі примудрилися піднятися на таку висоту, залишається для нас загадкою.","Мы обнаружили девять сбежавших фламинго: по одному на козырьке и крыше комнаты страха, за масл-каром, рядом с надувным замком, на крыше автодрома, на мачте с зеленым шаром, на крыше «Joe's Tacos», в туалете у главного входа и позади фургонов для животных. Ворота вольера распахнуты настежь. Кто-то привязал фиолетовый ключ к гелиевому шарику, который лениво поднимается в вечернее небо. Мы благополучно возвращаем розовых птиц к большому шатру. С небольшой задержкой шоу может начинаться. Как некоторые из этих нелетающих цирковых фламинго вообще умудрились забраться на такую высоту, остается для нас загадкой."
3-15,question,3,"Auf wessen Konto wohl die Luftpostsendung des Schlüssels geht? Die vermeintlichen Tierschützer beteuern glaubhaft ihre Unschuld. Unser Bauchgefühl sagt uns: vierter Sabotageakt! Tatort: Flamingo-Gehege. Wir verifizieren wir dieses Bauchgefühl? Am besten mit einer zweiten Runde Pommes! Wir verspüren zwar schon ein leichtes Grummeln im Bauch, aber die „Spooky Sauce“ ist einfach zu köstlich. Kaum stiefeln wir los in Richtung Pommesbude, da fällt uns ein riesiges Graffiti in Rot und Blau ins Auge. Si-Sa-Sachbeschädigung!
Frage: Welches Graffiti ist gemeint - und wer hat es gesprüht?","Whose account does the key's airmail delivery go to? The alleged animal rights activists plausibly protest their innocence. Our gut feeling tells us: fourth act of sabotage! Crime scene: flamingo enclosure. How do we verify this gut feeling? Preferably with a second round of fries! We already feel a slight rumbling in our stomachs, but the 'Spooky Sauce' is just too delicious. No sooner do we head toward the fry stand than a huge graffiti in red and blue catches our eye. Va-Va-Vandalism!
Question: Which graffiti is meant – and who sprayed it?","Цікаво, чиїх рук справа ця «повітряна пошта» з ключем? Уявні зоозахисники переконливо доводять свою невинуватість. Наше передчуття підказує: четверта диверсія! Місце злочину: вольєр для фламінго. Як нам перевірити це передчуття? Найкраще — другою порцією картоплі фрі! У животі вже злегка бурчить, але соус «Спуки» просто неймовірно смачний. Тільки-но ми прямуємо до кіоску з картоплею фрі, як в око впадає величезне графіті в червоних та синіх тонах. Ва-ва-вандалізм!
Запитання: Про яке графіті йдеться — і хто його намалював?","Интересно, чьих рук дело эта «воздушная почта» с ключом? Мнимые зоозащитники убедительно доказывают свою невиновность. Наша интуиция подсказывает: четвертая диверсия! Место преступления: вольер для фламинго. Как нам проверить это предчувствие? Лучше всего — второй порцией картошки фри! В животе уже слегка урчит, но соус «Спуки» просто невероятно вкусен. Едва мы направляемся к ларьку с картошкой фри, как в глаза бросается огромное граффити в красных и синих тонах. Ва-ва-вандализм!
Вопрос: О каком граффити идет речь — и кто его нарисовал?"
3-16,answer,,"Vom Festzelt aus in Richtung Pommesbude sticht uns der XXL-Schriftzug „AGAB99... rilliant!“ ins Auge. Wer war’s? Beim Autoscooter tummelt sich eine junge Breakdance-Crew, die 99ers. Sie haben passende rote Spraydosen bei sich - und der Transgender-Teenager mit dem pinken Shirt hat sogar noch rote Farbe an den Fingern. Das AGAB99 dürfte also auf seine Kappe gehen. Und die blaue Ergänzung? Die verdanken wir unserem werten Kollegen beim Schießstand! Die auf Sonderkarte 34 zu sehende blaue Farbe auf seinem Hemd und die Spraydose am Boden verraten ihn. Klassisches Missverständnis. Wir zitieren die Schmierfinken zur Klärung zu uns her. Läuft.","Heading from the big tent toward the fry stand, the XXL lettering 'AGAB99... rilliant!' catches our eye. Who did it? A young breakdance crew, the 99ers, is hanging out at the bumper cars. They have matching red spray cans with them – and the transgender teenager in the pink shirt even has red paint left on his fingers. So the 'AGAB99' is probably on his account. And the blue addition? We owe that to our esteemed colleague at the shooting gallery! The blue paint on his shirt seen on special card 34 and the spray can on the ground betray him. A classic misunderstanding. We summon the graffiti artists to clear things up. Off we go.","На шляху від великого намету до кіоску з картоплею фрі в око впадає величезний напис «AGAB99... rilliant!». Хто це зробив? Біля автодрому крутиться молодіжна брейк-данс група, 99-ті. Вони мають при собі відповідні червоні балончики з фарбою, а у підлітка-трансгендера в рожевій футболці на пальцях навіть залишилася червона фарба. Отже, «AGAB99» — це явно його рук справа. А синє доповнення? Цим ми завдячуємо нашому шановному колезі з тиру! Синя фарба на його сорочці, яку видно на спеціальній карті 34, та балончик на землі видають його з потрохами. Класичне непорозуміння. Ми викликаємо художників для з'ясування ситуації. Процес пішов.","По пути от большого шатра к ларьку с картошкой фри в глаза бросается огромная надпись «AGAB99... rilliant!». Кто это сделал? У автодрома крутится молодежная брейк-данс группа, 99-ые. У них с собой подходящие красные баллончики с краской, а у подростка-трансгендера в розовой футболке на пальцах даже осталась красная краска. Так что «AGAB99» — это явно его рук дело. А синее дополнение? Этим мы обязаны нашему уважаемому коллеге из тира! Синяя краска на его рубашке, которую видно на специальной карте 34, и баллончик на земле выдают его с потрохами. Классическое недопонимание. Мы вызываем художников для разъяснения ситуации. Процесс пошел."
3-17,question,1,"Pro forma lassen wir uns noch den Inhalt des Rucksacks der Breakdance-Crew zeigen. Eine Trinkflasche, ein paar Zettel, Stifte und - nanu? - ein nagelneues Tablet, Marke superteuer! Wo kommt das denn her? Die Gruppe druckst herum, dann rückt sie mit der Sprache raus: „Das Teil hat uns vorhin so ein halbnackter Vogel mit hölzerner Tiki-Maske verkauft. Spottbillig - da konnten wir gar nicht Nein sagen!“
Frage: Wo ist die besagte Person jetzt?","As a matter of form, we have the breakdance crew show us the contents of their backpack. A water bottle, a few notes, pens and – what's this? – a brand new, super-expensive tablet! Where did that come from? The group hesitates, then spits it out: 'Some half-naked guy with a wooden Tiki mask sold it to us earlier. Dirt cheap – we just couldn't say no!'
Question: Where is this person now?","Для проформи ми просимо брейк-данс команду показати вміст їхнього рюкзака. Пляшка води, кілька папірців, ручки і — ого! — новенький, надзвичайно дорогий планшет! Звідки він узявся? Хлопці мнуться, але потім зізнаються: «Цей планшет нам щойно продав якийсь напівголий хлопець у дерев'яній масці тікі. За безцінь — ми просто не могли відмовитися!»
Запитання: Де ця людина знаходиться зараз?","Для проформы мы просим брейк-данс команду показать содержимое их рюкзака. Бутылка воды, несколько бумажек, ручки и — ого! — новенький, дорогущий планшет! Откуда он взялся? Ребята мнутся, но затем признаются: «Этот планшет нам только что продал какой-то полуголый парень в деревянной маске тики. За бесценок — мы просто не могли отказаться!»
Вопрос: Где этот человек находится сейчас?"
3-18,answer,,"Der „halbnackte Vogel“ mit der hölzernen Tiki-Maske führt gerade eine Art Schamanentanz beim Kettenkarussell auf. Als wir ihn zur Rede stellen, will er fliehen - und rennt mit dem Kopf direkt gegen den nächsten Holzmast. „Grrr, blöde Maske! Sichtfeld gleich Null.“","The 'half-naked guy' with the wooden Tiki mask is currently performing a kind of shamanic dance near the wave swinger. When we confront him, he tries to flee – and runs headfirst straight into the nearest wooden pole. 'Grrr, stupid mask! Zero field of vision.'","«Напівголий хлопець» у дерев'яній масці тікі саме виконує щось на кшталт шаманського танцю біля ланцюгової каруселі. Коли мы намагаємося його розпитати, він кидається тікати — і врізається головою прямо в найближчий дерев'яний стовп. «Гррр, дурна маска! Видимість нульова!»","«Полуголый парень» в деревянной маске тики как раз исполняет что-то вроде шаманского танца возле цепочной карусели. Когда мы пытаемся его расспросить, он бросается бежать — и врезается головой прямо в ближайший деревянный столб. «Гррр, дурацкая маска! Видимость нулевая!»"
3-19,question,1,"Stöhnend rappelt sich der Tiki-Masken-Mann wieder auf. „Okay, okay, nichts für ungut. Ich hab den Kids das Tablet verkauft - aber ist das etwa verboten? Es gibt hier so ein Spezialangebot: Two for one - zwei zum Preis von einem. Geilo! Nur: was will ich mit zwei Tablets?“
Frage: Wer bietet wo das besagte Spezialangebot an?","Groaning, the Tiki-masked man pulls himself up again. 'Okay, okay, no offense. I sold the kids the tablet – but is that forbidden? There's a special offer here: two for one – two for the price of one. Awesome! But: what do I want with two tablets?'
Question: Who offers this special deal and where?","Охаючи, чоловік у масці тікі піднімається на ноги. «Добре, добре, без образ. Я продав хлопцям планшет, але хіба це заборонено? Тут діє спецпропозиція: два за ціною одного. Круто! Тільки навіщо мені два планшети?»
Запитання: Хто і де пропонує цю спецпропозицію?","Охая, человек в маске тики поднимается на ноги. «Ладно, ладно, без обид. Я продал ребятам планшет, но разве это запрещено? Тут действует спецпредложение: два по цене одного. Крутота! Только зачем мне два планшета?»
Вопрос: Кто и где предлагает это спецпредложение?"
3-20,answer,,"Das Spezialangebot bietet der Weihnachtsmann auf dem Dach der Pizzeria an. 2 für 1, so zumindest steht es auf dem großen Banner unterhalb der Badewanne, in der der Weihnachtsmann hockt und von der aus er das Gelände des Spooky Festivals überblickt. Das Angebot erscheint zu gut, um wahr zu sein! Wir funken unseren Agenten-Kollegen „Hot Dog Man 2“ an, der immer noch dort in der Nähe an der Brüstung hängt.","The special offer is provided by the Santa Claus on the roof of the pizzeria. 2 for 1, at least that's what it says on the big banner below the bathtub where Santa is sitting and from which he overlooks the Spooky Festival grounds. The offer seems too good to be true! We radio our fellow agent 'Hot Dog Man 2', who is still hanging nearby on the railing.","Спецпропозицію пропонує Дід Мороз (Санта-Клаус) на даху піцерії. «2 за ціною 1» — так, принаймні, написано на величезному банері під ванною, в якій сидить Дід Мороз і з якої він оглядає територію Spooky Festival. Пропозиція здається занадто гарною, щоб бути правдою! Ми зв'язуємося по рації з нашим колегою-агентом «Хот-дог Мен 2», який все ще висить неподалік на поруччях.","Спецпредложение предлагает Дед Мороз (Санта-Клаус) на крыше пиццерии. «2 по цене 1» — так, по крайней мере, написано на огромном баннере под ванной, в которой сидит Дед Мороз и с которой он обозревает территорию Spooky Festival. Предложение кажется слишком хорошим, чтобы быть правдой! Мы связываемся по рации с нашим коллегой-агентом «Хот-дог Мен 2», который все еще висит неподалеку на перилах."
3-21,question,2,"„Hallöchen“, ächzt „Hot Dog Man 2“ ins Funkgerät, „Entschuldigt, bin gerade etwas außer Atem, hänge hier schon so lange rum. Und nun auch noch einarmig wegen des Funkgeräts. Worum geht’s denn - um den Weihnachtsmann? Ja, der kam mir auch schon verdächtig vor. Er bekommt hier oben alle paar Minuten Besuch von verschiedenen, ziemlich verdächtigen Personen. Die präsentieren ihm irgendwelche Tickets. Er verteilt dann Zeugs aus seinem Geschenkesack - und im Gegenzug fließt Kohle.“
Frage: Wie sehen die Tickets aus - und finden wir mindestens fünf Personen, die eines in der Hand halten?","'Hello there,' groans 'Hot Dog Man 2' into the radio, 'Sorry, I'm a bit out of breath, I've been hanging around here for so long. And now I'm one-handed because of the radio. What's it about – Santa? Yes, he seemed suspicious to me too. He gets visits up here every few minutes from various, highly suspicious people. They present him with some kind of tickets. He then hands out stuff from his sack of presents – and in return, cash flows.'
Question: What do the tickets look like – and can we find at least five people holding one in their hand?","«Привіт», — кряхтить у рацію «Хот-дог Мен 2», — «Вибачте, трохи захекався, вишу тут уже цілу вічність. А тепер ще й однією рукою тримаюся через рацію. Про що мова — про Діда Мороза? Так, він мені теж здався підозрілим. До нього сюди кожні кілька хвилин піднімаються різні каламутні особи. Вони показують йому якісь квитки. Він дістає барахло зі свого мішка з подарунками, а натомість отримує готівку».
Запитання: Як виглядають ці квитки — і чи зможемо ми знайти щонайменше п'ять осіб, які тримають такий квиток у руці?","«Приветик», — кряхтит в рацию «Хот-дог Мен 2», — «Извините, немного запыхался, вишу тут уже целую вечность. А теперь еще и одной рукой держусь из-за рации. О чем речь — о Деде Морозе? Да, он мне тоже показался подозрительным. К нему сюда каждые несколько минут поднимаются разные мутные личности. Они показывают ему какие-то билеты. Он достает барахло из своего мешка с подарками, а взамен получает наличку».
Вопрос: Как выглядят эти билеты — и сможем ли мы найти хотя бы пять человек, держащих такой билет в руке?"
3-22,answer,,"Die Tickets gleichen den großen Bannern: weißer Tannenbaum auf grünem Grund. Fünf von insgesamt sieben Personen? Ein Kinderspiel: die Frau bei der Excalibur-Challenge, der Stirnbandträger beim Mast mit der rosa Kugel, der Mann am großen Glücksrad, der Mann hinter dem Muscle Car, das Kind vorm Festzelt, der City Life Mitarbeiter vorm Kinderkarussell, die Frau auf dem Sprungturm. Wir beobachten aus sicherer Entfernung den Seiteneingang der Pizzeria, vor der zwei Türsteher den Einlass regeln. Offenbar erhalten nur Personen mit Ticket Zutritt aufs Dach. Wir fordern ein paar Standbilder der Überwachungskameras des Geländes an. Gestochen scharf, rund eine halbe Stunde alt ...","The tickets look like the large banners: a white Christmas tree on a green background. Five out of a total of seven people? A piece of cake: the woman at the Excalibur Challenge, the person with the headband near the mast with the pink sphere, the man at the big fortune wheel, the man behind the muscle car, the child in front of the big tent, the City Life employee in front of the children's carousel, the woman on the diving platform. We observe from a safe distance the side entrance of the pizzeria, where two bouncers regulate entry. Apparently, only people with a ticket get access to the roof. We request a few still images from the surveillance cameras on the grounds. Razor sharp, about half an hour old...","Квитки схожі на великі банери: біла ялинка на зеленому тлі. Знайти п'ять із семи осіб? Простіше простого: жінка біля випробування Ескалібура, хлопець із пов'язкою на голові біля щогли з рожевою кулею, чоловік біля великого колеса фортуни, чоловік за маслкаром, дитина перед великим наметом, співробітник City Life перед дитячою каруселлю, жінка на вишці для стрибків. Ми спостерігаємо з безпечної відстані за бічним входом до піцерії, де два вишибали контролюють вхід. Судячи з усього, доступ на дах отримують лише люди з квитками. Ми запитуємо кілька кадрів з камер спостереження парку. Надзвичайно чіткі знімки, зроблені приблизно півгодини тому...","Билеты похожи на большие баннеры: белая ёлочка на зеленом фоне. Найти пять из семи человек? Проще простого: женщина у испытания Эскалибура, парень с повязкой на голове у мачты с розовым шаром, мужчина у большого колеса фортуны, мужчина за масл-каром, ребенок перед большим шатром, сотрудник City Life перед детской каруселью, женщина на вышке для прыжков. Мы наблюдаем с безопасного расстояния за боковым входом в пиццерию, где два вышибалы контролируют вход. Судя по всему, доступ на крышу получают только люди с билетами. Мы запрашиваем несколько кадров с камер наблюдения парка. Четкие снимки, сделанные примерно полчаса назад..."
3-23,image,,[Bildkarte mit Überwachungsbild der Kamera SPOOKY CAM 3.23],[Surveillance image from camera SPOOKY CAM 3.23],[Зображення з камери спостереження SPOOKY CAM 3.23],[Изображение с камеры наблюдения SPOOKY CAM 3.23]
3-24,image,,[Bildkarte mit Überwachungsbild der Kamera SPOOKY CAM 3.24],[Surveillance image from camera SPOOKY CAM 3.24],[Зображення з камери спостереження SPOOKY CAM 3.24],[Изображение с камеры наблюдения SPOOKY CAM 3.24]
3-25,image,,[Bildkarte mit Überwachungsbild der Kamera SPOOKY CAM 3.25],[Image card with surveillance footage from camera SPOOKY CAM 3.25],[Картка з фотографією камери відеоспостереження SPOOKY CAM 3.25],[Карточка с фотографией камеры видеонаблюдения SPOOKY CAM 3.25]
3-26,question,2,"Um schlichten Tannenbaumverkauf wird es sich kaum handeln. Wohl eher um den organisierten Handel mit gestohlenen Waren. Hehlerei! Direkt auf dem Parkgelände und vor den Augen der Polizei? Dreist hoch zehn! Wir entscheiden uns gegen die Holzhammermethode und gesellen uns inkognito zu den Personen, die sich gerade an den Tickets für die Excalibur-Challenge versuchen. Beiläufig erwähnen wir, dass wir gerne Tickets für den Weihnachts-Mann hätten und wie sie denn an ihr Ticket gekommen seien? „Gefunden“, lautet die schlichte Antwort.
Frage: Wieso ist das gelogen?","This is hardly about a simple Christmas tree sale. It is more likely the organized trade of stolen goods. Fencing! Right on the park grounds and under the noses of the police? Bold to the power of ten! We decide against a heavy-handed approach and join, incognito, the people currently trying their hand at tickets for the Excalibur Challenge. Casually, we mention that we would like tickets for Santa and ask how they got theirs. 'Found it,' is the simple answer.
Question: Why is this a lie?","Навряд чи мова йде про просту торгівлю ялинками. Швидше, це організований збут краденого. Скупка та продаж краденого! Прямо на території парку під самим носом у поліції? Нахабство позамежне! Ми вирішуємо не діяти напролом та інкогніто приєднуємося до людей, які намагаються отримати квитки на випробування Ескалібура. Між ділом ми згадуємо, що теж не відмовилися б від квитків до Діда Мороза, і цікавимося, як вони роздобули свої. «Знайшли», — звучить проста відповідь.
Запитання: Чому це брехня?","Вряд ли речь идет о простой торговле ёлками. Скорее, это организованный сбыт краденого. Скупка и продажа краденого! Прямо на территории парка под самым носом у полиции? Наглость запредельная! Мы решаем не действовать напролом и инкогнито присоединяемся к людям, которые пытаются получить билеты на испытание Эскалибура. Между делом мы упоминаем, что тоже не отказались бы от билетов к Деду Морозу, и интересуемся, как они раздобыли свои. «Нашли», — следует простой ответ.
Вопрос: Почему это ложь?"
3-27,answer,,"Wir erkennen den Mann, der gerade das Excalibur-Schwert umklammert hält, auf dem Bild der Überwachungskamera von Sonderkarte 3.24 wieder. Das Bild auf Sonderkarte 3.25 komplettiert die Szene: Der Excalibur-Mann bekam das Ticket von einem weiteren Weihnachtsmann überreicht. Ob die Weihnachtsmänner aktiv Kundenakquise betreiben oder ob ein fester Kundenstamm auf sie zugeht, wissen wir noch nicht. Vermutlich beides.","We recognize the man currently clutching the Excalibur sword in the surveillance camera image on special card 3.24. The image on special card 3.25 completes the scene: the Excalibur man received the ticket from another Santa Claus. Whether the Santas are actively recruiting customers or if an established customer base approaches them, we don't know yet. Probably both.","Ми впізнали чоловіка, який зараз вчепився в меч Ескалібура, на знімку з камери спостереження на спеціальній карті 3.24. Кадр на спеціальній карті 3.25 доповнює картину: квиток чоловікові з мечем вручив інший Дід Мороз. Чи активно Діди Морози заманюють клієнтів, чи до них звертається постійна клієнтура, ми поки не знаємо. Швидше за все, і те, і інше.","Мы узнали мужчину, который сейчас вцепился в меч Эскалибура, на снимке с камеры наблюдения на специальной карте 3.24. Кадр на специальной карте 3.25 дополняет картину: билет мужчине с мечом вручил другой Дед Мороз. Активно ли Деды Морозы завлекают клиентов или же к ним обращается постоянная клиентура, мы пока не знаем. Скорее всего, и то, и другое."
3-28,question,3,"Wir zeigen dem Excalibur-Mann unsere Dienstmarken und verlangen Auskunft. Er zuckt erschrocken zusammen und stammelt: „Okay, okay, nichts für ungut. Ich bin doch bloß ein harmloser Kunde. Ihr wollt Tickets? Dann müsst ihr einfach nur vom Startpunkt aus den bunten Pfeilen folgen. Von Station zu Station, in der richtigen Farbfolge. Der letzte Pfeil bringt euch ans Ziel ...“ Ziemlich kryptisch, aber machbar.
Frage: Wo müssen wir hin?","We show the Excalibur man our badges and demand information. He startles in fright and stammers: 'Okay, okay, no offense. I'm just a harmless customer. You want tickets? Then you just have to follow the colored arrows from the starting point. From station to station, in the right color sequence. The last arrow will bring you to the destination...' Pretty cryptic, but doable.
Question: Where do we need to go?","Ми показуємо чоловікові з мечем наші жетони та вимагаємо пояснень. Він лякається і заїкається: «Добре, добре, без образ. Я просто звичайний покупець. Хочете квитки? Тоді вам потрібно просто йти за кольоровими стрілками від початкової точки. Від станції до станції, у правильній послідовності кольорів. Остання стрілка приведе вас до цілі...» Досить загадково, але виконати можна.
Запитання: Куди нам потрібно йти?","Мы показываем мужчине с мечом наши жетоны и требуем объяснений. Он пугается и заикается: «Ладно, ладно, без обид. Я просто обычный покупатель. Хотите билеты? Тогда вам нужно просто идти по цветным стрелкам от начальной точки. От станции к станции, в правильной цветовой последовательности. Последняя стрелка приведет вас к цели...» Довольно загадочно, но выполнимо.
Вопрос: Куда нам нужно идти?"
3-29,answer,,"Auf Sonderkarte 3.24 sieht Norden ein Schild mit Tannenbaum, vier bunten Pfeilen und Gully-Symbol. Diesen Gully entdecken Norden und Westen beim Muscle Car wieder. Offenbar der Startpunkt für eine Schnitzeljagd? Feine Sache, das lieben wir! Wir folgen dem Schild wie folgt: Blau weist zur nächsten Station hinter dem Kettenkarussell. Von dort führt uns Gelb zum Schießstand, Grün weiter zum Haupteingang - und der dortige rote Pfeil führt uns wohin? Direkt zum rot-grünen „Win“-Zelt, das von einem respekteinflößenden Mann und seinem Hund bewacht wird.","On special card 3.24, Player North sees a sign with a Christmas tree, four colored arrows, and a manhole symbol. North and West discover this manhole again near the muscle car. Apparently the starting point for a scavenger hunt? Great stuff, we love that! We follow the sign as follows: Blue points to the next station behind the wave swinger. From there, Yellow leads us to the shooting gallery, Green further to the main entrance – and where does the red arrow there lead us? Directly to the red-and-green 'Win' tent, which is guarded by an intimidating man and his dog.","На спеціальній карті 3.24 гравець Північ бачить знак з ялинкою, чотирма кольоровими стрілками та символом каналізаційного люка. Цей люк Північ і Захід знаходять біля маслкара. Схоже, це стартова точка для квесту-пошуку? Чудово, це ми любимо! Ми йдемо за знаками: синя стрілка вказує на наступну станцію за ланцюговою каруселлю. Звідти жовта веде нас до тиру, зелена — далі до головного входу, а червона стрілка, що знаходиться там, веде нас... куди? Прямо до червоно-зеленого намету «Win», який охороняється грізним чоловіком та його собакою.","На специальной карте 3.24 игрок Север видит знак с ёлочкой, четырьмя цветными стрелками и символом канализационного люка. Этот люк Север и Запад находят около масл-кара. Похоже, это стартовая точка для квеста-поиска? Отлично, это мы любим! Мы следуем знаку: синяя стрелка указывает на следующую станцию за цепочной каруселью. Оттуда желтая ведет нас к тиру, зеленая — дальше к главному входу, а находящаяся там красная стрелка ведет нас... куда? Прямо к красно-зеленому шатру «Win», который охраняется внушительным мужчиной и его собакой."
3-30,question,3,"Wir bleiben inkognito und erbitten möglichst cool und lässig Eintritt. „Passwort?“, brummt der Mann missmutig. Äh, Passwort? Puh, keine Ahnung. Wir beginnen zu schwitzen. Der Mann wittert unsere Angst und grinst: „Relax, war nur Spaß! Ihr kommt schon rein, aber ein bisschen anstrengen müsst ihr euch schon. Seht ihr die Quadratzahlen oben am Kinderkarussell? Alle hübsch addieren. ALLE. Das Ergebnis ist das Passwort.“
Frage: Wie lautet das Ergebnis?","We stay undercover and try to enter as coolly and casually as possible. 'Password?' the man grunts sullenly. Uh, password? Phew, no idea. We start to sweat. The man senses our fear and grins: 'Relax, just kidding! You'll get in, but you'll have to put in a little effort. See the square numbers on top of the children's carousel? Add them all up. ALL of them. The result is the password.'","Ми залишаємося під прикриттям і намагаємося увійти якомога хладнокровніше та невимушено. «Пароль?», — похмуро бурчить чоловік. Е-е, пароль? Ох, поняття не маємо. Ми починаємо потіти. Чоловік відчуває наш страх і усміхається: «Розслабтеся, це просто жарт! Ви пройдете, але доведеться трохи постаратися. Бачите квадрати чисел на куполі дитячої каруселі? Додайте їх усі. ВСІ. Результат і буде паролем».
Запитання: Який результат додавання?","Мы остаемся под прикрытием и пытаемся войти как можно более хладнокровно и непринужденно. «Пароль?», — угрюмо бурчит мужчина. Э-э, пароль? Ох, понятия не имеем. Мы начинаем потеть. Мужчина чует наш страх и усмехается: «Расслабьтесь, это просто шутка! Вы пройдете, но придется немного постараться. Видите квадраты чисел на куполе детской карусели? Сложите их все. ВСЕ. Результат и будет паролем».
Вопрос: Каков результат сложения?"
3-31,answer,,"Von links nach rechts sehen wir die Zahlen 100, 1, 4, 9 und ansatzweise noch 16. Nach kurzem Rätselraten geht uns ein Licht auf - es handelt sich um eine aufsteigende Reihe aus Quadratzahlen: 1 x 1 = 1, 2 x 2 = 4, 3 x 3 = 9 usw. bis hin zu 10 x 10 = 100. Kurze Überprüfung: Die Deckenumrandung des Kinderkarussells umfasst genau zehn Felder. Wir können die Lücken also wie folgt schließen: 4 x 4 = 16, 5 x 5 = 25, 6 x 6 = 36, 7 x 7 = 49, 8 x 8 = 64, 9 x 9 = 81. Abermals den Taschenrechner gezückt: Die Summe beläuft sich auf 385. „Tretet ein!“, flötet der Mann und macht eine einladende Handbewegung.","From left to right, we see the numbers 100, 1, 4, 9, and partially 16. After some quick brainstorming, a light bulb goes off – it is an ascending sequence of square numbers: 1 x 1 = 1, 2 x 2 = 4, 3 x 3 = 9, etc., up to 10 x 10 = 100. Quick check: the ceiling border of the children's carousel comprises exactly ten fields. So we can close the gaps as follows: 4 x 4 = 16, 5 x 5 = 25, 6 x 6 = 36, 7 x 7 = 49, 8 x 8 = 64, 9 x 9 = 81. Pulling out the calculator once more: the sum is 385. 'Step inside!' the man pipes up, making an inviting gesture.","Зліва направо ми бачимо числа 100, 1, 4, 9 і натяк на 16. Після нетривалого роздуму нас осяває — це ж зростаючий ряд квадратів чисел: 1 x 1 = 1, 2 x 2 = 4, 3 x 3 = 9 і т. д. аж до 10 x 10 = 100. Швидка перевірка: купол дитячої каруселі розділений рівно на десять секторів. Отже, мы можемо заповнити пропуски: 4 x 4 = 16, 5 x 5 = 25, 6 x 6 = 36, 7 x 7 = 49, 8 x 8 = 64, 9 x 9 = 81. Знову дістаємо калькулятор: загальна сума дорівнює 385. «Заходьте!», — лагідно промовляє охоронець, роблячи запрошувальний жест.","Слева направо мы видим числа 100, 1, 4, 9 и намек на 16. После недолгого размышления нас осеняет — это же возрастающий ряд квадратов чисел: 1 x 1 = 1, 2 x 2 = 4, 3 x 3 = 9 и т. д. вплоть до 10 x 10 = 100. Быстрая проверка: купол детской карусели разделен ровно на десять секторов. Значит, мы можем заполнить пропуски: 4 x 4 = 16, 5 x 5 = 25, 6 x 6 = 36, 7 x 7 = 49, 8 x 8 = 64, 9 x 9 = 81. Снова достаем калькулятор: общая сумма равна 385. «Входите!», — слащаво произносит охранник, делая приглашающий жест."
3-32,question,2,"Im Halbdunkel des Zeltes sitzt ein weiterer Weihnachtsmann. Er mustert uns abschätzig, zuckt dann gelangweilt mit den Schultern und überreicht uns gönnerhaft einen der ominösen Tannenbaum-Flyer. „Viel Spaß damit!“ Audienz beendet, ab an die frische Luft. Jetzt, wo sich unser Fokus auf die vermeintliche Hehlerware richtet, fallen uns auf einmal die vielen Kartons überall auf, die hochschlagfestliche Fernseher, Laptops etc. beinhalten. Chapeau: Der Werbeslogan auf den Kartons is brillant! Vier englische Wörter ...
Frage: Wie lautet der Slogan?","In the semi-darkness of the tent sits another Santa Claus. He sizes us up dismissively, then shrugs boredly and condescendingly hands us one of the ominous Christmas tree flyers. 'Have fun with it!' Audience ended, off to the fresh air. Now that our focus is on the suspected stolen goods, we suddenly notice the many boxes everywhere containing high-impact TVs, laptops, etc. Chapeau: the advertising slogan on the boxes is brilliant! Four English words...
Question: What is the slogan?","У напівтемряві намету сидить ще один Дід Мороз. Він оцінююче розглядає нас, потім ліниво знизує плечима і поблажливо протягує одну з тих самих листівок із ялинкою. «Приємного відпочинку!» Аудієнція закінчена, пора на свіже повітря. Тепер, коли наша увага прикута до підозрілого краденого товару, ми раптово помічаємо всюди безліч коробок із висококласними телевізорами, ноутбуками та іншою технікою. Варто визнати: рекламний слоган на коробках просто блискучий! Чотири англійські слова...
Запитання: Як звучить слоган?","В полумраке шатра сидит еще один Дед Мороз. Он оценивающе разглядывает нас, затем лениво пожимает плечами и снисходительно протягивает одну из тех самых листовок с елкой. «Приятного отдыха!» Аудиенция окончена, пора на свежий воздух. Теперь, когда наше внимание приковано к подозрительному краденому товару, мы внезапно замечаем повсюду множество коробок с высококлассными телевизорами, ноутбуками и прочей техникой. Стоит признать: рекламный слоган на коробках просто блестящий! Четыре английских слова...
Вопрос: Как звучит слоган?"
3-33,answer,,"Wir fügen die Wortfetzen einiger Kartons zusammen: Der Slogan lautet „Christmas all year long!“. Weihnachten das ganze Jahr über - wer wünscht sich das nicht? Es wird Zeit auszuloten, welche Kreise das Hehlernetzwerk zieht. Unsere erste Anlaufstelle: Opa Walt. Er sitzt in gewohnter Manier auf dem Dach der Geisterbahn. Wir fragen ihn mit gespielt naiver Neugier, wer dort unten alles für ihn bzw. das Spooky Festival arbeitet. „Wollt ihr das wirklich wissen? Normalerweise nur eine Handvoll Leute. Aber heute ist Halloween, das ist was anderes und die Liste ist lang - da seid ihr morgen noch mit Abklappern beschäftigt.“","We piece together the word fragments from several boxes: the slogan is 'Christmas all year long!'. Christmas all year round – who wouldn't want that? It's time to find out how far this fencing network stretches. Our first port of call: Grandpa Walt. He is sitting in his usual manner on the roof of the haunted house. With feigned naive curiosity, we ask him who down there works for him or the Spooky Festival. 'Do you really want to know? Normally just a handful of people. But today is Halloween, that's different, and the list is long – you'll still be busy knocking on doors tomorrow.'","З'єднавши уривки слів з кількох коробок, ми отримуємо слоган: «Christmas all year long!» («Різдво цілий рік!»). Різдво цілий рік — хто б від такого відмовився? Пора з'ясувати, наскільки глибоко пустила коріння ця мережа збуту краденого. Наша перша мета: дідусь Уолт. Він сидить у своїй звичній манері на даху кімнати страху. Із вдаваною наївною цікавістю ми запитуємо його, хто взагалі працює на нього чи на Spooky Festival. «Ви дійсно хочете знати? Зазвичай лише жменька людей. Але сьогодні Хелловін, це зовсім інша справа, список довгий — ви і завтра ще будете обходити всіх».","Соединив обрывки слов с нескольких коробок, мы получаем слоган: «Christmas all year long!» («Рождество круглый год!»). Рождество круглый год — кто бы от такого отказался? Пора выяснить, насколько глубоко пустила корни эта сеть сбыта краденого. Наша первая цель: дедушка Уолт. Он сидит в своей привычной манере на крыше комнаты страха. С притворно наивным любопытством мы спрашиваем его, кто вообще работает на него или на Spooky Festival. «Вы действительно хотите знать? Обычно всего горстка людей. Но сегодня Хэллоуин, это совсем другое дело, список длинный — вы и завтра еще будете обходить всех»."
3-34,question,1,"Opa Walt, der alte Fuchs. Wir werden konkreter und fragen ihn, ob die Weihnachtsmänner auch zur Truppe des Spooky Festivals gehören. Er verneint: „Weihnachtsmänner, was für Weihnachtsmänner? Heute ist Halloween, verdammt!“ Wir kommen nicht umhin, die schlichte, aber bestechende Logik seiner Worte zu bestaunen. „Und jetzt entschuldigt mich, ich muss Anweisungen durchfunken.“ Mit diesen knappen Worten komplimentiert uns Walt wieder nach unten. Wir stellen uns die Gretchenfrage ...
Frage: Welche zwei Personen könnte Walt anfunken?","Grandpa Walt, the old fox. We get more specific and ask him if the Santa Clauses also belong to the Spooky Festival crew. He denies: 'Santas, what Santas? Today is Halloween, damn it!' We can't help but marvel at the simple yet compelling logic of his words. 'And now excuse me, I have to radio instructions.' With these brief words, Walt compliments us back down. We ask ourselves the crucial question...
Question: Which two people could Walt be radioing?","Дідусь Уолт — старий лис. Ми переходимо до справи і запитуємо його, чи належать Діди Морози до команди Spooky Festival. Він заперечує: «Діди Морози? Які ще Діди Морози? Сьогодні Хелловін, чорт забирай!» Ми не можемо не здивуватися простій, але переконливій логіці його слів. «А тепер вибачте, мені треба передати вказівки по рації». Цими короткими словами Уолт випроваджує нас назад донизу. І перед нами постає одвічне питання...
Запитання: Яким двом людям Уолт міг передавати вказівки по рації?","Дедушка Уолт — старый лис. Мы переходим к делу и спрашиваем его, принадлежат ли Деды Морозы к команде Spooky Festival. Он отрицает: «Деды Морозы? Какие еще Деды Морозы? Сегодня Хэллоуин, черт возьми!» Мы не можем не поразиться простой, но убедительной логике его слов. «А теперь извините, мне нужно передать указания по рации». Этими короткими словами Уолт выпроваживает нас обратно вниз. И перед нами встает извечный вопрос...
Вопрос: Каким двум людям Уолт мог передавать указания по рации?"
3-35,answer,,"Bei Opa Walt liegt ein pinkes Walkie-Talkie. Zwei Personen auf dem Gelände haben dieselben Walkie-Talkies: Zum einen die Frau im roten Kleid mit der Krone auf dem Kopf zwischen Festzelt und Hüpfburg. Zum anderen Gus - der Mann im Schweinenenkostüm, der immer noch auf dem Dach des „Fortune Teller“ Wagens lümmelt. Theoretisch könnte Walt sie beide anfunken. Das latente Grummeln in unseren Bäuchen verstärkt sich. Vielleicht hätten wir statt Pommes mit „Spooky Sauce“ doch lieber die teuren Hot Dogs mampfen sollen ...","There is a pink walkie-talkie next to Grandpa Walt. Two people on the grounds have the same walkie-talkies: first, the woman in the red dress with the crown on her head between the big tent and the bouncy castle. Second, Gus – the man in the pig costume who is still lounging on the roof of the 'Fortune Teller' wagon. Theoretically, Walt could radio both of them. The latent rumbling in our stomachs gets stronger. Perhaps we should have munched on those expensive hot dogs instead of the fries with 'Spooky Sauce'...","Біля дідуся Уолта лежить рожева рація. У двох людей на території є точно такі ж рації: по-перше, у жінки в червоній сукні та з короною на голові між великим наметом і батутом-замком. По-друге, у Гуса — чоловіка в костюмі свині, який усе ще ніжиться на даху вагончика «Fortune Teller». Теоретично Уолт міг зв'язуватися з обома. Дивне бурчання в наших животах посилюється. Можливо, варто було взяти дорогі хот-доги замість картоплі фрі з соусом «Спуки»?..","Около дедушки Уолта лежит розовая рация. У двух человек на территории есть точно такие же рации: во-первых, у женщины в красном платье и с короной на голове между большим шатром и надувным замком. Во-вторых, у Гуса — мужчины в костюме свиньи, который все еще нежится на крыше вагончика «Fortune Teller». Теоретически Уолт мог связываться с обоими. Странное урчание в наших животах усиливается. Может, стоило взять дорогие хот-доги вместо картошки фри с соусом «Спуки»?.."
3-36,question,1,"Wir wollen gerade die Frau mit der Krone ansprechen, da taucht Tick in seinem pinken Hasenkostüm auf und nimmt uns beiseite: „Das ist Jennifer. Bei der müsst ihr vorsichtig sein! Femme fatale und so, ihr wisst schon. Meine Schwester Olivia war mal kurz mit ihr zusammen. Jennifer hat sie dann eiskalt observiert. Ratet mal, mit wem sie jetzt eine Affäre hat? Mit meinem Opa! Da seid ihr baff, was? Wenn ihr mich fragt: Erbschleicherin.“ Jetzt, wo Tick es sagt: Die Verbindung zwischen Opa Walt und Jennifer hätten wir auch schon früher erahnen können. Drei weitere Indizien deuten es an.
Frage: Welche?","We are just about to approach the woman with the crown when Tick appears in his pink bunny costume and takes us aside: 'That's Jennifer. You have to be careful with her! Femme fatale and all that, you know. My sister Olivia was with her for a short time. Jennifer then observed her in cold blood. Guess who she's having an affair with now? With my grandpa! Mind-blowing, right? If you ask me: inheritance hunter.' Now that Tick mentions it: we could have guessed the connection between Grandpa Walt and Jennifer earlier. Three other clues point to it.
Question: Which ones?","Ми якраз збираємося підійти до жінки з короною, як раптом із нізвідки з'являється Тік у своєму рожевому костюмі зайця і відводить нас убік: «Це Дженніфер. З нею вам треба бути обережнішими! Фатальна жінка, ну, ви розумієте. Моя сестра Олівія колись зустрічалася з нею. А потім Дженніфер холоднокровно шпигувала за нею. І вгадайте, з ким у неї роман тепер? З моїм дідусем! Що, ошелешені? Якщо запитаєте мене — вона просто мисливиця за спадком». Раз уже Тік заговорив про це: зв'язок між дідусем Уолтом та Дженніфер можна було помітити й раніше. На нього вказують ще три докази.
Запитання: Які саме?","Мы как раз собираемся подойти к женщине с короной, как вдруг из ниоткуда появляется Тик в своем розовом костюме зайца и отводит нас в сторону: «Это Дженнифер. С ней вам нужно быть поаккуратнее! Роковая женщина, ну, вы понимаете. Моя сестра Оливия когда-то встречалась с ней. А потом Дженнифер хладнокровно шпионила за ней. И угадайте, с кем у неё роман теперь? С моим дедушкой! Челюсть отвисла, да? Если спросите меня — она просто охотница за наследством». Раз уж Тик заговорил об этом: связь между дедушкой Уолтом и Дженнифер можно было заметить и раньше. На неё указывают еще три улики.
Вопрос: Какие именно?"
3-37,answer,,"Erstens: Die beiden Turteltäubchen haben einen Koffer mit denselben Initialen bei sich. WS - für Walt Szabó. SM liest nur, wer nicht merkt, dass der Koffer bei Walt kopfüber steht. Zweitens: Jennifer trägt eine auffallend große Goldkette mit Walts Initialen um den Hals. Ein personalisiertes „Bling Bling“ als ultimatives Liebesgeschenk? Wer’s mag ... Drittens: Jennifer trägt ein elegantes rotes Kleid. Ein solches Kleid hängt auch auf der Wäscheleine hinter Opa Walt. Rot - die Farbe der Liebe und Leidenschaft.",First: the two lovebirds have a briefcase with the same initials. WS – for Walt Szabó. Only someone who doesn't notice that Walt's briefcase is upside down would read SM. Second: Jennifer wears a strikingly large gold chain with Walt's initials around her neck. A personalized 'bling-bling' as the ultimate token of love? To each their own... Third: Jennifer wears an elegant red dress. A similar dress is also hanging on the clothesline behind Grandpa Walt. Red – the color of love and passion.,"По-перше, у обох закоханих є валізи з однаковими ініціалами: WS — Уолт Сабо (Walt Szabó). Абревіатуру SM прочитає лише той, хто не помітить, що валіза біля Уолта перевернута догори дриґом. По-друге, на шиї у Дженніфер висить зухвало величезний золотий ланцюг з ініціалами Уолта. Іменна «брязкальце-прикраса» як вияв палкого кохання? На любителя... По-третє, Дженніфер одягнена в елегантну червону сукню. Точно така ж сукня сушиться на мотузці для білизни позаду дідуся Уолта. Червоний — колір кохання та пристрасті.","Во-первых, у обоих влюбленных есть чемоданы с одинаковыми инициалами: WS — Уолт Сабо (Walt Szabó). Аббревиатуру SM прочитает лишь тот, кто не заметит, что чемодан около Уолта перевернут вверх ногами. Во-вторых, на шее у Дженнифер висит вызывающе огромная золотая цепь с инициалами Уолта. Именное «цацка-украшение» как высшее проявление любви? На любителя... В-третьих, Дженнифер одета в элегантное красное платье. Точно такое же платье сушится на бельевой веревке позади дедушки Уолта. Красный — цвет любви и страсти."
3-38,question,2,"Wir schleichen uns ins große Festzelt, um Jennifer von dort aus zu beschatten. Wohin sie wohl unterwegs ist? Hinter uns ertönt donnernder Applaus von den Rängen. Scheinbar ist die „Spooky Horror Show“ ein voller Erfolg. So vernehmen wir erst spät die panischen Hilfeschreie eines Mannes, die von draußen ganz in der Nähe erschallen.
Frage: Von wem kommen die Hilfeschreie - und was ist geschehen?","We sneak into the big tent to shadow Jennifer from there. Where could she be heading? Behind us, thundering applause erupts from the stands. Apparently, the ""Spooky Horror Show"" is a complete success. Thus, we only belatedly notice the panicked cries for help from a man, echoing from outside nearby.
Question: Who is crying for help – and what has happened?","Ми прокрадаємося до великого намету, щоб звідти простежити за Дженніфер. Куди ж це вона прямує? Позаду нас із трибун лунають громові оплески. Схоже, «Spooky Horror Show» має шалений успіх. Тому ми лише згодом чуємо панічні крики про допомогу від чоловіка, які лунають ззовні зовсім поруч.
Запитання: Від кого лунають крики про допомогу — і що сталося?","Мы пробираемся в большой шатер, чтобы оттуда проследить за Дженнифер. Куда же она направляется? Позади нас с трибун раздаются громовые аплодисменты. Похоже, «Spooky Horror Show» пользуется огромным успехом. Поэтому мы лишь со временем замечаем панические крики о помощи от мужчины, раздающиеся снаружи совсем рядом.
Вопрос: От кого исходят крики о помощи — и что произошло?"
3-39,answer,,"Wir sprinten nach draußen. Neben dem Festzelt steht das große Riesenrad. Der Schrei kommt von einem männlichen Fahrgast, der sich panisch und mit letzter Kraft an der Unterseite einer Gondel festklammert. Offenbar hat sich die Verankerung gelöst und die Gondel hängt nun auf halb acht. Fünfter Sabotageakt! Tatort: Riesenrad. Die Frau des Mannes ist rund vier Meter in die Tiefe gestürzt. Zum Glück sind Sanitäter vom gegenüberliegenden Krankenhaus vor Ort und regeln die Erstversorgung. Aber ob die Feuerwehr noch rechtzeitig eintrifft, um das Sprungtuch für den Mann aufzuspannen?","We sprint outside. Next to the big tent stands the large Ferris wheel. The scream comes from a male passenger who is clinging in panic and with his last strength to the underside of a gondola. Apparently, the mounting broke loose and the gondola is now hanging lopsidedly. Fifth act of sabotage! Crime scene: Ferris wheel. The man's wife has plunged about four meters to the ground. Fortunately, paramedics from the hospital opposite are on site and handle the initial treatment. But will the fire department arrive in time to stretch the rescue sheet for the man?","Ми вибігаємо назовні. Поруч із наметом височіє колесо огляду. Крик лунає від пасажира, який у паніці з останніх сил чіпляється за днище гондоли. Очевидно, кріплення обірвалося, і гондола тепер висить набакир. П'ята диверсія! Місце злочину: колесо огляду. Дружина цього чоловіка зірвалася вниз із висоти близько чотирьох метрів. На щастя, медики з лікарні навпроти вже на місці та надають першу допомогу. Але чи встигне пожежна команда приїхати вчасно, щоб натягнути рятувальний тент для чоловіка?","Мы выбегаем наружу. Рядом с шатром высится колесо обозрения. Крик исходит от пассажира, который в панике из последних сил цепляется за днище гондолы. Очевидно, крепление оборвалось, и гондола теперь висит набекрень. Пятая диверсия! Место преступления: колесо обозрения. Жена этого мужчины сорвалась вниз с высоты около четырех метров. К счастью, медики из больницы напротив уже на месте и оказывают первую помощь. Но успеет ли пожарная команда приехать вовремя, чтобы натянуть спасательный тент для мужчины?"
3-40,story,,"Mit schmerzverzerrtem Gesicht wird die Frau abtransportiert: „Wir wollten doch einfach nur die Vergangenheit hinter uns lassen. Karma is a bitch ...“ Die Frau spricht in Rätseln, dann schreit sie lauthals: „Jerry, Jeeerry!“ Der noch immer an der Gondel hängende Mann ruft: „Sheila mein Schatz, ich komme gleich nach!“ Mit diesem Vorfall erreicht die Sabotage eine neue Eskalationsstufe! Hauptkommissar Jenkins hat definitiv nicht übertrieben mit seiner Sorge vor weiteren Zwischenfällen. Dazu das Verschwinden von Deborah Szabó und das dreiste Vorgehen der Hehlerbande. Zweifellos: Die Lage spitzt sich zu ...","With her face contorted in pain, the woman is carried away: 'We just wanted to leave the past behind us. Karma is a bitch...' The woman speaks in riddles, then screams loudly: 'Jerry, Jeeeeerry!' The man still hanging from the gondola calls out: 'Sheila my darling, I'll be right behind you!' With this incident, the sabotage reaches a new level of escalation! Chief Inspector Jenkins definitely did not exaggerate with his concern about further incidents. Add to that the disappearance of Deborah Szabó and the bold operations of the fencing ring. No doubt: the situation is coming to a head...","Із викривленим від болю обличчям жінку забирають на ношах: «Ми просто хотіли залишити минуле позаду. Карма — ще та стерва...» Жінка говорить загадками, а потім несамовито кричить: «Джеррі, Дже-е-еррі!» Чоловік, який усе ще висить на гондолі, відгукується: «Шейла, люба, я зараз!» З цією подією диверсії виходять на новий рівень! Головний комісар Дженкінс точно не перебільшував свої побоювання. На додачу до зникнення Дебори Сабо та зухвалих дій скуповувачів краденого... Сумнівів немає: ситуація загострюється до межі...","С искаженным от боли лицом женщину уносят на носилках: «Мы просто хотели оставить прошлое позади. Карма — та еще стерва...» Женщина говорит загадками, а затем истошно кричит: «Джерри, Дже-е-ерри!» Мужчина, все еще висящий на гондоле, отзывается: «Шейла, дорогая, я сейчас!» С этим происшествием саботаж выходит на новый уровень! Главный комиссар Дженкинс определенно не преувеличивал свои опасения. Вдобавок к исчезновению Деборы Сабо и дерзким действиям скупщиков краденого... Сомнений нет: ситуация накаляется до предела..."
4-1,early,,"Wir befinden uns als verdecktes Ermittlungsteam auf dem Gelände des Spooky Festivals, um eine Serie von Sabotageakten aufzuklären. Obendrein müssen wir die Sicherheit am heutigen Halloween-Abend - dem einzigen gut besuchten Event des Jahres - gewährleisten. Ein Brandanschlag auf das Kinderkarussell konnten wir in letzter Sekunde vereiteln, zerstörte Toiletten und Brechmittel im Slush-Eis leider nicht. Deborah Szabó, die leitende Geschäftsführerin des Parks, wird seit zwei Tagen vermisst. Eine Investorengruppe und die Hafengesellschaft wollen sich das Parkgelände unter den Nagel reißen. Aber Patriarch Walt Szabó lehnt trotz guter Angebote entschieden ab. Obendrein sind wir einer organisierten Hehlerbande auf der Spur. Witzig geht anders!","We are an undercover investigative team on the grounds of the Spooky Festival, trying to solve a series of sabotage acts. On top of that, we must ensure safety on tonight's Halloween evening – the only well-attended event of the year. We managed to prevent an arson attack on the children's carousel at the last second, but unfortunately not the destroyed toilets and the emetic in the slush ice. Deborah Szabó, the managing director of the park, has been missing for two days. An investor group and the port authority want to grab the park grounds. But patriarch Walt Szabó flatly refuses despite good offers. In addition, we are on the trail of an organized fencing ring. Far from funny!","Ми перебуваємо на території Spooky Festival як секретний спецпідрозділ під прикриттям, намагаючись розкрити серію диверсій. Крім того, ми маємо гарантувати безпеку в сьогоднішній вечір Хелловіну — єдину багатолюдну подію в році. Нам вдалося в останню секунду запобігти підпалу дитячої каруселі, але, на жаль, не руйнуванню туалетів та додаванню блювотного засобу в слаш-айс. Дебора Сабо, керуюча директорка парку, зникла безвісти два дні тому. Група інвесторів та портова компанія хочуть прибрати до рук територію парку. Але патріарх Уолт Сабо навідріз відмовляється продавати землю, незважаючи на щедрі пропозиції. На додачу ми вийшли на слід організованої банди скуповувачів краденого. Веселощами тут і не пахне!","Мы находимся на территории Spooky Festival в качестве секретного спецподразделения под прикрытием, пытаясь раскрыть серию диверсий. Кроме того, мы должны обеспечить безопасность в сегодняшний вечер Хэллоуина — единственное многолюдное событие в году. Нам удалось в последнюю секунду предотвратить поджог детской карусели, но, к сожалению, не разрушение туалетов и добавление рвотного средства в слаш-айс. Дебора Сабо, управляющий директор парка, пропала без вести два дня назад. Группа инвесторов и портовая компания хотят прибрать к рукам территорию парка. Но патриарх Уолт Сабо наотрез отказывается продавать землю, несмотря на щедрые предложения. Вдобавок мы вышли на след организованной банды скупщиков краденого. Весельем тут и не пахнет!"
4-2,question,3,"Der Vorfall mit der Riesenradgondel, die sich durch Sabotage aus der Verankerung gelöst hat und nun auf halb acht hängt, bereitet uns große Sorge. Wie weit sind der oder die Täter*innen noch bereit zu gehen? Vielleicht sollte der Halloween-Abend doch besser abgebrochen und das Gelände geräumt werden. Unser Einsatzleiter, Hauptkommissar Jenkins, ist dagegen: „Anordnung der Bürgermeisterin: Hier läuft alles weiter wie gehabt. Nur das Riesenrad nicht.“ Scherzkeks.
Frage: Wie viele noch nutzbare Sitzplätze bietet das Riesenrad aktuell? Sonderkarten nicht vergessen!","The incident with the Ferris wheel gondola, which detached from its mounting due to sabotage and is now hanging lopsidedly, causes us great concern. How much further are the culprits prepared to go? Perhaps the Halloween evening should be canceled and the grounds evacuated after all. Our mission leader, Chief Inspector Jenkins, disagrees: 'Mayor's order: everything here continues as usual. Except for the Ferris wheel.' Wise guy.
Question: How many usable seats does the Ferris wheel currently offer? Don't forget special cards!","Інцидент із гондолою колеса огляду, яка зірвалася з кріплень через диверсію і тепер висить набакир, викликає у нас величезну тривогу. Як далеко готові зайти зловмисники? Можливо, варто перервати Хелловін та евакуювати територію? Наш керівник, головний комісар Дженкінс, проти: «Наказ мера: все продовжується у звичайному режимі. Крім колеса огляду». Жартівник.
Запитання: Скільки придатних для використання посадочних місць зараз на колесі огляду? Не забудьте про спеціальні карти!","Инцидент с гондолой колеса обозрения, которая сорвалась с креплений из-за диверсии и теперь висит набекрень, вызывает у нас огромную тревогу. Как далеко готовы зайти злоумышленники? Возможно, стоит прервать Хэллоуин и эвакуировать территорию? Наш руководитель, главный комиссар Дженкинс, против: «Приказ мэра: все продолжается в обычном режиме. Кроме колеса обозрения». Шутник.
Вопрос: Сколько пригодных для использования посадочных мест сейчас на колесе обозрения? Не забудьте про специальные карты!"
4-3,answer,,"Das alte Riesenrad verfügt theoretisch über zwölf Gondeln für jeweils zwei Personen, hat also 24 Sitzplätze. Allerdings sehen wir auf Sonderkarte 3.23, dass eine Gondel gesperrt ist und eine komplett fehlt. Dazu kommt noch die neuerdings auf halb acht hängende Unglücksgondel. Das Riesenrad bietet aktuell also nur noch 18 Sitzplätze. Trotz geringer Auslastung zieht sich die Evakuierung in die Länge. Off-topic: Das flaue Gefühl in unseren Bäuchen wird immer schlimmer - hätten wir vorhin bloß nicht so übertrieben viele Pommes mit der grünen „Spooky Sauce“ gefuttert. Uns wird schummrig und leicht schwindelig.","The old Ferris wheel theoretically has twelve gondolas for two people each, so 24 seats. However, on special card 3.23 we see that one gondola is blocked and one is completely missing. Add to that the newly lopsidedly hanging accident gondola. So the Ferris wheel currently offers only 18 seats. Despite low occupancy, the evacuation is dragging on. Off-topic: the uneasy feeling in our stomachs is getting worse – if only we hadn't stuffed ourselves with so many fries and green 'Spooky Sauce' earlier. We feel dizzy and slightly lightheaded.","Теоретично старе колесо огляду має дванадцять гондол на двох осіб кожна, тобто 24 посадочних місця. Однак на спеціальній карті 3.23 ми бачимо, що одна гондола заблокована, а ще одна взагалі відсутня. Додайте до цього аварійну гондолу, яка тепер висить набакир. Таким чином, зараз колесо огляду пропонує лише 18 місць. Незважаючи на невелику кількість людей, евакуація затягується. Офтоп: неприємне бурчання в наших животах посилюється — дарма ми з'їли стільки картоплі фрі під зеленим соусом «Спуки». Нам стає млосно, голова злегка паморочиться.","Теоретически старое колесо обозрения имеет двенадцать гондол на двух человек каждая, то есть 24 посадочных места. Однако на специальной карте 3.23 мы видим, что одна гондола заблокирована, а еще одна вообще отсутствует. Добавьте к этому аварийную гондолу, которая теперь висит набекрень. Таким образом, сейчас колесо обозрения предлагает всего 18 мест. Несмотря на небольшое количество людей, эвакуация затягивается. Оффтоп: неприятное урчание в наших животах становится все сильнее — зря мы слопали столько картошки фри под зеленым соусом «Спуки». Нам становится дурно, голова слегка кружится."
4-4,question,1,"Der Aufruhr um den Vorfall am Riesenrad hält sich aufgrund des allgemeinen Gewimmels und der festlichen Geräuschkulisse in Grenzen. Die meisten Leute haben schlicht nichts mitbekommen. Ella, die älteste Tochter der vermissten Geschäftsführerin Deborah Szabó, mahnt die direkt umstehenden Personen, sich zu beruhigen: „Zen, liebe Leute, Zen! Spaziert einfach mal ein bisschen umher und zählt die Steine unserer hübschen Türmchen. Das beruhigt und entspannt - ihr werdet sehen!“ Wer's glaubt ...
Frage: Wie viele Steine umfassen die vier Türmchen insgesamt?","The commotion surrounding the incident on the Ferris wheel remains limited due to the general bustle and festive background noise. Most people simply didn't notice anything. Ella, the eldest daughter of the missing managing director Deborah Szabó, urges the directly standing people to calm down: 'Zen, dear people, Zen! Just walk around a bit and count the stones of our pretty little towers. That calms and relaxes – you'll see!' Who believes that...
Question: How many stones do the four little towers comprise in total?","Галас навколо події на колесі огляду швидко вщух через загальну метушню та святковий шум навколо. Більшість людей просто нічого не помітили. Елла, старша донька зниклої управительки Дебори Сабо, закликає присутніх заспокоїтися: «Дзен, дорогі мої, дзен! Просто прогуляєтеся трохи парком і порахуєте камінці в наших миліших башточках. Це заспокоює і розслабляє — ось побачите!» Хто б сумнівався...
Запитання: Скільки всього камінців у цих чотирьох башточках?","Шумиха вокруг происшествия на колесе обозрения быстро улеглась из-за общей суеты и праздничного шума вокруг. Большинство людей просто ничего не заметили. Элла, старшая дочь пропавшей управляющей Деборы Сабо, призывает собравшихся успокоиться: «Дзен, дорогие мои, дзен! Просто прогуляйтесь немного по парку и посчитайте камушки в наших милых башенках. Это успокаивает и расслабляет — вот увидите!» Кто бы сомневался...
Вопрос: Сколько всего камней в этих четырех башенках?"
4-5,answer,,"Ein Türmchen steht bei der Excalibur-Challenge (10 Steine), einer neben dem Sprungturm (10 Steine), einer vorm Haupteingang (13 Steine) und einer hinter der Hüpfburg (11 Steine). Summa summarum zählen wir also 44 Steine. So abstrus uns Ellas Vorschlag zunächst erschien: Mental gestärkt wenden wir uns wieder unserer eigentlichen Mission zu. Wenn bloß das blöde Schwindelgefühl nicht wäre ... In Sachen Riesenrad können wir momentan nichts weiter ausrichten. Aber der Hehlerbande sollten wir dringend das Handwerk legen!","One little tower stands at the Excalibur Challenge (10 stones), one next to the diving platform (10 stones), one in front of the main entrance (13 stones), and one behind the bouncy castle (11 stones). All in all, we count 44 stones. As absurd as Ella's suggestion seemed to us at first: mentally fortified, we turn back to our actual mission. If only that stupid dizziness would go away... We can't do anything else about the Ferris wheel at the moment. But we urgently need to stop that fencing ring!","Одна башточка стоїть біля випробування Ескалібура (10 камінців), інша — поруч із вишкою для стрибків (10 камінців), третя — перед головним входом (13 камінців), четверта — за батутом-замком (11 камінців). Разом ми нарахували 44 камінці. Якою б абсурдною не здавалася спочатку пропозиція Елли, ми зміцнили свій дух і повертаємося до нашої головної місії. Якби тільки це дурне запаморочення припинилося... З колесом огляду ми зараз нічого вдіяти не можемо, але от банду скуповувачів краденого притиснути треба терміново!","Одна башенка стоит у испытания Эскалибура (10 камней), другая — рядом с вышкой для прыжков (10 камней), третья — перед главным входом (13 камней), четвертая — за надувным замком (11 камней). Итого мы насчитали 44 камня. Каким бы абсурдным ни казалось поначалу предложение Эллы, мы укрепили свой дух и возвращаемся к нашей главной миссии. Если бы только это дурацкое головокружение прекратилось... С колесом обозрения мы сейчас ничего поделать не можем, но вот банду скупщиков краденого прижать нужно срочно!"
4-6,question,2,"Was wir bereits über die Hehlerbande herausgefunden haben: Der Ablauf ist gut organisiert. Ein Weihnachtsmann im rot-grünen „Win“-Zelt am Haupteingang verteilt grüne Tickets, mit denen potenzielle Käuferinnen und Käufer an zwei Türstehern der Pizzeria vorbeikommen, um oben auf dem Dach beim Badewannen-Weihnachtsmann supergünstig Fernseher, Tablets etc. zu erstehen. Opa Walt weiß angeblich von nichts. Wir gehen auf Jennifer, seine junge Geliebte mit dem roten Kleid und der Krone auf dem Kopf, zu. Auch sie beteuert, nichts von den Weihnachtsmännern zu wissen.
Frage: Können wir ihr glauben?","What we have already found out about the fencing ring: the process is well organized. A Santa Claus in the red-green 'Win' tent at the main entrance distributes green tickets, with which potential buyers get past two bouncers at the pizzeria to buy cheap TVs, tablets, etc., from the bathtub Santa up on the roof. Grandpa Walt supposedly knows nothing. We approach Jennifer, his young lover with the red dress and the crown on her head. She also claims to know nothing about the Santa Clauses.
Question: Can we believe her?","Що ми вже встигли дізнатися про банду скуповувачів краденого: схема чудово організована. Дід Мороз у червоно-зеленому наметі «Win» біля головного входу роздає зелені квитки, за якими потенційні покупці проходять повз двох вишибал у піцерії, щоб потім на даху купити у Діда Мороза у ванні дешеві телевізори, планшети тощо. Дідусь Уолт стверджує, ніби нічого про це не знає. Ми підходимо до Дженніфер, його молодої коханої в червоній сукні та з короною на голові. Вона теж клянеться, що нічого не знає про Дідів Морозів.
Запитання: Чи можемо ми їй вірити?","Что мы уже успели узнать о банде скупщиков краденого: схема отлично организована. Дед Мороз в красно-зеленом шатре «Win» у главного входа раздает зеленые билеты, по которым потенциальные покупатели проходят мимо двух вышибал у пиццерии, чтобы затем на крыше купить у Деда Мороза в ванне дешевые телевизоры, планшеты и прочее. Дедушка Уолт утверждает, будто ничего об этом не знает. Мы подходим к Дженнифер, его молодой возлюбленной в красном платье и с короной на голове. Она тоже клянется, что ничего не знает о Дедах Морозах.
Вопрос: Можем ли мы ей верить?"
4-7,answer,,"Nein, Jennifer lügt: Auf Sonderkarte 3.23, dem Bild einer Überwachungskamera, das circa eine halbe Stunde alt ist, sehen wir sie frohgemut im Riesenrad sitzen. In den Händen hält sie eines der grünen Tickets der Hehlerbande. Erprobte Ermittlungstaktik: Wir bleiben cool und tun so, als würden wir ihrer Aussage Glauben schenken.","No, Jennifer is lying: on special card 3.23, which shows a surveillance camera image from about half an hour ago, we see her sitting happily in the Ferris wheel. In her hands, she is holding one of the green tickets from the fencing ring. Proven investigative tactic: we stay cool and pretend to believe her statement.","Ні, Дженніфер бреше: на спеціальній карті 3.23, на знімку з камери спостереження півгодинної давнини, ми бачимо, як вона весело сидить у гондолі колеса огляду. В руках вона тримає один із зелених квитків банди скуповувачів. Перевірена тактика розслідування: ми зберігаємо спокій і вдаємо, ніби повірили її словам.","Нет, Дженнифер врет: на специальной карте 3.23, на снимке с камеры наблюдения получасовой давности, мы видим, как она весело сидит в гондоле колеса обозрения. В руках она держит один из зеленых билетов банды скупщиков. Проверенная тактика расследования: мы сохраняем хладнокровие и делаем вид, будто поверили её словам."
4-8,question,2,"Jennifer entschuldigt sich: „Ich muss weiter. Viel zu tun heute ...“ Wir verabschieden uns höflich - und folgen ihr heimlich. Aus ihrem pinken Funkgerät ertönt die Stimme von Gus: „Hey Jen, sind die Bullen weg? Sehr gut. Dann bitte ab in den Keller, Sektor Badewanne braucht Nachschub!“ Jennifer steuert einen Seiteneingang der Geisterbahn an und verschwindet im Inneren. Oh nein, ausgerechnet die Geisterbahn, unser phobischer Endgegner! Die Luke des Seiteneingangs ist unverschlossen. Wir richten unseren Blick nach oben.
Frage: Wo finden wir noch eine identische Luke?","Jennifer apologizes: 'I have to go. Lots to do today...' We say goodbye politely – and secretly follow her. From her pink walkie-talkie comes the voice of Gus: 'Hey Jen, are the cops gone? Very well. Then head to the basement, bathtub sector needs supplies!' Jennifer heads towards a side entrance of the haunted house and disappears inside. Oh no, of all places, the haunted house, our phobic ultimate boss! The hatch of the side entrance is unlocked. We look up.
Question: Where else can we find an identical hatch?","Дженніфер вибачається: «Мені пора. Сьогодні багато справ...» Ми ввічливо прощаємося — і таємно йдемо за за нею. З її рожевої рації лунає голос Гуса: «Гей, Джен, копи пішли? Чудово. Тоді швидко в підвал, сектору Ванна потрібне поповнення!» Дженніфер прямує до бічного входу в кімнату страху і зникає всередині. О ні, тільки не кімната страху — наш головний фобічний кошмар! Люк бічного входу не замкнений. Ми спрямовуємо наш погляд вгору.
Запитання: Де ще ми можемо знайти точно такий же люк?","Дженнифер извиняется: «Мне пора. Сегодня много дел...» Мы вежливо прощаемся — и тайно следуем за ней. Из ее розовой рации раздается голос Гуса: «Эй, Джен, копы ушли? Отлично. Тогда быстро в подвал, сектору Ванна нужно пополнение!» Дженнифер направляется к боковому входу в комнату страха и скрывается внутри. О нет, только не комната страха — наш главный фобический кошмар! Люк бокового входа не заперт. Мы направляем наш взгляд вверх.
Вопрос: Где еще мы можем найти точно такой же люк?"
4-9,answer,,"Die Luke des Seiteneingangs hat ein rotes Drehrad. Die einzige andere Luke mit rotem Drehrad ist die auf dem Wasserturm. Liebend gern würden wir uns noch weiter mit trivialen Rätselfragen ablenken, um die Geisterbahn nicht betreten zu müssen. Aber es nützt nichts – wir müssen Jennifer hinterher. Die Truppe der fünf in Hot Dog Kostümen steckenden Spezialagenten würde uns auslachen. Also los! Gebannt und Händchen haltend betreten wir das Gebäude ...","The hatch of the side entrance has a red handwheel. The only other hatch with a red handwheel is the one on the water tower. We would love to keep distracting ourselves with trivial riddle questions so as not to have to enter the haunted house. But it's no use – we have to go after Jennifer. The squad of five special agents in hot dog costumes would laugh at us. So let's go! Spellbound and holding hands, we enter the building...","Люк бокового входу має червоне поворотне колесо. Єдиний інший люк із червоним колесом розташований на водонапірній вежі. Ми б із величезним задоволенням продовжували відволікатися на банальні загадки, аби лише не заходити в кімнату страху. Але робити нічого — ми маємо йти за Дженніфер. П'ятірка наших спецагентів у костюмах хот-догів просто засміяла б нас. Тож уперед! Затамувавши подих і тримаючись за руки, ми заходимо всередину...","Люк бокового входа имеет красное поворотное колесо. Единственный другой люк с красным колесом находится на водонапорной башне. Мы бы с превеликим удовольствием продолжили отвлекаться на банальные загадки, лишь бы не заходить в комнату страха. Но делать нечего — мы должны идти за Дженнифер. Пятерка наших спецагентов в костюмах хот-догов просто засмеяла бы нас. Так что вперед! Затаив дыхание и держась за руки, мы заходим внутрь..."
4-10,question,3,"Natürlich rechnen wir mit dem Schlimmsten: dunkle Gänge, Gespenster, Hexen. Doch siehe da: Das Erdgeschoss ist nichts weiter als ... ein Spiegellabyrinth! Wir atmen erleichtert auf. Das sollten wir doch hinbekommen!
Frage: Wohin ist Jennifer entschwunden – und wie verläuft die kürzeste Route (geradeaus, links, rechts), um dorthin zu gelangen?","Naturally, we expect the worst: dark corridors, ghosts, witches. But lo and behold: the ground floor is nothing more than ... a mirror maze! We breathe a sigh of relief. We should be able to handle that!
Question: Where has Jennifer vanished to – and what is the shortest route (straight ahead, left, right) to get there?","Звісно, ми готуємося до найгіршого: темні коридори, привиди, відьми. Але погляньте-но: весь перший поверх — це не що інше, як... дзеркальний лабіринт! Ми зітхаємо з полегшенням. Із цим ми точно впораємося!
Запитання: Куди зникла Дженніфер і як виглядає найкоротший шлях (прямо, ліворуч, праворуч), щоб дістатися туди?","Конечно, мы готовимся к самому худшему: темные коридоры, привидения, ведьмы. Но посмотрите-ка: весь первый этаж — это не что иное, как... зеркальный лабиринт! Мы вздыхаем с облегчением. С этим-то мы уж точно справимся!
Вопрос: Куда исчезла Дженнифер и как выглядит кратчайший путь (прямо, налево, направо), чтобы добраться туда?"
4-11,answer,,"Auf allen vier Faltplänen und auf Sonderkarte 3.25 sehen wir Fragmente eines Plans des Spiegellabyrinths. Diese Informationen fügen wir verbal zu einem großen Ganzzen zusammen und wissen nun, welche Schritte wir nehmen müssen, um Jennifer in den „Keller“ zu folgen, wie Gus es per Funkgerät angeordnet hat: Links, rechts, geradeaus, geradeaus, rechts. Die Gänge sind äußerst schmal. Musste ja so kommen. Wir sind nämlich nicht nur schreckhaft, sondern auch klaustrophobisch ...","On all four folding maps and on special card 3.25, we see fragments of a plan of the mirror maze. We verbally piece this information together into a big picture and now know which steps we need to take to follow Jennifer into the 'basement,' as Gus ordered via walkie-talkie: left, right, straight ahead, straight ahead, right. The corridors are extremely narrow. It had to be this way. Not only are we easily startled, but we are also claustrophobic...","На всіх чотирьох складених картах та на спеціальній карті 3.25 ми бачимо фрагменти схеми дзеркального лабіринту. Ми подумки об'єднуємо ці частини в єдине ціле і тепер знаємо, які кроки потрібно зробити, щоб піти за Дженніфер у «підвал», як скомандував Гус по рації: ліворуч, праворуч, прямо, прямо, праворуч. Проходи надзвичайно вузькі. Ну звісно, як завжди! Адже ми не тільки лякливі, а й страждаємо на клаустрофобію...","На всех четырех сложенных картах и на специальной карте 3.25 мы видим фрагменты схемы зеркального лабиринта. Мы мысленно объединяем эти части в единое целое и теперь знаем, какие шаги нужно предпринять, чтобы последовать за Дженнифер в «подвал», как скомандовал Гус по рации: налево, направо, прямо, прямо, направо. Проходы чрезвычайно узкие. Ну конечно, как всегда! Ведь мы не только пугливые, но и страдаем клаустрофобией..."
4-12,question,3,"Angespannt arbeiten wir uns voran. Obendrein weichen unsere Schwindelgefühle langsam, aber sicher einer Art Rauschzustand: Alles um uns herum verliert an Kontur, die Farbwahrnehmung wird intensiver. Mit geweiteten Pupillen erreichen wir eine verschlossene, alarmgesicherte Panzertür, hinter der sich laut Plan die Kellertreppe befindet. Ironischerweise wird die hochmoderne Tür von einem altmodischen, vierstelligen Zahlenschloss gesichert, über dem ein Halloween-Kürbis-Symbol prangt. Wir haben nur einen Versuch, sonst geht der Alarm los.
Frage: Wie lautet die Code für das Zahlenschloss?","Tensely, we work our way forward. On top of that, our feelings of dizziness slowly but surely give way to a kind of intoxication: everything around us loses contour, color perception becomes more intense. With dilated pupils, we reach a locked, alarm-secured armored door, behind which, according to the map, the cellar stairs are located. Ironically, the state-of-the-art door is secured by an old-fashioned, four-digit combination lock, above which is a Halloween pumpkin symbol. We only have one try, otherwise the alarm will go off.
Question: What is the code for the combination lock?","Напружено ми просуваємося вперед. На додачу до цього наше запаморочення повільно, але впевнено поступається місцем стану, схожому на наркотичне сп'яніння: все навколо втрачає чіткість, кольори стають яскравішими. З розширеними зіницями ми підходимо до замкнених броньованих дверей на сигналізації, за якими, згідно з планом, розташовані сходи в підвал. За іронією долі, ці сучасні двері захищені старомодним чотиризначним кодовим замком, над яким красується символ хелловінського гарбуза. У нас тільки одна спроба, інакше спрацює сигналізація.
Запитання: Який код від замка?","Напряженно мы продвигаемся вперед. Вдобавок к этому наше головокружение медленно, но верно уступает место состоянию, похожему на наркотическое опьянение: всё вокруг теряет очертания, цвета становятся ярче. С расширенными зрачками мы подходим к запертой бронированной двери на сигнализации, за которой, согласно плану, находится лестница в подвал. По иронии судьбы, эта современная дверь защищена старомодным четырехзначным кодовым замком, над которым красуется символ хэллоуинской тыквы. У нас только одна попытка, иначе сработает сигнализация.
Вопрос: Каков код от замка?"
4-13,answer,,"An einige der großen Halloween-Kürbisse auf dem Gelände sind Zettel mit Nummern gepinnt – wahrscheinlich handelt es sich um Daten in englischer Schreibweise. Vierstellig sind: 10/31 (Halloween), 12/24 und 12/25 (Weihnachten) und 12/31 (Silvester). Wir sind kurz geneigt, es mit einem der beiden Weihnachts-Daten zu versuchen – scheint schließlich das Motto der Hehlerbande zu sein. Aber mit welchem von beiden? Das Kürbis-Symbol über dem Zahlenschloss stimmt uns schließlich um: Der richtige Code lautet 1031. Zack – eingetippt, Tür auf, Treppe runter ...","Pinned to some of the large Halloween pumpkins on the grounds are notes with numbers – probably dates in English notation. Four-digit ones are: 10/31 (Halloween), 12/24 and 12/25 (Christmas), and 12/31 (New Year's Eve). We are briefly tempted to try one of the two Christmas dates – after all, it seems to be the motto of the smuggling ring. But which of the two? The pumpkin symbol above the combination lock finally changes our mind: the correct code is 1031. Bam – typed in, door open, down the stairs...","На деяких великих хелловінських гарбузах на території парку приколоті записки з номерами — ймовірно, це дати в англійському форматі. Чотиризначні з них: 10/31 (Хелловін), 12/24 і 12/25 (Різдво) та 12/31 (Новий рік). Спочатку ми думаємо спробувати одну з різдвяних дат — зрештою, це девіз банди контрабандистів. Але яку саме? Символ гарбуза над замком у підсумку переважає: правильний код — 1031. Бац — ввели, двері відчинилися, спускаємося сходами...","На некоторых крупных хэллоуинских тыквах на территории парка приколоты записки с номерами — вероятно, это даты в английском формате. Четырехзначные из них: 10/31 (Хэллоуин), 12/24 и 12/25 (Рождество) и 12/31 (Новый год). Сначала мы думаем попробовать одну из рождественских дат — в конце концов, это девиз банды контрабандистов. Но какую именно? Символ тыквы над замком в итоге перевешивает: правильный код — 1031. Бац — ввели, дверь открылась, спускаемся по лестнице..."
4-14,image,,[Bildkarte mit einem Gabelstapler und Kisten im Kellergewölbe],[Image card showing a forklift and boxes in the basement vault],[Зображення автонавантажувача та ящиків у підвальному приміщенні],[Изображение автопогрузчика и ящиков в подвальном помещении]
4-15,question,1,"Kaum sind wir unten, hören wir Schritte. Wir hechten in eine dunkle Ecke und beobachten, wie Jennifer ihren nun offensichtlich schwer beladenen Rollkoffer die Treppe hochschleppt. Als sie weg ist, sehen wir uns in Ruhe um. Der blanke Wahnsinn! Das Gelände des Spooky Festivals is komplett unterhöhlt – hier unten lagern riesige Mengen an Hehlerware. Zeug im Wert von mehreren hunderttausend Euro! Palettenweise Markenklamotten, Technikgeräte, ein Gabelstapler für die Logistik. Wie lange dieses Depot wohl schon existiert und welche Kreise das Netzwerk zieht?
Frage: Wo kommen die Produkte her?","As soon as we are downstairs, we hear footsteps. We dive into a dark corner and watch Jennifer lugging her now obviously heavily loaded wheeled suitcase up the stairs. Once she is gone, we look around in peace. Total madness! The grounds of the Spooky Festival are completely hollowed out – huge amounts of smuggled goods are stored down here. Stuff worth several hundred thousand euros! Pallets of brand-name clothing, technology devices, a forklift for logistics. How long has this depot existed, and how far does the network reach?
Question: Where do the products come from?","Щойно спустившись, ми чуємо кроки. Ми ховаємося в темний куток і спостерігаємо, як Дженніфер тягне вгору сходами свою явно важко навантажену валізу на коліщатках. Коли вона йде, ми оглядаємося в тиші. Справжнє божевілля! Вся територія Spooky Festival буквально порита підземеллями — тут внизу зберігаються колосальні обсяги краденого. Товарів на сотні тисяч євро! Цілі піддони брендового одягу, техніки, навіть автонавантажувач для внутрішньої логістики. Як давно існує цей склад і наскільки глибоко сягає ця мережа?
Запитання: Звідки надходять ці товари?","Едва спустившись, мы слышим шаги. Мы ныряем в темный угол и наблюдаем, как Дженнифер тащит вверх по лестнице свой явно тяжело нагруженный чемодан на колесиках. Когда она уходит, мы осматриваемся в тишине. Настоящее безумие! Вся территория Spooky Festival буквально изрыта подземельями — здесь внизу хранятся колоссальные объемы краденого. Товаров на сотни тысяч евро! Целые поддоны брендовой одежды, техники, даже автопогрузчик для внутренней логистики. Как давно существует этот склад и насколько глубоко уходит эта сеть?
Вопрос: Откуда поступают эти товары?"
4-16,answer,,"Auf Sonderkarte 4.14 zeigen diverse Kartons und Kisten dasselbe Emblem: ein schwarzes H mit blauer Welle. An was erinnert uns das? An das Logo der Hafengesellschaft „HARBAR HARBOUR“, das wir bereits auf einigen Schiffscontainern und den Kränen des Hafenterminals gesehen haben. Die Produkte kommen also vom Hafen. Klar, macht Sinn: die unmittelbare Nähe, möglicherweise Insider beim Hafenpersonal. Hatte Gus nicht erwähnt, dass er dort arbeitet? Und Tick demnächst auch? Es würde uns nicht wundern, wenn die komplette Familie Szabó in die Sache verstrickt ist. Jede Wette, dass sie die Waren geschickt abzwecken!","On special card 4.14, various boxes and crates show the same emblem: a black H with a blue wave. What does that remind us of? The logo of the port company 'HARBAR HARBOUR', which we've already seen on several shipping containers and cranes at the port terminal. So the products come from the harbor. Sure, makes sense: immediate proximity, possibly insiders among the port staff. Didn't Gus mention he works there? And Tick soon too? We wouldn't be surprised if the entire Szabó family is involved in this. Bet they cleverly siphoned the goods off!","На спеціальній карті 4.14 на різних коробках та ящиках видно один і той самий символ: чорна літера H із синьою хвилею. Що це нам нагадує? Логотип портової компанії «HARBAR HARBOUR», який ми вже бачили на вантажних контейнерах та кранах портового терміналу. Значить, товари надходять із порту. Все логічно: близькість розташування, свої люди серед персоналу порту. Хіба Гус не згадував, що працює там? І Тік теж збирався? Не дивно, якщо вся родина Сабо по вуха в цьому замішана. Б'ємося об заставу, що вони спритно цуплять вантажі!","На специальной карте 4.14 на различных коробках и ящиках виден один и тот же символ: черная буква H с синей волной. Что это нам напоминает? Логотип портовой компании «HARBAR HARBOUR», который мы уже видели на грузовых контейнерах и кранах портового терминала. Значит, товары поступают из порта. Всё сходится: близость расположения, свои люди среди персонала порта. Разве Гус не упоминал, что работает там? И Тик тоже собирался? Не удивительно, если вся семейка Сабо по уши в этом замешана. Бьемся об заклад, что они ловко умыкают грузы!"
4-17,question,1,"Unser Zustand verschlechtert sich. Die grüne „Spooky Sauce“ muss vergiftet gewesen sein! Oder mit Rauschmitteln versetzt. Will uns hier etwa jemand außer Gefecht setzen? Achtung, Spielanweisung: Dreht die vier Faltpläne um 180 Grad und stellt bzw. haltet sie ab jetzt kopfüber! Wir schlucken diverse Allzweckwaffe: gute, alte Kohletabletten. Mal schauen, ob's was bringt. Schwankend geht's die Treppe hoch. Verdammt, die Tür lässt sich von innen nicht mehr öffnen! Und unsere Handys und Funkgeräte haben hier unten keinen Empfang. Nach kurzer Überlegung sind wir trotzdem sicher, dass es noch einen anderen Ausgang gibt.
Frage: Warum?","Our condition is worsening. The green 'Spooky Sauce' must have been poisoned! Or laced with drugs. Is someone trying to put us out of action? Attention, game instructions: turn the four folding maps 180 degrees and hold them upside down from now on! We swallow our all-purpose weapon: good old charcoal tablets. Let's see if it does any good. Staggering, we head up the stairs. Damn, the door can no longer be opened from the inside! And our cell phones and walkie-talkies have no reception down here. After a brief thought, we are still certain there is another exit.
Question: Why?","Наше самопочуття погіршується. Зелений соус «Spooky Sauce», мабуть, був отруєний! Або змішаний із наркотиками. Хтось хоче вивести нас із ладу? Увага, ігрова вказівка: переверніть усі чотири складені карти на 180 градусів і з цього моменту тримайте їх догори дриґом! Ми ковтаємо нашу універсальну зброю — старе добре активоване вугілля. Подивимося, чи допоможе це. Похитуючись, ми піднімаємося сходами. Чорт, двері зсередини більше не відчиняються! І мобільні телефони та рації тут внизу не ловлять. Менше з тим, трохи подумавши, ми впевнені, що є інший вихід.
Запитання: Чому?","Наше самочувствие ухудшается. Зеленый соус «Spooky Sauce», должно быть, был отравлен! Или смешан с наркотиками. Кто-то хочет вывести нас из строя? Внимание, игровое указание: переверните все четыре сложенные карты на 180 градусов и с этого момента держите их вверх ногами! Мы глотаем наше универсальное оружие — старые добрые активированные угли. Посмотрим, поможет ли это. Пошатываясь, мы поднимаемся по лестнице. Черт, дверь изнутри больше не открывается! И наши мобильные телефоны и рации здесь внизу не ловят. Тем не менее, немного подумав, мы уверены, что есть другой выход.
Вопрос: Почему?"
4-18,answer,,"Große Kisten, Paletten, ein Gabelstapler? Dafür sind die schmalen Gänge durch das Spiegellabyrinth völlig ungeeignet. Irgendwo muss es also noch einen größeren Zugang geben. Hatten wir draußen nicht vorhin noch andere Luken entdeckt? Wir suchen die bröckelnde, hier und da notdürftig mit maroden Stützpfeilern abgesicherte Felsenhalle ab. Die Bauaufsichtsbehörde wird uns hiervon in Kenntnis setzen. Tada! Wir finden die Luken. Doch leider sind auch sie allesamt von außen fest verriegelt. Rosa Grusel-Elefanten lachen uns aus ...","Large boxes, pallets, a forklift? The narrow corridors through the mirror maze are completely unsuitable for that. So there must be another, larger entrance somewhere. Didn't we discover other hatches outside earlier? We search the crumbling rock hall, makeshift-secured here and there with rotten support pillars. The building inspection authority would have had a word to say about this. Tada! We find the hatches. But unfortunately, they are all firmly locked from the outside. Pink spooky elephants laugh at us...","Величезні ящики, піддони, автонавантажувач? Вузькі проходи дзеркального лабіринту зовсім непридатні для цього. Отже, десь тут має бути інший, ширший в'їзд. Хіба ми не знаходили на вулиці інші люки? Ми обшукуємо кам'яну залу, яка осипається і подекуди поспіхом укріплена гнилими дерев'яними підпірками. Органи будівельного нагляду явно були б у шоці. Та-да! Ми знаходимо люки. Але, на жаль, усі вони наглухо замкнені ззовні. Рожеві моторошні слони сміються з нас...","Огромные ящики, поддоны, автопогрузчик? Узкие проходы зеркального лабиринта совершенно непригодны для этого. Значит, где-то здесь должен быть другой, более широкий въезд. Разве мы не находили на улице другие люки? Мы обыскиваем осыпающийся каменный зал, кое-где наспех укрепленный гнилыми деревянными подпорками. Органы строительного надзора явно были бы в шоке. Та-да! Мы находим люки. Но, к сожалению, все они наглухо заперты снаружи. Розовые жуткие слоны смеются над нами..."
4-19,question,2,"Wir lassen uns nicht entmutigen und finden einen alten, rostigen Lüftungsschacht, über den wir mühsam hinausklettern können. Hatten wir schon erwähnt, dass wir klaustrophobisch sind?! Mit dem Gelächter der rosa Grusel-Elefanten im Ohr verfluchen wir die Szabós: Spätestens für diese unfreiwillige Form der Angsttherapie werden wir sie alle drankriegen!
Frage: Wo auf dem Gelände kommen wir wieder raus?","We don't let ourselves get discouraged and find an old, rusty ventilation shaft through which we can laboriously climb out. Did we mention that we are claustrophobic?! With the laughter of the pink spooky elephants in our ears, we curse the Szabós: at the very least, we will get them all for this involuntary form of anxiety therapy!
Question: Where on the grounds do we come out again?","Ми не втрачаємо надії і знаходимо стару iржаву вентиляційну шахту, через яку насилу вибираємося назовні. Ми вже згадували, що страждаємо на клаустрофобію?! Із безперервним сміхом рожевих моторошних слонів у вухах ми проклинаємо родину Сабо: за цю примусову шокову терапію ми їх точно всіх засадимо!
Запитання: Де саме на території парку ми виберемося назовні?","Мы не унываем и находим старую ржавую вентиляционную шахту, через которую с трудом выбираемся наружу. Мы уже упоминали, что страдаем клаустрофобией?! С непрекращающимся смехом розовых жутких слонов в ушах мы проклинаем семейку Сабо: уж за эту принудительную шоковую терапию мы их точно всех засадим!
Вопрос: Где именно на территории парка мы выберемся наружу?"
4-20,answer,,"Fast alle Lüftungsschächte auf unseren Faltplänen sehen glänzend neu aus. Nur ein einziger wirkt alt und rostig: der neben „Joe’s Tacos“. Wir kriechen ins Freie und klopfen uns entnervt den Staub und die Spinnweben von der Kleidung. Am liebsten würden wir den kompletten Laden hier sofort hochnehmen! Aber Gut Ding will bekanntlich Weile haben. Erst müssen wir noch Deborah Szabó finden – sie erscheint uns als das letzte, noch fehlende Puzzleteil. Wir schauen uns um – alles so schön bunt hier draußen!","Almost all ventilation shafts on our folding maps look shiny and new. Only a single one looks old and rusty: the one next to 'Joe's Tacos'. We crawl into the open and, annoyed, brush the dust and cobwebs off our clothes. We'd love to bust this whole place right now! But as they say, good things take time. First, we still have to find Deborah Szabó – she seems to us like the last missing puzzle piece. We look around – everything is so beautifully colorful out here!","Майже всі вентиляційні шахти на наших складених картах виглядають блискучими та новими. Тільки одна здається старою та іржавою — та, що розташована поруч із закусочною «Joe’s Tacos». Ми виповзаємо назовні та роздратовано обтрушуємо з одягу пил і павутиння. Понад усе нам хочеться негайно прикрити всю цю лавочку! Але, як відомо, добрі справи поспіху не люблять. Спочатку нам потрібно знайти Дебору Сабо — вона здається нам останньою недостатньою деталлю пазла. Ми озираємося навколо — усе на вулиці таке гарне й кольорове!","Почти все вентиляционные шахты на наших сложенных картах выглядят блестящими и новыми. Только одна кажется старой и ржавой — та, что находится рядом с закусочной «Joe’s Tacos». Мы выползаем наружу и раздраженно отряхиваем с одежды пыль и паутину. Больше всего на свете нам хочется немедленно прикрыть всю эту лавочку! Но, как известно, поспешишь — людей насмешишь. Сначала нам нужно найти Дебору Сабо — она кажется нам последним недостающим фрагментом головоломки. Мы оглядываемся вокруг — всё на улице такое красивое и разноцветное!"
4-21,question,1,"Leider haben wir nach wie vor keinen blassen Schimmer, wo Deborah steckt und ob sie überhaupt noch am Leben ist. Immerhin: Die Halluzinationen lassen inzwischen etwas nach, aber von Entwarnung kann noch nicht die Rede sein. Wir resümieren noch einmal kurz die Tatorte der heutigen Sabotageakte: Los ging es am Slush-Eis-Automat. Es folgten Toiletten, Kinderkarussell, Flamingo-Gehege und Riesenrad. Ein lauter Schmerzensschrei vom „Hau den Lukas“ am Haupteingang lässt uns aufschrecken.
Frage: Von wem kommt der Schrei?","Unfortunately, we still have no clue where Deborah is and if she is even still alive. At least the hallucinations are starting to subside a bit, but we can't sound the all-clear yet. We briefly recap the crime scenes of today's sabotage acts: it started at the slush ice machine, followed by the toilets, children's carousel, flamingo enclosure, and Ferris wheel. A loud shriek of pain from the 'High Striker' at the main entrance startles us.
Question: From whom does the scream come?","На жаль, ми досі поняття не маємо, де ховається Дебора і чи жива вона взагалі. Принаймні галюцинації нарешті починають спадати, хоча розслаблятися ще зарано. Ми швидко аналізуємо місця сьогоднішніх диверсій: усе почалося з автомата зі слаш-айсом, потім були туалети, дитяча карусель, вольєр із фламінго та колесо огляду. Раптом голосний крик болю з боку силоміра «Hau den Lukas» біля головного входу змушує нас здригнутися.
Запитання: Хто кричить?","К сожалению, мы по-прежнему понятия не имеем, где скрывается Дебора и жива ли она вообще. По крайней мере, галлюцинации наконец начинают спадать, хотя расслабляться пока рано. Мы быстро анализируем места сегодняшних диверсий: всё началось с автомата со слаш-айсом, затем были туалеты, детская карусель, вольер с фламинго и колесо обозрения. Вдруг громкий крик боли со стороны силомера «Hau den Lukas» у главного входа заставляет нас вздрогнуть.
Вопрос: Кто кричит?"
4-22,answer,,"Vor dem kleinen „Hau den Lukas“ am Haupteingang ist ein Mann mit Holzbein in eine Bärenfalle getappt! Dummerweise nicht mit seinem Holzbein, sondern mit seinem gesunden Bein. Auf dem Boden hat sich eine große Blutlache gebildet. Wir verständigen Feuerwehr und Rettungsdienst. Der Mann scheint hart im Nehmen zu sein und stellt sich uns als „Starker Otto“ vor. Sein anderes Bein hat er angeblich bei einem Haiangriff verloren. Sachen gibt’s ... Aber hey: eine Bärenfalle, ernsthaft?! Sechster Sabotageakt! Tatort: Hau den Lukas.","In front of the small 'High Striker' (Hau den Lukas) at the main entrance, a man with a wooden leg has stepped into a bear trap! Unfortunately, not with his wooden leg, but with his healthy leg. A large pool of blood has formed on the ground. We contact the fire department and rescue services. The man seems tough as nails and introduces himself to us as 'Strong Otto'. He claims to have lost his other leg in a shark attack. The things you hear ... But hey: a bear trap, seriously?! Sixth act of sabotage! Crime scene: High Striker.","Перед маленьким силоміром «Hau den Lukas» біля головного входу чоловік із дерев'яним протезом потрапив у ведмежий капкан! На жаль, не дерев'яним протезом, а своєю здоровою ногою. На землі утворилася велика калюжа крові. Ми викликаємо пожежників та швидку допомогу. Чоловік, здається, зроблений зі сталі — він відрекомендовується як «Сильний Отто». Свою другу ногу він нібито втратив під час нападу акули. Чого тільки не буває... Але стримайтеся: ведмежий капкан, серйозно?! Шостий саботаж! Місце злочину: силомір Hau den Lukas.","Перед маленьким силомером «Hau den Lukas» у главного входа мужчина с деревянным протезом угодил в медвежий капкан! К несчастью, не деревянным протезом, а своей здоровой ногой. На земле образовалась большая лужа крови. Мы вызываем пожарных и скорую помощь. Мужчина, кажется, сделан из стали — он представляется нам как «Сильный Отто». Свою вторую ногу он якобы потерял при нападении акулы. Чего только не бывает... Но постойте: медвежий капкан, серьезно?! Шестой саботаж! Место преступления: силомер Hau den Lukas."
4-23,image,,"
",,,
4-24,question,1,"Erste gute Neuigkeit: Die Halluzinationen sind so gut wie weg, unsere guten, alten Kohletabletten haben die Dämonen der „Spooky Sauce“ besiegt! Achtung, Spielanweisung: Dreht die vier Faltpläne zurück und haltet sie ab jetzt wieder richtig herum!
Nun also: Mit klarem Kopf weiter im Text. Rasch erkennen wir, dass noch weitere Fallen ausgelegt wurden. Zweite gute Neuigkeit: Wie es der Zufall so will, kommt uns der oder die Täter*in sogar triumphierend mit einer weiteren Falle in der Hand entgegengehüpft!
Frage: Um wen handelt es sich?","First piece of good news: the hallucinations are virtually gone; our good old charcoal tablets have defeated the demons of the 'Spooky Sauce'! Attention, game instructions: turn the four folding maps back and hold them right side up from now on!
So, with a clear head, let's move on. We quickly realize that even more traps have been set. Second piece of good news: as luck would have it, the culprit is actually hopping triumphantly right toward us with another trap in hand!
Question: Who is it?","Перша хороша новина: галюцинації практично минули, наше добре старе активоване вугілля перемогло демонів «Spooky Sauce»! Увага, ігрова вказівка: переверніть усі чотири складені карти назад і з цього моменту тримайте їх правильно!
Отже, продовжимо з ясною головою. Ми швидко помічаємо, що було розставлено ще більше пасток. Друга хороша новина: як на гріх, сам злочинець тріумфально стрибає прямо нам назустріч із ще одним капканом у руках!
Запитання: Хто це?","Первая хорошая новость: галлюцинации практически прошли, наши добрые старые активированные угли победили демонов «Spooky Sauce»! Внимание, игровое указание: переверните все четыре сложенные карты обратно и с этого момента держите их правильно!
Итак, продолжим с ясной головой. Мы быстро замечаем, что было расставлено еще больше ловушек. Вторая хорошая новость: как назло, сам преступник триумфально прыгает прямо нам навстречу с еще одним капканом в руках!
Вопрос: Кто это?"
4-25,answer,,"Safety first: Wir entschärfen kurzerhand die weiteren fünf ausgelegten Bärenfallen. Dann widmen wir uns der Person, die die Fallen ausgelegt hat. In dem markanten, gelben Raumanzug steckt – Trommelwirbel – die seit zwei Tagen vermisste Deborah Szabó! Kaum zu glauben, aber wahr: Deborah Szabó – die älteste Tochter von Opa Walt, Mutter von Ella, Olivia und Tick! Trotz Kostümierung erkennen wir ihr markantes Gesicht auf dem Stammbaumfoto wieder. Als sie uns sieht, macht sie keinerlei Anstalten zu fliehen. Zeit für unseren „Signature Move“: Handschellen klicken lassen.","Safety first: we quickly defuse the other five set bear traps. Then we turn our attention to the person who set them. In the striking yellow spacesuit is – drumroll – Deborah Szabó, who has been missing for two days! Hard to believe, but true: Deborah Szabó – the oldest daughter of Grandpa Walt, mother of Ella, Olivia, and Tick! Despite the costume, we recognize her distinctive face from the family tree photo. When she sees us, she makes no attempt to flee. Time for our 'signature move': clicking the handcuffs shut.","Безпека понад усе: ми без зайвих слів знешкоджуємо інші п'ять розставлених ведмежих капканів. Потім ми звертаємо увагу на людину, яка їх розставила. У помітному жовтому скафандрі ховається — барабанний дріб — зникла два дні тому Дебора Сабо! Неймовірно, але факт: Дебора Сабо — старша донька дідуся Уолта, мати Елли, Олівії та Тіка! Попри маскування, ми впізнаємо її характерне обличчя за фотографією на генеалогічному древі. Побачивши нас, вона навіть не намагається втекти. Час для нашого «коронного прийому»: замикаємо кайдани.","Безопасность прежде всего: мы без лишних слов обезвреживаем остальные пять расставленных медвежьих капканов. Затем мы переключаем внимание на человека, который их расставил. В приметном желтом скафандре скрывается — барабанная дробь — пропавшая два дня назад Дебора Сабо! Невероятно, но факт: Дебора Сабо — старшая дочь дедушки Уолта, мать Эллы, Оливии и Тика! Несмотря на маскировку, мы узнаем её характерное лицо по фотографии на генеалогическом древе. При виде нас она даже не пытается бежать. Время для нашего «коронного приема»: защелкиваем наручники."
4-26,question,3,"Zerknirscht fängt Deborah an zu gestehen: „Ach was soll’s, ich hab eh genug von all dem hier. Ja, ich war’s! Ich hab eure blöde Pommes Sauce „nachgewürzt“. Ich bin es, die hinter der ganzen Sabotage steckt! Heimlich, still und leise habe ich zugeschlagen. Warum? Tja, da muss ich etwas weiter ausholen: Das Spooky Festival hatte damals eine herrliche Blütezeit. Doch die Welt ist im Wandel. Irgendwann war unser Konzept nicht mehr „cool“ genug – immer weniger Leute kamen. ...“ Wir lauschen gebannt. Da fällt uns etwas auf: Zauberei! Deborah ist schon die ganze Zeit über an allen sechs Tatorten mehr oder weniger gut versteckt in Erscheinung getreten!
Frage: Entdecken wir sie auf unseren Faltplänen an mindestens vier Tatorten wieder?","Contritely, Deborah begins to confess: 'Oh well, I've had enough of all this anyway. Yes, it was me! I ""seasoned"" your stupid french fries sauce. I am the one behind all the sabotage! Secretly, quietly, and softly I struck. Why? Well, I have to go back a bit: The Spooky Festival had a wonderful heyday back then. But the world is changing. At some point, our concept was no longer ""cool"" enough – fewer and fewer people came. ...' We listen spellbound. Then we notice something: magic! Deborah has been appearing more or less well-hidden at all six crime scenes the entire time!
Question: Do we discover her on our folding maps at least at four crime scenes?","Пригнічено Дебора починає зізнаватися: «Та грець із ним, мені все одно все це набридло. Так, це була я! Я ""приправила"" ваш дурний соус для картоплі фрі. Саме я стою за всіма диверсіями! Я діяла таємно, тихо й непомітно. Чому? Ну, тут треба почати здалеку: Spooky Festival колись мав чудові часи. Але світ змінюється. У якийсь момент наша концепція перестала бути ""крутою"" — приходило все менше людей...» Ми слухаємо затамувавши подих. І тут ми дещо помічаємо: справжня магія! Дебора весь цей час так чи інакше з'являлася на всіх шести місцях злочинів, будучи більш-менш добре захованою!
Запитання: Чи знайдемо ми її на наших складених картах щонайменше на чотирьох місцях злочинів?","Сокрушенно Дебора начинает признаваться: «Да ладно, мне всё равно всё это надоело. Да, это была я! Я ""приправила"" ваш глупый соус для картошки фри. Именно я стою за всеми саботажами! Я действовала тайно, тихо и незаметно. Почему? Ну, тут нужно начать издалека: у Spooky Festival когда-то были великолепные времена. Но мир меняется. В какой-то момент наша концепция перестала быть ""крутой"" — приходило всё меньше людей...» Мы слушаем затаив дыхание. И тут мы кое-что замечаем: настоящее волшебство! Дебора всё это время так или иначе появлялась на всех шести местах преступления, будучи более или менее хорошо спрятанной!
Вопрос: Сможем ли мы найти её на наших сложенных картах как минимум на четырех местах преступлений?"
4-27,answer,,"An Tatort 6 (Hau den Lukas) sehen Süden und Osten Deborahs Arm hinter dem Pizzawagen. An Tatort 5 (Riesenrad) sieht Osten sie im Nebel. An Tatort 4 (Flamingo-Gehege) sieht Westen ihren Arm hinter dem „Fortune Teller“ Wagen. An Tatort 3 (Kinderkarussell) sehen Norden und Osten sie unter dem Baum. An Tatort 2 (Toiletten) sieht Süden ihren Arm hinter der Toilettentür. Und an Tatort 1 (Slush-Eis-Automat) sieht Norden ihre Hände am Pizzawagen klammern. Deborah erzählt weiter: „Durch den Bau des neuen Hafenterminals waren wir de facto am Ende. Da kam meinem Papa Walt die glorreiche Idee, unter dem Deckmantel des Spooky Festivals sein Hehlernetzwerk aus alten Tagen zu reaktivieren.“","At crime scene 6 (High Striker), South and East see Deborah's arm behind the pizza wagon. At crime scene 5 (Ferris wheel), East sees her in the fog. At crime scene 4 (Flamingo enclosure), West sees her arm behind the 'Fortune Teller' wagon. At crime scene 3 (Children's carousel), North and East see her under the tree. At crime scene 2 (Toilets), South sees her arm behind the toilet door. And at crime scene 1 (Slush ice machine), North sees her hands clinging to the pizza wagon. Deborah continues: 'With the construction of the new harbor terminal, we were de facto finished. Then my dad Walt had the glorious idea to reactivate his fencing network from the old days under the guise of the Spooky Festival.'","На місці злочину 6 (Силомір) гравці Південь і Схід бачать руку Дебори за фургоном із піцою. На місці 5 (Колесо огляду) гравець Схід бачить її в тумані. На місці 4 (Вольєр із фламінго) гравець Захід бачить її руку за фургоном ворожки «Fortune Teller». На місці 3 (Дитяча карусель) гравці Північ і Схід бачать її під деревом. На місці 2 (Туалети) гравець Південь бачить її руку за дверима туалету. І на місці 1 (Автомат зі слаш-айсом) гравець Північ бачить її руки, що чіпляються за фургон із піцою. Дебора продовжує розповідь: «Через будівництво нового портового терміналу ми де-факто опинилися на межі банкрутства. Тоді моєму татові Уолту спала на думку блискуча ідея — під прикриттям Spooky Festival відродити свою стару мережу скупників краденого».","На месте преступления 6 (Силомер) игроки Юг и Восток видят руку Деборы за фургоном с пиццей. На месте 5 (Колесо обозрения) игрок Восток видит её в тумане. На месте 4 (Вольер с фламинго) игрок Запад видит её руку за фургоном гадалки «Fortune Teller». На месте 3 (Детская карусель) игроки Север и Восток видят её под деревом. На месте 2 (Туалеты) игрок Юг видит её руку за дверью туалета. И на месте 1 (Автомат со слаш-айсом) игрок Север видит её руки, цепляющиеся за фургон с пиццей. Дебора продолжает рассказ: «Из-за строительства нового портового терминала мы де-факто оказались на грани разорения. Тогда моему папе Уолту пришла в голову блестящая идея — под прикрытием Spooky Festival возродить свою старую сеть скупщиков краденого»."
4-28,question,3,"Deborah kommt in Redefluss: „Die Waren purzeln unbemerkt von den Schiffen, quasi direkt vor unsere Haustür. Alle von uns hängen mit drin. Gus steuert die Beschaffung vom Hafen. Olivia und Tick akquirieren die Kundschaft. Und Ella, Betty und ich verteilen die Waren.“ Apropos Betty – wir schleifen Deborah mit zum „Fortune Teller“ Wagen. Doch Fehlanzeige, Betty ist getürmt, zum Flughafen: Auf ihrem Tisch liegt ein Reiseprospekt, daneben steht ein großes, blaues R. Uns sind bereits elf weitere 3D-Buchstaben in unterschiedlichen Farben aufgefallen. Eine versteckte Botschaft von Betty aus vier englischen Wörtern!
Frage: Wie lautet die Botschaft?","Deborah starts rambling: 'The goods tumble unnoticed from the ships, basically right in front of our doorstep. All of us are in on it. Gus manages procurement from the harbor. Olivia and Tick acquire the customers. And Ella, Betty, and I distribute the goods.' Speaking of Betty – we drag Deborah along to the 'Fortune Teller' wagon. But no luck, Betty has fled to the airport: on her table lies a travel brochure, next to which stands a large, blue R. We have already noticed eleven other 3D letters in different colors. A hidden message from Betty made of four English words!
Question: What is the message?","Дебора розговорилася: «Товари безперешкодно надходять із кораблів прямо до наших дверей. Ми всі в цьому замішані. Гус керує поставками з порту. Олівія та Тік знаходять клієнтів. А Елла, Бетті та я розподіляємо товари». До речі, про Бетті — ми тягнемо Дебору до вагончика «Fortune Teller». Але марно: Бетті втекла до аеропорту. На її столі лежить туристичний буклет, а поруч стоїть велика синя літера R. Ми вже помічали раніше ще одинадцять 3D-літер різних кольорів. Це приховане послання від Бетті з чотирьох англійських слів!
Запитання: Як звучить це послання?","Дебора разговорилась: «Товары беспрепятственно поступают с кораблей прямо к нашей двери. Мы все в этом замешаны. Гус руководит поставками из порта. Оливия и Тик находят клиентов. А Элла, Бетти и я распределяем товары». Кстати, о Бетти — мы тащим Дебору к вагончику «Fortune Teller». Но тщетно: Бетти сбежала в аэропорт. На её столе лежит туристический буклет, а рядом стоит большая синяя буква R. Мы уже замечали ранее ещё одиннадцать 3D-букв разных цветов. Это скрытое послание от Бетти из четырёх английских слов!
Вопрос: Как звучит это послание?"
4-29,answer,,"Zusätzlich zum R entdecken wir noch die folgenden elf Buchstaben: S auf Sonderkarte 4.23, T und D auf Sonderkarte 4.14. Auf den Faltplänen E (O+S), H (N+O), E (O+N), N (W+N), I (W+S), A (S+O), E (W+N) und N (S+W). Nach kurzem Puzzeln haben wir Bettys Botschaft entschlüsselt: „THE END IS NEAR“ – das Ende ist nah. Schwarzmalerische Hellseherin! „Sieht ihr ähnlich“, meint Deborah lapidar. „Na, jedenfalls: Unser Geschäft wuchs und wuchs. Also haben wir das Gelände unterhöhlt, als Lagerraum. Mir war mir schon klar, dass das alles nicht ewig gut gehen würde. Darum war ich nicht abgeneigt, als die großartige Investorengruppe der City Life Group uns ein gutes Angebot für das Grundstück gemacht hat.“","In addition to the R, we discover the following eleven letters: S on special card 4.23, T and D on special card 4.14. On the folding maps: E (O+S), H (N+O), E (O+N), N (W+N), I (W+S), A (S+O), E (W+N), and N (S+W). After a short puzzle, we decoded Betty's message: 'THE END IS NEAR' – the end is near. Gloomy fortune teller! 'Sounds like her,' Deborah says dryly. 'Well, anyway: our business grew and grew. So we hollowed out the grounds as a storage room. It was already clear to me that this wouldn't go well forever. That's why I wasn't averse when the great investor group of the City Life Group made us a good offer for the property.'","На додаток до літери R ми знаходимо наступні одинадцять літер: S на спеціальній карті 4.23, T і D на спеціальній карті 4.14. На складених картах: E (Схід+Південь), H (Північ+Схід), E (Схід+Північ), N (Захід+Північ), I (Захід+Південь), A (Південь+Схід), E (Захід+Північ) і N (Південь+Захід). Після нетривалих роздумів мы розшифрували послання Бетті: «THE END IS NEAR» (Кінець близький). Похмура провісниця! «На неї схоже», — коротко коментує Дебора. «Ну, в будь-якому разі: наш бізнес зростав і зростав. Тому ми підкопали всю територію під склад. Мені вже тоді було ясно, що вічно це тривати не може. Тому я була не проти, коли велика група інвесторів City Life Group зробила нам хорошу пропозицію щодо купівлі землі».","В дополнение к букве R мы находим следующие одиннадцать букв: S на специальной карте 4.23, T и D на специальной карте 4.14. На сложенных картах: E (Восток+Юг), H (Север+Восток), E (Восток+Север), N (Запад+Север), I (Запад+Юг), A (Юг+Восток), E (Запад+Север) и N (Юг+Запад). После недолгих размышлений мы расшифровали послание Бетти: «THE END IS NEAR» (Конец близок). Мрачная предсказательница! «На неё похоже», — коротко комментирует Дебора. «Ну, в любом случае: наш бизнес рос и рос. Поэтому мы подкопали всю территорию под склад. Мне уже тогда было ясно, что вечно это продолжаться не может. Поэтому я была не против, когда крупная группа инвесторов City Life Group сделала нам хорошее предложение по покупке земли»."
4-30,question,2,"„Aber Papa war strikt dagegen. Nur über meine Leiche, das waren seine Worte. So weit wollte ich natürlich nicht gehen. Mein Plan war es, mit kleineren Sabotageakten die Polizei ins Haus zu holen. Damit auch mein sturer Vater einsieht, dass es besser wäre, Diebstahl und Hehlerei aufzugeben und das Angebot der Investoren anzunehmen. Aber Papa blieb unbeeindruckt. Also bin ich untergetaucht, um es heute Abend nochmal richtig krachen zu lassen ...“ Wir haben vorerst genug gehört. Schnappen wir Betty, bevor sie entwischt. „Betty hasst Autos wie die Pest“, meint Deborah. Guter Hinweis.
Frage: Wie viele U-Bahn-Stationen und Umstiege sind es von hier bis zum Flughafen?","'But Dad was strictly against it. Over my dead body, those were his words. Of course, I didn't want to go that far. My plan was to bring the police in with minor acts of sabotage. So that even my stubborn father would see that it would be better to give up theft and fencing and accept the investors' offer. But Dad remained unimpressed. So I went into hiding to make things really shake tonight...' We've heard enough for now. Let's catch Betty before she slips away. 'Betty hates cars like the plague,' Deborah says. Good hint.
Question: How many subway stations and transfers is it from here to the airport?","«Але тато був категорично проти. ""Тільки через мій труп"" — ось його слова. До цього я, звісно, доводити не хотіла. Мій план полягав у тому, щоб за допомогою дрібних диверсій залучити поліцію. Щоб навіть мій упертий батько зрозумів, що краще відмовитися від крадіжок та збуту краденого і прийняти пропозицію інвесторів. Але тато залишився непохитним. Тоді я залягла на дно, щоб сьогодні ввечері влаштувати справжній переполох...» На перший раз нам достатньо. Давайте спіймаємо Бетті, поки вона не вислизнула. «Бетті ненавидить машини як чуму», — підказує Дебора. Хороша порада.
Запитання: Скільки станцій метро та пересадок відділяють нас від аеропорту?","«Но папа был категорически против. ""Только через мой труп"" — вот его слова. До этого я, конечно, доводить не хотела. Мой план заключался в том, чтобы с помощью мелких диверсий привлечь полицию. Чтобы даже мой упрямый отец понял, что лучше отказаться от краж и сбыта краденого и принять предложение инвесторов. Но папа остался непреклонен. Тогда я залегла на дно, чтобы сегодня вечером устроить настоящий переполох...» На первый раз нам достаточно. Давайте поймаем Бетти, пока она не ускользнула. «Бетти ненавидит машины как чуму», — подсказывает Дебора. Хороший совет.
Вопрос: Сколько станций метро и пересадок отделяют нас от аэропорта?"
4-31,answer,,"Übliches Prozedere – wir fügen die verschiedenen Fragmente der U-Bahn-Plane verbal zusammen, und voilà: Von der hiesigen Station Krankenhaus bis zum Flughafen sind es fünf Stationen und ein Umstieg. Wir verständigen die Flughafenpolizei, die Betty kurzerhand am Check-in in Gewahrsam nimmt. Der Moment ist gekommen, ihren noch ahnungslosen Mann Gus und die gesamte Familie Szabó samt Helfershelfern abzuführen, ohne Panik unter den Parkgästen aufkommen zu lassen. Ab aufs Dach zu Opa Walt. Er wettert direkt los: „Idiotenbande! Scheiß auf die Hehlerei. Nehmt mich ruhig fest. Aber das Spooky Festival – mein Lebenswerk – das lasse ich mir von niemandem nehmen, verstanden?!“","Usual procedure – we verbally piece together the various fragments of the subway map, and voilà: from the local 'Krankenhaus' (Hospital) station to the airport, it is five stations and one transfer. We contact the airport police, who quickly take Betty into custody at check-in. The moment has come to arrest her still unsuspecting husband Gus and the entire Szabó family along with their accomplices, without causing panic among the park guests. Off to the roof to Grandpa Walt. He immediately starts ranting: 'Bunch of idiots! Screw the fencing. Arrest me if you want. But the Spooky Festival – my life's work – I won't let anyone take that away from me, understood?!'","Звичайна процедура — ми подумки з'єднуємо різні фрагменти схеми метро, і вуаля: від нашої станції «Лікарня» (Krankenhaus) до аеропорту рівно п'ять станцій і одна пересадка. Ми зв'язуємося з поліцією аеропорту, яка без зайвого галасу затримує Бетті прямо на стійці реєстрації. Настав момент затримати її чоловіка Гуса, який поки нічого не підозрює, та всю родину Сабо разом із спільниками, не сіючи паніки серед відвідувачів парку. Піднімімося на дах до дідуся Уолта. Він одразу вибухає криком: «Банда ідіотів! Плевать на збут краденого. Заарештовуйте мене скільки хочете. Але Spooky Festival — справа всього мого життя — я нікому не віддам, зрозуміло?!»","Обычная процедура — мы мысленно соединяем различные фрагменты схемы метро, и вуаля: от нашей станции «Больница» (Krankenhaus) до аэропорта ровно пять станций и одна пересадка. Мы связываемся с полицией аэропорта, которая без лишнего шума задерживает Бетти прямо на стойке регистрации. Настал момент увести её пока ещё ничего не подозревающего мужа Гуса и всю семью Сабо вместе с сообщниками, не поднимая паники среди посетителей парка. Поднимемся на крышу к дедушке Уолту. Он тут же взрывается криком: «Банда идиотов! Плевать на сбыт краденого. Арестовывайте меня сколько хотите. Но Spooky Festival — дело всей моей жизни — я никому не отдам, ясно?!»"
4-32,question,2,"Opa Walt klappt das Köfferchen auf seinem Schoß auf. Sieht aus wie eine Funkzündanlage! Bevor wir ihn stoppen können, drückt er einen großen roten Knopf und lacht teuflisch auf: „Ihr Narren! Das gesamte Gelände um das Spooky Festival herum ist mit Sprengsätzen versehen. Der nächste Ball, der ins Schwarze trifft, löst die gewaltigste Explosion aus, die diese beschissene Stadt je gesehen hat! Weg mit dem Hafen, weg mit allem. Boom Junge!“ Opa Walt starrt uns herausfordernd an. Ob er nur blufft? Das Szenario scheint viel zu verrückt. Andererseits können wir nicht riskieren, dass uns hier alles um die Ohren fliegt. Wir müssen umgehend reagieren!
Frage: Was soll wo die Explosion auslösen?","Grandpa Walt opens the small briefcase on his lap. It looks like a wireless ignition system! Before we can stop him, he presses a big red button and laughs devilishly: 'You fools! The entire area around the Spooky Festival is rigged with explosives. The next ball that hits the bullseye will trigger the most powerful explosion this crappy city has ever seen! Down with the harbor, down with everything. Boom, boy!' Grandpa Walt stares at us defiantly. Is he just bluffing? The scenario seems far too crazy. On the other hand, we can't risk everything blowing up around our ears. We must react immediately!
Question: What is supposed to trigger the explosion and where?","Дідусь Уолт відкриває валізку на своїх колінах. Схоже на пульт дистанційного керування вибухом! Перш ніж ми встигаємо його зупинити, он натискає на велику червону кнопку і диявольськи регоче: «Дурні! Вся територія навколо Spooky Festival замінована. Наступний м'яч, який влучить у яблучко, викличе найпотужніший вибух, якого це кляте місто ще не бачило! Геть порт, геть усе взагалі. Бум, малюк!» Дідусь Уолт зухвало дивиться на нас. Чи він блефує? Сценарій здається надто шаленим. З іншого боку, ми не можемо ризикувати тим, що все навколо злетить у повітря. Ми повинні зреагувати негайно!
Запитання: Що і де має спровокувати вибух?","Дедушка Уолт открывает чемоданчик на своих коленях. Похоже на пульт дистанционного управления взрывом! Прежде чем мы успеваем его остановить, он нажимает на большую красную кнопку и дьявольски хохочет: «Дураки! Вся территория вокруг Spooky Festival заминирована. Следующий мяч, который попадет в яблочко, вызовет мощнейший взрыв, какого этот чертов город еще не видел! Долой порт, долой всё вообще. Бум, детка!» Дедушка Уолт вызывающе смотрит на нас. Блефует ли он? Сценарий кажется слишком безумным. С другой стороны, мы не можем рисковать тем, что всё вокруг взлетит на воздух. Мы должны среагировать немедленно!
Вопрос: Что и где должно спровоцировать взрыв?"
4-33,answer,,"Der nächste Ball, der ins Schwarze trifft – das waren Opa Walts Worte. Damit kann nur der „Dunk Tank“ gemeint sein. Der nächste Wurf ins Schwarze löst also die Explosion aus?! Das müssen wir unbedingt verhindern!",The next ball that hits the target – those were Grandpa Walt's words. This can only refer to the 'Dunk Tank'. So the next throw into the target triggers the explosion?! We must prevent this at all costs!,"Наступний м'яч, який влучить у яблучко — ось що сказав дідусь Уолт. Це може означати тільки одне: атракціон «Dunk Tank» (діжка з водою). Значить, наступний влучний кидок спровокує вибух?! Ми зобов'язані запобігти цьому будь-якою ціною!","Следующий мяч, который попадет в яблочко — вот что сказал дедушка Уолт. Это может означать только одно: аттракцион «Dunk Tank» (бочка с водой). Значит, следующий меткий бросок спровоцирует взрыв?! Мы обязаны предотвратить это любой ценой!"
4-34,question,2,"Vom Dach der Geisterbahn aus haben wir den „Dunk Tank“ gut im Blick: Ein Junge in roter Baseballjacke holt gerade zum nächsten Wurf aus. Verdammt, der Typ wirkt treffsicher. Dummerweise ist er außer Hörweite. Eine Waffe, um ihn zu stoppen, haben wir nicht. Wir sind eh miserable Schützen*innen, brauchen also auch nicht mit Gegenständen nach ihm schmeißen – wir würden sowieso nicht treffen. Achtung, Spielanweisung: Zur Beantwortung der nächsten Frage habt ihr nur Pi mal Daumen eine Minute lang Zeit! Zeitmessung in Eigenregie ...
Frage: Welche Option bleibt uns, die Katastrophe vielleicht doch noch abzuwenden?","From the roof of the haunted house, we have a good view of the 'Dunk Tank': a boy in a red baseball jacket is currently winding up for the next throw. Damn, the guy looks accurate. Unfortunately, he is out of earshot. We don't have a weapon to stop him. We are terrible marksmen anyway, so there's no point in throwing things at him – we wouldn't hit him anyway. Attention, game instructions: you only have about one minute to answer the next question! Keep track of the time yourself...
Question: What option do we have left to perhaps avert the catastrophe after all?","З даху кімнати страху нам чудово видно «Dunk Tank»: хлопчик у червоній бейсбольній куртці якраз замахується для наступного кидка. Чорт, цей хлопець виглядає дуже влучним. На жаль, він занадто далеко, щоб почути нас. Зброї, щоб його зупинити, у нас немає. Стрільці з нас теж нікудишні, тож кидати в нього чимось марно — все одно промахнемося. Увага, ігрова вказівка: на пошук відповіді на наступне запитання у вас є приблизно одна хвилина! Час засікайте самі...
Запитання: Який варіант у нас залишається, щоб спробувати запобігти катастрофі?","С крыши комнаты страха нам прекрасно виден «Dunk Tank»: мальчик в красной бейсбольной куртке как раз замахивается для следующего броска. Черт, этот парень выглядит чертовски метким. К сожалению, он слишком далеко, чтобы нас услышать. Оружия, чтобы его остановить, у нас нет. Стрелки из нас тоже никудышные, так что бросать в него чем-то бесполезно — всё равно промахнемся. Внимание, игровое указание: на поиск ответа на следующий вопрос у вас есть примерно одна минута! Время засекайте сами...
Вопрос: Какой вариант у нас остается, чтобы попытаться предотвратить катастрофу?"
4-35,answer,,"„Hot Dog Man 5“ – das ist die Lösung! Wir funken unseren Spezialagenten „Hot Dog Man 5“ an, der zwei meter neben dem „Dunk Tank“ steht. Er reagiert sofort und setzt zu einem beherzten Hechtsprung an. Gebannt verfolgen wir die Flugkurven von Ball und „Hot Dog Man 5“.","Hot Dog Man 5' – that's the solution! We radio our special agent 'Hot Dog Man 5', who is standing two meters away from the 'Dunk Tank'. He reacts instantly and makes a brave dive. Spellbound, we watch the trajectories of the ball and 'Hot Dog Man 5'.","«Хот-дог Мен 5» — ось рішення! Ми викликаємо по рації нашого спецагента «Хот-дог Мен 5», який стоїть за два метри від атракціону «Dunk Tank». Він реагує блискавично і робить відчайдушний стрибок. Затамувавши подих, ми стежимо за траєкторіями польоту м'яча та нашого «Хот-дог Мена 5».","«Хот-дог Мен 5» — вот решение! Мы вызываем по рации нашего спецагента «Хот-дог Мен 5», который стоит в двух метрах от аттракциона «Dunk Tank». Он реагирует молниеносно и совершает отчаянный прыжок. Затаив дыхание, мы следим за траекториями полета мяча и нашего «Хот-дог Мена 5»."
4-36,image,,[Bildkarte mit Hot Dog Man 5 im spektakulären Sprung],[Image card showing Hot Dog Man 5 in a spectacular leap for the ball],[Зображення Хот-дог Мена 5 у видовищному стрибку за м'ячем],[Изображение Хот-дог Мена 5 в зрелищном прыжке за мячом]
4-37,question,2,"Mit einem beherzten Sprung kann „Hot Dog Man 5“ den Ball in letzter Sekunde ablenken. Wow! Damit hat er sich soeben unsterblich gemacht – und obendrein die Stadt gerettet! Unser Held des Tages! Rumpelstilzchenhaft fluchend dreht Opa Walt sich im Rollstuhl im Kreis. Wir ketten ihn mit unserem letzten Paar Handschellen am Geländer fest, schnappen uns den Zündkoffer und rennen nach unten. Wir müssen die Sprengsätze finden und entschärfen, bevor jemand anderes noch aus Versehen „den großen Wurf“ landet. „Gebt euch keine Mühe!“, ruft uns Opa Walt hinterher. „War eh nur Spaß! Ein Bluff. F24/7. Verarsche.“
Frage: Blufft Opa Walt oder nicht?","With a courageous leap, 'Hot Dog Man 5' manages to deflect the ball at the last second. Wow! He has just made himself immortal – and saved the city to boot! Our hero of the day! Cursing like Rumpelstiltskin, Grandpa Walt spins around in his wheelchair. We chain him to the railing with our last pair of handcuffs, grab the ignition briefcase, and run downstairs. We must find and defuse the explosives before anyone else accidentally makes the 'big hit'. 'Don't bother!' Grandpa Walt calls after us. 'It was just fun anyway! A bluff. F24/7. Just kidding.'
Question: Is Grandpa Walt bluffing or not?","Сміливим стрибком «Хот-дог Мен 5» відбиває м'яч у найостаннішу секунду. Вау! Він щойно забезпечив собі безсмертну славу і, більше того, врятував місто! Наш герой дня! Дідусь Уолт крутиться на візку, лаючись як сердитий гном. Ми приковуємо його останньою парою кайданів до перил, хапаємо валізку з пультом і біжимо вниз. Потрібно знайти та знешкодити заряди, поки хтось інший випадково не влучив у мішень. «Не турбуйтеся!» — кричить нам навздогін дідусь Уолт. — «Це був жарт! Блеф. F24/7. Розвага!»
Запитання: Чи блефує дідусь Уолт?","Смелым прыжком «Хот-дог Мен 5» отбивает мяч в самую последнюю секунду. Вау! Он только что обеспечил себе бессмертную славу и, более того, спас город! Наш герой дня! Дедушка Уолт крутится на коляске, ругаясь как рассерженный гном. Мы приковываем его последней парой наручников к перилам, хватаем чемоданчик с пультом и бежим вниз. Нужно найти и обезвредить заряды, пока кто-то другой случайно не попал по мишени. «Не утруждайтесь!» — кричит нам вслед дедушка Уолт. — «Это была шутка! Блеф. F24/7. Разводка!»
Вопрос: Блефует ли дедушка Уолт?"
4-38,answer,,"Wir schauen uns den Koffer näher an. Es handelt sich tatsächlich um eine funkgesteuerte Zündanlage. Ein ohrenbetäubender Knall lässt uns und sämtliche Parkgäste aufschrecken. Nooooooo, wir kommen zu spät! Oder doch nicht? Hah, der Knall entpuppt sich bloß als Auftakt des großen Abschluss-Feuerwerks – dem traditionellen Finale des Spooky Festival Halloween-Abends. Aber natürlich! Mit F24/7 meinte Opa Walt die Typenbezeichnung Feuerwerksvorrichtung, die auf Sonderkarte 2.31 gezeigt ist. Opa Walt hat geblufft – und einfach nur per Knopfdruck das Feuerwerk gestartet. Höchst zufrieden klopfen wir uns auf die Schultern: Katastrophe abgewendet.","We examine the briefcase more closely. It is indeed a radio-controlled ignition system. A deafening bang startles us and all the park guests. Nooooo, we are too late! Or are we? Ha, the bang turns out to be just the beginning of the big closing fireworks – the traditional finale of the Spooky Festival Halloween evening. But of course! By F24/7, Grandpa Walt meant the pyrotechnic device designation shown on special card 2.31. Grandpa Walt bluffed – and simply started the fireworks at the press of a button. Highly satisfied, we pat ourselves on the back: catastrophe averted.","Ми уважно оглядаємо валізку. Це дійсно радіопульт керування. Раптом оглушливий вибух змушує нас та всіх відвідувачів здригнутися. О ніііі, ми запізнилися! Чи все-таки ні? Ха, гуркіт виявляється лише початком масштабного святкового феєрверку — традиційного фіналу хелловінського вечора на Spooky Festival. Ну звичайно ж! Під F24/7 дідусь Уолт мав на увазі маркування піротехнічної установки, показаної на спеціальній карті 2.31. Дідусь Уолт блефував — і просто запустив салют натисканням кнопки. З глибоким полегшенням ми ляскаємо один одного по плечу: катастрофу відвернуто.","Мы внимательно осматриваем чемоданчик. Это действительно радиопульт управления. Вдруг оглушительный взрыв заставляет нас и всех посетителей вздрогнуть. О неееет, мы опоздали! Или всё-таки нет? Ха, грохот оказывается всего лишь началом масштабного праздничного фейерверка — традиционного финала хэллоуинского вечера на Spooky Festival. Ну конечно же! Под F24/7 дедушка Уолт имел в виду маркировку пиротехнической установки, показанной на специальной карте 2.31. Дедушка Уолт блефовал — и просто запустил салют нажатием кнопки. С глубоким облегчением мы хлопаем друг друга по плечу: катастрофа предотвращена."
4-39,epilogue,,"„Ah, Leute?!“ Erschrocken deutet „Hot Dog Man 5“ auf ein paar Risse im Boden, die rasch größer werden. Panisch rennt unser Held davon. Kaum zu glauben: Beim Aufprall seines Sprungs muss er einen neuralgischen Punkt des viel zu stark unterhöhlten Bodens getroffen haben. Es bleibt gerade noch genug Zeit für die Evakuierung und um die Szabós hopszunehmen (nur Tick, der flinke Parcours-Läufer, entzieht sich dem Zugriff). Dann macht es RUMMS, leuchtende Kürbisse fliegen umher und das Gelände bricht in sich zusammen! Riesenrad, Karussell, Geisterbahn – alles versinkt in einer massiven Staubwolke. Drum herum stehen die evakuierten Gäste, futtern ihr Popcorn und gaffen – hübsch illuminiert vom großen Feuerwerk. Go Spooky!","'Uh, folks?!' Terrified, 'Hot Dog Man 5' points to a few cracks in the ground that are rapidly widening. Our hero runs off in panic. Hard to believe: upon landing his jump, he must have hit a critical neuralgic point of the far too heavily hollowed-out ground. There is just enough time left for evacuation and to round up the Szabós (only Tick, the nimble parkour runner, evades arrest). Then there's a huge CRASH, glowing pumpkins fly around, and the grounds collapse in on themselves! Ferris wheel, carousel, haunted house – everything sinks into a massive cloud of dust. Around it stand the evacuated guests, munching their popcorn and gawking – beautifully illuminated by the grand fireworks. Go Spooky!","«Гей, народ?!» — перелякано вказує «Хот-дог Мен 5» на тріщини в землі, які швидко розширюються. Наш герой панічно тікає. Неймовірно: приземляючись після стрибка, він, мабуть, поцілив у критичну точку крихкого, занадто сильно поритого підземеллями ґрунту! Часу вистачає якраз на те, щоб евакуювати людей та пов'язати всю родину Сабо (тільки Тік, спритний паркурник, зумів утекти). А потім лунає страшний ГУРКІТ, гарбузи, що світяться, розлітаються в усі боки, і територія парку буквально провалюється крізь землю! Колесо огляду, каруселі, кімната страху — все зникає в гігантській хмарі пилу. А навколо стоять евакуйовані гості, жують попкорн і витріщаються на видовище, гарно підсвічене святковим салютом. Go Spooky!","«Эй, народ?!» — испуганно указывает «Хот-дог Мен 5» на трещины в земле, которые быстро расширяются. Наш герой панически убегает. Невероятно: приземляясь после прыжка, он, должно быть, попал в критическую точку хрупкого, слишком сильно изрытого подземельями грунта! Времени хватает как раз на то, чтобы эвакуировать людей и повязать всё семейство Сабо (только Тик, ловкий паркурщик, сумел скрыться). А затем раздается страшный ГРОХОТ, светящиеся тыквы разлетаются во все стороны, и территория парка буквально проваливается сквозь землю! Колесо обозрения, карусели, комната страха — всё исчезает в гигантском облаке пыли. А вокруг стоят эвакуированные гости, жуют попкорн и глазеют на зрелище, красиво подсвеченное праздничным салютом. Go Spooky!"
4-40,image,,[Bildkarte mit dem Logo Spooky Festival und THE END],[Image card showing Spooky Festival logo and THE END],[Зображення з логотипом Spooky Festival та написом КІНЕЦЬ],[Изображение с логотипом Spooky Festival и надписью КОНЕЦ]